bill_id,customer_id,order_id,bill_amount,bill_date,payment_status
1,117,1074,399.0,2026-01-30,PAID
2,57,251,149.0,2026-01-30,PAID
3,224,887,199.0,2026-01-30,PAID
4,250,264,399.0,2026-01-30,PAID
5,266,802,399.0,2026-01-30,PAID
6,235,1513,149.0,2026-01-30,PAID
7,224,1070,599.0,2026-01-30,PAID
8,74,1080,399.0,2026-01-30,PAID
9,217,496,199.0,2026-01-30,PAID
10,220,1420,599.0,2026-01-30,PAID
11,294,455,399.0,2026-01-30,PAID
12,105,1087,399.0,2026-01-30,PAID
13,118,630,399.0,2026-01-30,PAID
14,123,1532,599.0,2026-01-30,PAID
15,218,1101,599.0,2026-01-30,PAID
16,279,606,149.0,2026-01-30,UNPAID
17,222,850,599.0,2026-01-30,PAID
18,136,599,599.0,2026-01-30,PAID
19,69,1083,599.0,2026-01-30,PAID
20,293,856,149.0,2026-01-30,PAID
21,169,1789,199.0,2026-01-30,PAID
22,221,756,149.0,2026-01-30,PAID
23,96,1124,399.0,2026-01-30,PAID
24,277,1231,599.0,2026-01-30,PAID
25,29,872,149.0,2026-01-30,PAID
26,166,151,199.0,2026-01-30,PAID
27,296,921,199.0,2026-01-30,PAID
28,57,253,149.0,2026-01-30,PAID
29,104,119,599.0,2026-01-30,UNPAID
30,134,270,149.0,2026-01-30,PAID
31,43,1269,199.0,2026-01-30,PAID
32,185,437,149.0,2026-01-30,UNPAID
33,70,1283,199.0,2026-01-30,PAID
34,5,339,199.0,2026-01-30,PAID
35,224,847,399.0,2026-01-30,PAID
36,128,1314,199.0,2026-01-30,PAID
37,245,82,599.0,2026-01-30,UNPAID
38,52,1465,599.0,2026-01-30,PAID
39,255,1048,399.0,2026-01-30,PAID
40,115,25,149.0,2026-01-30,PAID
41,269,1253,199.0,2026-01-30,PAID
42,264,359,599.0,2026-01-30,PAID
43,255,1348,149.0,2026-01-30,UNPAID
44,132,1060,149.0,2026-01-30,PAID
45,140,1732,399.0,2026-01-30,PAID
46,113,213,199.0,2026-01-30,UNPAID
47,260,26,149.0,2026-01-30,PAID
48,212,1478,399.0,2026-01-30,PAID
49,217,1543,199.0,2026-01-30,UNPAID
50,41,1640,199.0,2026-01-30,UNPAID
51,82,1229,149.0,2026-01-30,PAID
52,153,1662,149.0,2026-01-30,PAID
53,193,136,599.0,2026-01-30,PAID
54,137,218,149.0,2026-01-30,PAID
55,135,196,399.0,2026-01-30,PAID
56,160,373,199.0,2026-01-30,PAID
57,62,1741,599.0,2026-01-30,UNPAID
58,91,1726,599.0,2026-01-30,PAID
59,286,969,199.0,2026-01-30,UNPAID
60,4,1171,199.0,2026-01-30,PAID
61,109,1587,399.0,2026-01-30,UNPAID
62,251,230,399.0,2026-01-30,UNPAID
63,114,1578,149.0,2026-01-30,PAID
64,105,1146,599.0,2026-01-30,PAID
65,232,667,149.0,2026-01-30,PAID
66,267,449,149.0,2026-01-30,UNPAID
67,212,1487,149.0,2026-01-30,PAID
68,31,1108,149.0,2026-01-30,PAID
69,297,1600,199.0,2026-01-30,PAID
70,132,1120,599.0,2026-01-30,UNPAID
71,13,786,599.0,2026-01-30,UNPAID
72,106,1665,149.0,2026-01-30,PAID
73,14,149,399.0,2026-01-30,PAID
74,34,93,149.0,2026-01-30,PAID
75,144,307,599.0,2026-01-30,PAID
76,252,706,149.0,2026-01-30,PAID
77,118,1009,599.0,2026-01-30,UNPAID
78,60,541,399.0,2026-01-30,PAID
79,69,1582,199.0,2026-01-30,UNPAID
80,59,1100,149.0,2026-01-30,PAID
81,214,1335,599.0,2026-01-30,PAID
82,63,774,149.0,2026-01-30,PAID
83,111,714,199.0,2026-01-30,PAID
84,227,1408,149.0,2026-01-30,PAID
85,14,1065,399.0,2026-01-30,PAID
86,242,523,599.0,2026-01-30,UNPAID
87,88,252,149.0,2026-01-30,PAID
88,261,1742,599.0,2026-01-30,PAID
89,36,839,599.0,2026-01-30,PAID
90,282,1829,399.0,2026-01-30,PAID
91,31,526,399.0,2026-01-30,PAID
92,190,559,399.0,2026-01-30,PAID
93,238,1425,199.0,2026-01-30,UNPAID
94,229,1293,399.0,2026-01-30,PAID
95,235,131,199.0,2026-01-30,PAID
96,188,1473,199.0,2026-01-30,PAID
97,124,974,149.0,2026-01-30,PAID
98,253,1757,149.0,2026-01-30,PAID
99,230,178,399.0,2026-01-30,UNPAID
100,175,1320,599.0,2026-01-30,PAID
101,215,357,199.0,2026-01-30,PAID
102,167,241,199.0,2026-01-30,UNPAID
103,15,958,199.0,2026-01-30,PAID
104,277,812,599.0,2026-01-30,PAID
105,143,325,599.0,2026-01-30,PAID
106,187,17,399.0,2026-01-30,PAID
107,262,1021,199.0,2026-01-30,PAID
108,209,1768,199.0,2026-01-30,PAID
109,132,142,149.0,2026-01-30,PAID
110,42,980,599.0,2026-01-30,UNPAID
111,277,861,149.0,2026-01-30,PAID
112,7,504,399.0,2026-01-30,UNPAID
113,91,1749,149.0,2026-01-30,PAID
114,237,33,399.0,2026-01-30,PAID
115,203,1188,149.0,2026-01-30,PAID
116,266,1003,149.0,2026-01-30,PAID
117,27,633,399.0,2026-01-30,PAID
118,190,1333,399.0,2026-01-30,PAID
119,118,816,399.0,2026-01-30,PAID
120,228,900,199.0,2026-01-30,PAID
121,210,1783,149.0,2026-01-30,UNPAID
122,209,1079,199.0,2026-01-30,UNPAID
123,250,109,149.0,2026-01-30,PAID
124,183,914,599.0,2026-01-30,PAID
125,191,524,199.0,2026-01-30,PAID
126,20,1489,599.0,2026-01-30,UNPAID
127,66,1129,199.0,2026-01-30,PAID
128,49,644,599.0,2026-01-30,PAID
129,28,763,149.0,2026-01-30,PAID
130,269,686,399.0,2026-01-30,PAID
131,11,282,599.0,2026-01-30,PAID
132,120,1117,149.0,2026-01-30,PAID
133,196,428,149.0,2026-01-30,PAID
134,58,10,599.0,2026-01-30,PAID
135,29,1847,399.0,2026-01-30,PAID
136,83,146,149.0,2026-01-30,UNPAID
137,78,752,149.0,2026-01-30,PAID
138,202,98,199.0,2026-01-30,PAID
139,153,193,599.0,2026-01-30,PAID
140,15,1389,399.0,2026-01-30,PAID
141,14,1364,599.0,2026-01-30,PAID
142,47,655,149.0,2026-01-30,PAID
143,176,853,199.0,2026-01-30,PAID
144,266,243,399.0,2026-01-30,PAID
145,120,617,199.0,2026-01-30,PAID
146,230,674,399.0,2026-01-30,PAID
147,56,995,149.0,2026-01-30,PAID
148,32,167,149.0,2026-01-30,PAID
149,4,1569,599.0,2026-01-30,PAID
150,54,1416,149.0,2026-01-30,PAID
151,281,672,599.0,2026-01-30,PAID
152,14,1275,199.0,2026-01-30,UNPAID
153,142,1736,399.0,2026-01-30,UNPAID
154,147,1708,599.0,2026-01-30,PAID
155,162,1488,149.0,2026-01-30,PAID
156,156,1280,399.0,2026-01-30,PAID
157,3,956,599.0,2026-01-30,PAID
158,199,1366,399.0,2026-01-30,PAID
159,104,1715,599.0,2026-01-30,PAID
160,295,458,399.0,2026-01-30,PAID
161,147,198,399.0,2026-01-30,PAID
162,161,629,399.0,2026-01-30,PAID
163,241,413,399.0,2026-01-30,PAID
164,97,1134,149.0,2026-01-30,PAID
165,296,1175,199.0,2026-01-30,UNPAID
166,243,533,149.0,2026-01-30,UNPAID
167,201,71,149.0,2026-01-30,PAID
168,106,588,399.0,2026-01-30,PAID
169,97,1606,149.0,2026-01-30,PAID
170,34,1026,399.0,2026-01-30,PAID
171,152,1555,149.0,2026-01-30,PAID
172,190,1153,599.0,2026-01-30,PAID
173,174,1317,599.0,2026-01-30,PAID
174,202,624,149.0,2026-01-30,PAID
175,125,186,599.0,2026-01-30,PAID
176,196,626,599.0,2026-01-30,UNPAID
177,68,1264,149.0,2026-01-30,PAID
178,223,1528,199.0,2026-01-30,PAID
179,23,705,399.0,2026-01-30,PAID
180,245,480,149.0,2026-01-30,PAID
181,32,727,399.0,2026-01-30,UNPAID
182,69,280,399.0,2026-01-30,PAID
183,217,886,399.0,2026-01-30,PAID
184,170,1527,199.0,2026-01-30,UNPAID
185,189,781,399.0,2026-01-30,PAID
186,93,297,399.0,2026-01-30,PAID
187,275,1164,599.0,2026-01-30,PAID
188,165,419,199.0,2026-01-30,UNPAID
189,127,314,199.0,2026-01-30,PAID
190,42,1804,199.0,2026-01-30,PAID
191,198,1345,599.0,2026-01-30,PAID
192,155,893,399.0,2026-01-30,PAID
193,78,400,199.0,2026-01-30,PAID
194,166,1139,599.0,2026-01-30,PAID
195,256,636,149.0,2026-01-30,PAID
196,33,473,199.0,2026-01-30,PAID
197,154,1000,149.0,2026-01-30,PAID
198,84,595,149.0,2026-01-30,PAID
199,215,47,199.0,2026-01-30,PAID
200,123,1723,199.0,2026-01-30,PAID
201,13,1717,199.0,2026-01-30,PAID
202,9,813,599.0,2026-01-30,PAID
203,185,1458,149.0,2026-01-30,PAID
204,176,211,199.0,2026-01-30,PAID
205,38,1252,399.0,2026-01-30,PAID
206,67,970,149.0,2026-01-30,PAID
207,265,304,199.0,2026-01-30,PAID
208,30,15,199.0,2026-01-30,UNPAID
209,92,1800,149.0,2026-01-30,PAID
210,205,125,599.0,2026-01-30,UNPAID
211,134,77,199.0,2026-01-30,PAID
212,193,1632,149.0,2026-01-30,UNPAID
213,113,1285,599.0,2026-01-30,PAID
214,217,153,599.0,2026-01-30,PAID
215,34,1747,399.0,2026-01-30,PAID
216,115,806,149.0,2026-01-30,UNPAID
217,183,1201,599.0,2026-01-30,PAID
218,297,56,199.0,2026-01-30,PAID
219,149,590,599.0,2026-01-30,UNPAID
220,281,1628,399.0,2026-01-30,UNPAID
221,112,579,399.0,2026-01-30,PAID
222,285,946,399.0,2026-01-30,PAID
223,170,123,599.0,2026-01-30,PAID
224,277,1647,199.0,2026-01-30,PAID
225,16,1836,599.0,2026-01-30,PAID
226,212,1414,199.0,2026-01-30,PAID
227,289,885,149.0,2026-01-30,PAID
228,131,1045,149.0,2026-01-30,PAID
229,283,891,149.0,2026-01-30,PAID
230,57,468,399.0,2026-01-30,UNPAID
231,212,575,199.0,2026-01-30,PAID
232,279,333,199.0,2026-01-30,UNPAID
233,71,1429,199.0,2026-01-30,UNPAID
234,265,915,149.0,2026-01-30,PAID
235,97,189,599.0,2026-01-30,PAID
236,128,1346,199.0,2026-01-30,PAID
237,203,1306,149.0,2026-01-30,PAID
238,125,1141,149.0,2026-01-30,PAID
239,203,404,199.0,2026-01-30,PAID
240,178,1453,149.0,2026-01-30,PAID
241,170,923,599.0,2026-01-30,UNPAID
242,204,547,149.0,2026-01-30,UNPAID
243,214,997,199.0,2026-01-30,PAID
244,5,1118,199.0,2026-01-30,PAID
245,257,977,599.0,2026-01-30,PAID
246,126,578,149.0,2026-01-30,PAID
247,251,1699,149.0,2026-01-30,PAID
248,82,1123,399.0,2026-01-30,PAID
249,87,556,399.0,2026-01-30,PAID
250,41,376,599.0,2026-01-30,PAID
251,78,879,199.0,2026-01-30,PAID
252,160,723,399.0,2026-01-30,PAID
253,236,1427,599.0,2026-01-30,PAID
254,156,566,599.0,2026-01-30,PAID
255,119,515,199.0,2026-01-30,PAID
256,94,695,149.0,2026-01-30,PAID
257,231,737,149.0,2026-01-30,PAID
258,193,1542,599.0,2026-01-30,PAID
259,17,1698,149.0,2026-01-30,UNPAID
260,223,303,199.0,2026-01-30,PAID
261,220,1551,149.0,2026-01-30,PAID
262,244,1296,599.0,2026-01-30,UNPAID
263,130,1611,199.0,2026-01-30,PAID
264,170,610,399.0,2026-01-30,PAID
265,209,287,149.0,2026-01-30,PAID
266,173,165,199.0,2026-01-30,PAID
267,77,1792,599.0,2026-01-30,UNPAID
268,280,748,199.0,2026-01-30,PAID
269,8,21,599.0,2026-01-30,PAID
270,264,1630,599.0,2026-01-30,PAID
271,143,1607,599.0,2026-01-30,PAID
272,253,1056,149.0,2026-01-30,UNPAID
273,212,1729,149.0,2026-01-30,PAID
274,42,1672,199.0,2026-01-30,PAID
275,206,1156,149.0,2026-01-30,PAID
276,63,401,199.0,2026-01-30,UNPAID
277,264,281,399.0,2026-01-30,PAID
278,285,1274,199.0,2026-01-30,PAID
279,294,301,199.0,2026-01-30,PAID
280,94,181,599.0,2026-01-30,PAID
281,214,1830,399.0,2026-01-30,PAID
282,168,1412,149.0,2026-01-30,UNPAID
283,48,1701,399.0,2026-01-30,PAID
284,92,1137,599.0,2026-01-30,PAID
285,187,367,149.0,2026-01-30,PAID
286,108,1516,199.0,2026-01-30,PAID
287,122,983,149.0,2026-01-30,PAID
288,10,896,149.0,2026-01-30,PAID
289,279,1486,149.0,2026-01-30,PAID
290,203,429,149.0,2026-01-30,PAID
291,68,718,149.0,2026-01-30,PAID
292,295,1242,149.0,2026-01-30,PAID
293,62,690,399.0,2026-01-30,UNPAID
294,214,112,199.0,2026-01-30,PAID
295,126,1806,149.0,2026-01-30,PAID
296,80,694,149.0,2026-01-30,PAID
297,62,1460,599.0,2026-01-30,PAID
298,156,1211,399.0,2026-01-30,UNPAID
299,17,863,199.0,2026-01-30,PAID
300,20,1706,399.0,2026-01-30,PAID
301,269,1491,149.0,2026-01-30,PAID
302,232,954,199.0,2026-01-30,PAID
303,141,1776,599.0,2026-01-30,PAID
304,103,1575,599.0,2026-01-30,UNPAID
305,158,1561,599.0,2026-01-30,PAID
306,55,600,199.0,2026-01-30,PAID
307,133,319,599.0,2026-01-30,PAID
308,99,530,399.0,2026-01-30,PAID
309,214,1790,199.0,2026-01-30,PAID
310,209,221,399.0,2026-01-30,PAID
311,4,889,149.0,2026-01-30,PAID
312,262,435,599.0,2026-01-30,UNPAID
313,111,653,399.0,2026-01-30,PAID
314,15,1405,149.0,2026-01-30,UNPAID
315,222,913,149.0,2026-01-30,PAID
316,227,589,149.0,2026-01-30,PAID
317,139,108,199.0,2026-01-30,UNPAID
318,275,1051,399.0,2026-01-30,PAID
319,94,1089,399.0,2026-01-30,PAID
320,168,65,599.0,2026-01-30,UNPAID
321,192,52,599.0,2026-01-30,PAID
322,237,1475,199.0,2026-01-30,PAID
323,22,366,399.0,2026-01-30,UNPAID
324,203,440,199.0,2026-01-30,PAID
325,11,1017,149.0,2026-01-30,PAID
326,155,85,149.0,2026-01-30,PAID
327,72,1832,149.0,2026-01-30,PAID
328,31,1022,149.0,2026-01-30,UNPAID
329,36,1798,599.0,2026-01-30,PAID
330,284,1122,149.0,2026-01-30,PAID
331,127,1452,149.0,2026-01-30,PAID
332,188,1382,199.0,2026-01-30,PAID
333,104,1381,399.0,2026-01-30,PAID
334,52,1102,149.0,2026-01-30,UNPAID
335,159,546,149.0,2026-01-30,PAID
336,62,358,149.0,2026-01-30,PAID
337,117,1537,599.0,2026-01-30,PAID
338,83,701,149.0,2026-01-30,UNPAID
339,257,1505,599.0,2026-01-30,PAID
340,153,736,399.0,2026-01-30,PAID
341,188,1006,599.0,2026-01-30,UNPAID
342,280,278,599.0,2026-01-30,PAID
343,19,1181,149.0,2026-01-30,PAID
344,111,941,149.0,2026-01-30,PAID
345,288,875,599.0,2026-01-30,PAID
346,38,603,149.0,2026-01-30,PAID
347,36,289,399.0,2026-01-30,PAID
348,51,1602,199.0,2026-01-30,UNPAID
349,36,1819,199.0,2026-01-30,UNPAID
350,95,443,599.0,2026-01-30,PAID
351,34,892,599.0,2026-01-30,PAID
352,292,804,599.0,2026-01-30,PAID
353,211,758,199.0,2026-01-30,PAID
354,37,416,599.0,2026-01-30,UNPAID
355,206,692,149.0,2026-01-30,PAID
356,22,232,599.0,2026-01-30,PAID
357,72,1658,599.0,2026-01-30,UNPAID
358,86,427,199.0,2026-01-30,PAID
359,17,803,149.0,2026-01-30,PAID
360,49,739,149.0,2026-01-30,PAID
361,150,377,399.0,2026-01-30,PAID
362,44,1517,199.0,2026-01-30,PAID
363,46,1091,149.0,2026-01-30,PAID
364,76,184,149.0,2026-01-30,PAID
365,144,24,399.0,2026-01-30,PAID
366,138,1639,399.0,2026-01-30,PAID
367,140,1235,399.0,2026-01-30,PAID
368,227,68,149.0,2026-01-30,PAID
369,50,1265,399.0,2026-01-30,PAID
370,266,652,599.0,2026-01-30,PAID
371,72,535,199.0,2026-01-30,PAID
372,227,1233,399.0,2026-01-30,PAID
373,16,565,149.0,2026-01-30,PAID
374,159,728,399.0,2026-01-30,PAID
375,204,456,399.0,2026-01-30,PAID
376,49,300,599.0,2026-01-30,PAID
377,7,1812,199.0,2026-01-30,PAID
378,265,928,599.0,2026-01-30,PAID
379,16,1052,149.0,2026-01-30,PAID
380,275,1629,599.0,2026-01-30,PAID
381,244,256,149.0,2026-01-30,PAID
382,169,216,399.0,2026-01-30,PAID
383,225,202,199.0,2026-01-30,PAID
384,214,987,149.0,2026-01-30,PAID
385,282,865,399.0,2026-01-30,UNPAID
386,183,266,599.0,2026-01-30,PAID
387,158,1755,199.0,2026-01-30,PAID
388,245,809,199.0,2026-01-30,PAID
389,297,8,599.0,2026-01-30,PAID
390,136,483,399.0,2026-01-30,PAID
391,241,1839,399.0,2026-01-30,PAID
392,139,1815,599.0,2026-01-30,PAID
393,183,1432,149.0,2026-01-30,PAID
394,60,305,399.0,2026-01-30,PAID
395,3,1501,599.0,2026-01-30,UNPAID
396,228,80,399.0,2026-01-30,UNPAID
397,239,1721,199.0,2026-01-30,PAID
398,180,881,599.0,2026-01-30,PAID
399,277,1595,149.0,2026-01-30,PAID
400,152,318,149.0,2026-01-30,PAID
401,85,683,399.0,2026-01-30,PAID
402,181,312,199.0,2026-01-30,UNPAID
403,293,542,199.0,2026-01-30,PAID
404,150,1341,599.0,2026-01-30,PAID
405,152,1270,599.0,2026-01-30,PAID
406,47,876,199.0,2026-01-30,PAID
407,42,685,399.0,2026-01-30,PAID
408,213,1525,399.0,2026-01-30,PAID
409,15,1213,399.0,2026-01-30,PAID
410,119,1564,149.0,2026-01-30,UNPAID
411,291,1415,149.0,2026-01-30,PAID
412,7,1301,199.0,2026-01-30,PAID
413,13,1753,199.0,2026-01-30,PAID
414,275,110,399.0,2026-01-30,PAID
415,45,175,399.0,2026-01-30,PAID
416,151,1418,199.0,2026-01-30,PAID
417,169,1342,199.0,2026-01-30,UNPAID
418,251,1128,149.0,2026-01-30,UNPAID
419,235,99,149.0,2026-01-30,PAID
420,264,699,149.0,2026-01-30,PAID
421,22,313,599.0,2026-01-30,PAID
422,282,94,199.0,2026-01-30,PAID
423,80,1762,399.0,2026-01-30,PAID
424,75,1322,199.0,2026-01-30,PAID
425,122,1588,199.0,2026-01-30,PAID
426,15,162,599.0,2026-01-30,PAID
427,282,30,399.0,2026-01-30,PAID
428,10,1778,599.0,2026-01-30,PAID
429,219,1684,399.0,2026-01-30,PAID
430,79,1050,599.0,2026-01-30,UNPAID
431,101,585,149.0,2026-01-30,PAID
432,77,1764,149.0,2026-01-30,PAID
433,139,122,599.0,2026-01-30,PAID
434,44,1267,149.0,2026-01-30,PAID
435,9,62,149.0,2026-01-30,UNPAID
436,272,762,149.0,2026-01-30,PAID
437,202,531,599.0,2026-01-30,PAID
438,32,1040,149.0,2026-01-30,UNPAID
439,98,1581,149.0,2026-01-30,PAID
440,136,390,399.0,2026-01-30,PAID
441,230,1426,399.0,2026-01-30,PAID
442,63,1244,149.0,2026-01-30,UNPAID
443,154,1511,149.0,2026-01-30,PAID
444,145,1130,599.0,2026-01-30,PAID
445,52,988,399.0,2026-01-30,PAID
446,251,560,149.0,2026-01-30,UNPAID
447,206,185,199.0,2026-01-30,PAID
448,295,1492,599.0,2026-01-30,PAID
449,122,1057,149.0,2026-01-30,UNPAID
450,155,545,149.0,2026-01-30,UNPAID
451,55,940,199.0,2026-01-30,PAID
452,118,697,199.0,2026-01-30,PAID
453,258,487,399.0,2026-01-30,PAID
454,44,1761,599.0,2026-01-30,UNPAID
455,145,1767,399.0,2026-01-30,PAID
456,256,1433,399.0,2026-01-30,PAID
457,276,553,149.0,2026-01-30,PAID
458,20,1730,599.0,2026-01-30,UNPAID
459,42,1190,199.0,2026-01-30,PAID
460,184,1339,399.0,2026-01-30,PAID
461,58,831,199.0,2026-01-30,PAID
462,210,811,599.0,2026-01-30,UNPAID
463,128,1198,199.0,2026-01-30,PAID
464,288,446,599.0,2026-01-30,UNPAID
465,72,155,399.0,2026-01-30,PAID
466,194,434,199.0,2026-01-30,PAID
467,234,417,199.0,2026-01-30,PAID
468,133,1115,199.0,2026-01-30,PAID
469,290,710,399.0,2026-01-30,UNPAID
470,72,605,149.0,2026-01-30,PAID
471,295,587,399.0,2026-01-30,PAID
472,216,1327,199.0,2026-01-30,PAID
473,297,1240,399.0,2026-01-30,UNPAID
474,21,1646,399.0,2026-01-30,UNPAID
475,74,604,199.0,2026-01-30,PAID
476,151,1262,199.0,2026-01-30,PAID
477,12,842,599.0,2026-01-30,PAID
478,115,961,149.0,2026-01-30,PAID
479,69,97,149.0,2026-01-30,UNPAID
480,103,1438,199.0,2026-01-30,UNPAID
481,124,639,599.0,2026-01-30,PAID
482,202,187,149.0,2026-01-30,UNPAID
483,2,1367,599.0,2026-01-30,PAID
484,39,1770,599.0,2026-01-30,PAID
485,276,1623,599.0,2026-01-30,PAID
486,31,1504,199.0,2026-01-30,UNPAID
487,239,351,149.0,2026-01-30,UNPAID
488,277,1142,199.0,2026-01-30,PAID
489,289,386,149.0,2026-01-30,PAID
490,41,302,399.0,2026-01-30,PAID
491,268,126,399.0,2026-01-30,PAID
492,255,1313,599.0,2026-01-30,PAID
493,16,506,599.0,2026-01-30,PAID
494,179,968,199.0,2026-01-30,PAID
495,154,336,399.0,2026-01-30,PAID
496,253,378,599.0,2026-01-30,PAID
497,191,369,149.0,2026-01-30,PAID
498,6,1176,399.0,2026-01-30,PAID
499,184,788,199.0,2026-01-30,PAID
500,10,1413,149.0,2026-01-30,PAID
501,45,1008,399.0,2026-01-30,PAID
502,217,1423,149.0,2026-01-30,PAID
503,59,1055,399.0,2026-01-30,PAID
504,245,826,199.0,2026-01-30,PAID
505,256,1652,199.0,2026-01-30,UNPAID
506,214,1406,149.0,2026-01-30,PAID
507,178,464,149.0,2026-01-30,PAID
508,34,1745,149.0,2026-01-30,PAID
509,184,1392,149.0,2026-01-30,PAID
510,176,477,599.0,2026-01-30,PAID
511,150,1169,399.0,2026-01-30,PAID
512,49,1165,149.0,2026-01-30,PAID
513,114,1075,599.0,2026-01-30,PAID
514,292,973,149.0,2026-01-30,PAID
515,219,845,149.0,2026-01-30,PAID
516,186,1291,149.0,2026-01-30,UNPAID
517,221,1813,199.0,2026-01-30,PAID
518,188,1441,599.0,2026-01-30,PAID
519,70,406,199.0,2026-01-30,PAID
520,97,76,599.0,2026-01-30,PAID
521,279,1163,199.0,2026-01-30,PAID
522,107,334,149.0,2026-01-30,PAID
523,29,1098,599.0,2026-01-30,PAID
524,64,1238,399.0,2026-01-30,PAID
525,214,591,199.0,2026-01-30,PAID
526,300,273,199.0,2026-01-30,PAID
527,21,521,599.0,2026-01-30,PAID
528,201,1461,599.0,2026-01-30,PAID
529,152,79,599.0,2026-01-30,PAID
530,146,450,149.0,2026-01-30,PAID
531,140,715,399.0,2026-01-30,PAID
532,294,1711,149.0,2026-01-30,PAID
533,157,481,399.0,2026-01-30,UNPAID
534,248,1309,149.0,2026-01-30,PAID
535,257,1234,599.0,2026-01-30,PAID
536,13,192,399.0,2026-01-30,PAID
537,108,1648,149.0,2026-01-30,PAID
538,200,271,199.0,2026-01-30,UNPAID
539,57,1221,599.0,2026-01-30,PAID
540,17,1347,149.0,2026-01-30,PAID
541,18,1716,399.0,2026-01-30,PAID
542,23,794,149.0,2026-01-30,PAID
543,43,1459,399.0,2026-01-30,PAID
544,161,1535,399.0,2026-01-30,PAID
545,253,607,599.0,2026-01-30,PAID
546,51,1683,599.0,2026-01-30,UNPAID
547,130,387,599.0,2026-01-30,PAID
548,31,932,149.0,2026-01-30,UNPAID
549,158,84,199.0,2026-01-30,PAID
550,177,1610,149.0,2026-01-30,PAID
551,100,1634,149.0,2026-01-30,PAID
552,76,1641,399.0,2026-01-30,PAID
553,217,1560,199.0,2026-01-30,PAID
554,240,74,599.0,2026-01-30,PAID
555,82,509,199.0,2026-01-30,PAID
556,163,6,149.0,2026-01-30,UNPAID
557,239,488,599.0,2026-01-30,UNPAID
558,2,29,199.0,2026-01-30,UNPAID
559,290,1182,199.0,2026-01-30,PAID
560,31,41,199.0,2026-01-30,PAID
561,239,713,149.0,2026-01-30,UNPAID
562,140,516,199.0,2026-01-30,UNPAID
563,186,830,199.0,2026-01-30,UNPAID
564,20,580,599.0,2026-01-30,PAID
565,10,1041,149.0,2026-01-30,PAID
566,119,999,199.0,2026-01-30,PAID
567,194,840,149.0,2026-01-30,PAID
568,130,769,399.0,2026-01-30,PAID
569,17,720,399.0,2026-01-30,PAID
570,172,1714,399.0,2026-01-30,PAID
571,1,564,399.0,2026-01-30,PAID
572,284,904,199.0,2026-01-30,UNPAID
573,118,1126,199.0,2026-01-30,PAID
574,167,171,599.0,2026-01-30,PAID
575,64,1579,599.0,2026-01-30,UNPAID
576,234,227,599.0,2026-01-30,UNPAID
577,96,1278,599.0,2026-01-30,PAID
578,37,1654,199.0,2026-01-30,PAID
579,62,311,399.0,2026-01-30,PAID
580,295,858,599.0,2026-01-30,PAID
581,169,766,199.0,2026-01-30,PAID
582,191,680,149.0,2026-01-30,UNPAID
583,192,54,599.0,2026-01-30,PAID
584,74,1445,399.0,2026-01-30,PAID
585,236,1155,399.0,2026-01-30,PAID
586,183,1643,199.0,2026-01-30,UNPAID
587,176,103,199.0,2026-01-30,PAID
588,252,525,399.0,2026-01-30,PAID
589,290,115,199.0,2026-01-30,UNPAID
590,216,1724,199.0,2026-01-30,PAID
591,145,1636,599.0,2026-01-30,PAID
592,217,1147,149.0,2026-01-30,PAID
593,111,810,599.0,2026-01-30,PAID
594,97,322,149.0,2026-01-30,PAID
595,231,1668,599.0,2026-01-30,PAID
596,112,1398,199.0,2026-01-30,UNPAID
597,235,1311,399.0,2026-01-30,UNPAID
598,201,1494,199.0,2026-01-30,UNPAID
599,119,857,149.0,2026-01-30,PAID
600,257,1205,399.0,2026-01-30,PAID
601,177,1493,399.0,2026-01-30,PAID
602,5,36,399.0,2026-01-30,PAID
603,35,1559,149.0,2026-01-30,PAID
604,16,1227,599.0,2026-01-30,UNPAID
605,73,451,149.0,2026-01-30,PAID
606,95,1268,149.0,2026-01-30,PAID
607,89,1675,599.0,2026-01-30,PAID
608,129,1566,199.0,2026-01-30,PAID
609,151,1743,599.0,2026-01-30,PAID
610,173,1544,599.0,2026-01-30,PAID
611,226,53,149.0,2026-01-30,PAID
612,57,1336,599.0,2026-01-30,UNPAID
613,98,1679,149.0,2026-01-30,PAID
614,212,222,149.0,2026-01-30,PAID
615,286,92,399.0,2026-01-30,PAID
616,168,1039,399.0,2026-01-30,PAID
617,11,528,599.0,2026-01-30,PAID
618,117,1286,199.0,2026-01-30,UNPAID
619,117,1255,399.0,2026-01-30,PAID
620,75,1751,199.0,2026-01-30,UNPAID
621,239,1170,599.0,2026-01-30,PAID
622,177,1474,149.0,2026-01-30,UNPAID
623,19,814,399.0,2026-01-30,PAID
624,95,1685,199.0,2026-01-30,PAID
625,65,1196,199.0,2026-01-30,PAID
626,55,791,399.0,2026-01-30,UNPAID
627,263,1172,599.0,2026-01-30,PAID
628,260,1113,599.0,2026-01-30,PAID
629,43,1601,399.0,2026-01-30,PAID
630,254,890,399.0,2026-01-30,PAID
631,241,290,149.0,2026-01-30,PAID
632,144,1356,599.0,2026-01-30,PAID
633,33,1012,149.0,2026-01-30,PAID
634,209,619,399.0,2026-01-30,PAID
635,200,562,149.0,2026-01-30,PAID
636,291,206,399.0,2026-01-30,PAID
637,176,111,599.0,2026-01-30,PAID
638,60,1846,599.0,2026-01-30,PAID
639,48,237,599.0,2026-01-30,UNPAID
640,195,1256,199.0,2026-01-30,UNPAID
641,102,86,199.0,2026-01-30,UNPAID
642,257,1149,199.0,2026-01-30,PAID
643,108,360,149.0,2026-01-30,PAID
644,41,1297,399.0,2026-01-30,PAID
645,33,1617,199.0,2026-01-30,PAID
646,187,1404,599.0,2026-01-30,PAID
647,42,906,599.0,2026-01-30,UNPAID
648,179,1583,149.0,2026-01-30,PAID
649,288,1485,199.0,2026-01-30,PAID
650,76,495,399.0,2026-01-30,PAID
651,8,1731,199.0,2026-01-30,PAID
652,23,981,149.0,2026-01-30,PAID
653,266,1719,599.0,2026-01-30,PAID
654,133,975,399.0,2026-01-30,PAID
655,67,618,199.0,2026-01-30,PAID
656,240,1393,149.0,2026-01-30,UNPAID
657,106,668,599.0,2026-01-30,PAID
658,57,75,599.0,2026-01-30,PAID
659,61,1521,399.0,2026-01-30,PAID
660,59,1094,599.0,2026-01-30,UNPAID
661,6,124,149.0,2026-01-30,UNPAID
662,280,561,399.0,2026-01-30,PAID
663,131,1272,399.0,2026-01-30,PAID
664,176,229,199.0,2026-01-30,PAID
665,65,1179,199.0,2026-01-30,UNPAID
666,270,1044,599.0,2026-01-30,PAID
667,202,425,199.0,2026-01-30,PAID
668,25,415,599.0,2026-01-30,PAID
669,232,43,599.0,2026-01-30,UNPAID
670,146,1077,199.0,2026-01-30,PAID
671,126,220,399.0,2026-01-30,PAID
672,12,482,149.0,2026-01-30,PAID
673,146,1464,399.0,2026-01-30,PAID
674,25,1010,149.0,2026-01-30,PAID
675,120,1016,399.0,2026-01-30,PAID
676,168,1086,149.0,2026-01-30,UNPAID
677,43,166,149.0,2026-01-30,PAID
678,58,924,599.0,2026-01-30,PAID
679,147,1650,199.0,2026-01-30,PAID
680,58,1756,149.0,2026-01-30,PAID
681,16,1218,199.0,2026-01-30,UNPAID
682,227,731,599.0,2026-01-30,PAID
683,81,1713,199.0,2026-01-30,PAID
684,41,1558,399.0,2026-01-30,PAID
685,2,1471,399.0,2026-01-30,PAID
686,146,1257,199.0,2026-01-30,PAID
687,153,1585,399.0,2026-01-30,PAID
688,110,746,199.0,2026-01-30,PAID
689,149,431,199.0,2026-01-30,PAID
690,80,597,399.0,2026-01-30,PAID
691,11,176,599.0,2026-01-30,PAID
692,161,1444,399.0,2026-01-30,PAID
693,24,87,599.0,2026-01-30,PAID
694,97,1515,399.0,2026-01-30,PAID
695,74,388,399.0,2026-01-30,UNPAID
696,250,169,149.0,2026-01-30,PAID
697,235,884,399.0,2026-01-30,PAID
698,139,598,199.0,2026-01-30,PAID
699,127,344,149.0,2026-01-30,PAID
700,36,824,199.0,2026-01-30,UNPAID
701,243,776,599.0,2026-01-30,PAID
702,30,1193,149.0,2026-01-30,PAID
703,47,1305,149.0,2026-01-30,UNPAID
704,242,472,199.0,2026-01-30,PAID
705,212,649,599.0,2026-01-30,PAID
706,56,902,599.0,2026-01-30,PAID
707,179,147,599.0,2026-01-30,PAID
708,227,873,149.0,2026-01-30,UNPAID
709,184,634,149.0,2026-01-30,PAID
710,45,121,599.0,2026-01-30,PAID
711,254,1189,599.0,2026-01-30,PAID
712,217,1334,599.0,2026-01-30,PAID
713,181,944,399.0,2026-01-30,PAID
714,88,911,399.0,2026-01-30,PAID
715,222,787,199.0,2026-01-30,PAID
716,193,916,599.0,2026-01-30,UNPAID
717,64,716,199.0,2026-01-30,PAID
718,118,1036,199.0,2026-01-30,PAID
719,187,161,149.0,2026-01-30,PAID
720,210,1436,199.0,2026-01-30,UNPAID
721,97,1360,199.0,2026-01-30,PAID
722,264,154,399.0,2026-01-30,PAID
723,265,1760,399.0,2026-01-30,PAID
724,33,35,199.0,2026-01-30,PAID
725,87,1722,399.0,2026-01-30,PAID
726,86,1609,399.0,2026-01-30,PAID
727,26,602,599.0,2026-01-30,UNPAID
728,6,1689,599.0,2026-01-30,PAID
729,295,657,599.0,2026-01-30,PAID
730,194,1245,199.0,2026-01-30,PAID
731,90,1455,199.0,2026-01-30,PAID
732,252,963,199.0,2026-01-30,PAID
733,204,1687,599.0,2026-01-30,PAID
734,243,375,199.0,2026-01-30,PAID
735,137,188,399.0,2026-01-30,PAID
736,94,1395,599.0,2026-01-30,UNPAID
737,165,592,399.0,2026-01-30,PAID
738,65,1145,149.0,2026-01-30,PAID
739,101,448,599.0,2026-01-30,UNPAID
740,97,1540,199.0,2026-01-30,PAID
741,206,1239,599.0,2026-01-30,PAID
742,282,491,149.0,2026-01-30,PAID
743,95,1212,399.0,2026-01-30,UNPAID
744,280,907,399.0,2026-01-30,PAID
745,2,1159,599.0,2026-01-30,UNPAID
746,33,933,599.0,2026-01-30,PAID
747,215,757,199.0,2026-01-30,UNPAID
748,247,306,599.0,2026-01-30,PAID
749,201,1503,199.0,2026-01-30,PAID
750,214,1027,149.0,2026-01-30,PAID
751,204,783,399.0,2026-01-30,PAID
752,177,773,599.0,2026-01-30,UNPAID
753,167,1570,399.0,2026-01-30,PAID
754,243,345,599.0,2026-01-30,PAID
755,4,436,399.0,2026-01-30,PAID
756,74,1030,399.0,2026-01-30,UNPAID
757,42,308,399.0,2026-01-30,PAID
758,65,420,599.0,2026-01-30,PAID
759,211,1482,599.0,2026-01-30,PAID
760,2,1208,599.0,2026-01-30,PAID
761,148,1173,199.0,2026-01-30,PAID
762,51,63,199.0,2026-01-30,PAID
763,5,1827,199.0,2026-01-30,PAID
764,205,917,199.0,2026-01-30,PAID
765,114,711,599.0,2026-01-30,UNPAID
766,195,183,149.0,2026-01-30,PAID
767,131,260,399.0,2026-01-30,UNPAID
768,241,1785,149.0,2026-01-30,UNPAID
769,13,749,199.0,2026-01-30,UNPAID
770,61,118,399.0,2026-01-30,UNPAID
771,73,272,199.0,2026-01-30,UNPAID
772,258,223,599.0,2026-01-30,PAID
773,217,283,199.0,2026-01-30,UNPAID
774,267,1088,599.0,2026-01-30,UNPAID
775,283,772,399.0,2026-01-30,PAID
776,209,548,599.0,2026-01-30,PAID
777,75,231,199.0,2026-01-30,PAID
778,32,1424,149.0,2026-01-30,PAID
779,242,1454,599.0,2026-01-30,PAID
780,178,1195,149.0,2026-01-30,PAID
781,164,212,199.0,2026-01-30,PAID
782,145,328,399.0,2026-01-30,PAID
783,167,1791,399.0,2026-01-30,UNPAID
784,180,1534,399.0,2026-01-30,PAID
785,228,962,149.0,2026-01-30,UNPAID
786,244,1434,399.0,2026-01-30,PAID
787,177,1331,599.0,2026-01-30,UNPAID
788,189,1379,199.0,2026-01-30,UNPAID
789,46,953,599.0,2026-01-30,PAID
790,28,740,149.0,2026-01-30,PAID
791,18,263,399.0,2026-01-30,UNPAID
792,281,1671,149.0,2026-01-30,PAID
793,149,615,199.0,2026-01-30,UNPAID
794,37,144,149.0,2026-01-30,PAID
795,96,106,599.0,2026-01-30,PAID
796,233,681,199.0,2026-01-30,PAID
797,235,285,199.0,2026-01-30,UNPAID
798,80,120,599.0,2026-01-30,PAID
799,292,866,149.0,2026-01-30,PAID
800,8,664,149.0,2026-01-30,UNPAID
801,75,601,599.0,2026-01-30,UNPAID
802,152,647,149.0,2026-01-30,PAID
803,57,497,149.0,2026-01-30,PAID
804,7,1351,149.0,2026-01-30,PAID
805,97,1046,199.0,2026-01-30,PAID
806,288,1674,149.0,2026-01-30,UNPAID
807,84,1191,149.0,2026-01-30,PAID
808,1,452,199.0,2026-01-30,PAID
809,209,1167,199.0,2026-01-30,PAID
810,244,1042,199.0,2026-01-30,UNPAID
811,67,1468,149.0,2026-01-30,PAID
812,296,665,199.0,2026-01-30,UNPAID
813,192,577,399.0,2026-01-30,PAID
814,21,1848,199.0,2026-01-30,UNPAID
815,257,550,599.0,2026-01-30,UNPAID
816,106,1728,599.0,2026-01-30,PAID
817,90,1439,399.0,2026-01-30,PAID
818,174,1676,199.0,2026-01-30,UNPAID
819,251,1838,599.0,2026-01-30,PAID
820,124,807,149.0,2026-01-30,UNPAID
821,248,384,399.0,2026-01-30,PAID
822,59,1692,399.0,2026-01-30,UNPAID
823,180,1076,399.0,2026-01-30,PAID
824,44,700,399.0,2026-01-30,PAID
825,127,399,399.0,2026-01-30,UNPAID
826,152,852,149.0,2026-01-30,PAID
827,132,1143,599.0,2026-01-30,PAID
828,105,1831,149.0,2026-01-30,UNPAID
829,272,1539,399.0,2026-01-30,PAID
830,9,1174,599.0,2026-01-30,PAID
831,65,620,199.0,2026-01-30,UNPAID
832,88,518,399.0,2026-01-30,PAID
833,55,1512,199.0,2026-01-30,PAID
834,108,549,199.0,2026-01-30,PAID
835,218,268,199.0,2026-01-30,PAID
836,259,1680,599.0,2026-01-30,PAID
837,58,1092,399.0,2026-01-30,UNPAID
838,153,214,399.0,2026-01-30,PAID
839,140,1541,399.0,2026-01-30,PAID
840,297,1845,599.0,2026-01-30,PAID
841,261,1369,599.0,2026-01-30,PAID
842,45,397,149.0,2026-01-30,PAID
843,217,1659,399.0,2026-01-30,UNPAID
844,56,1490,599.0,2026-01-30,PAID
845,264,836,399.0,2026-01-30,PAID
846,186,1114,399.0,2026-01-30,PAID
847,269,20,199.0,2026-01-30,PAID
848,63,1519,199.0,2026-01-30,PAID
849,280,486,399.0,2026-01-30,PAID
850,16,330,149.0,2026-01-30,PAID
851,75,1419,149.0,2026-01-30,PAID
852,259,1476,149.0,2026-01-30,PAID
853,144,1462,599.0,2026-01-30,PAID
854,108,1069,399.0,2026-01-30,PAID
855,209,1818,149.0,2026-01-30,PAID
856,135,137,199.0,2026-01-30,UNPAID
857,170,1250,599.0,2026-01-30,UNPAID
858,75,957,199.0,2026-01-30,UNPAID
859,141,745,149.0,2026-01-30,PAID
860,118,1162,599.0,2026-01-30,PAID
861,279,996,199.0,2026-01-30,PAID
862,269,265,199.0,2026-01-30,PAID
863,18,405,399.0,2026-01-30,PAID
864,34,379,599.0,2026-01-30,UNPAID
865,225,1105,399.0,2026-01-30,PAID
866,253,292,599.0,2026-01-30,PAID
867,239,168,599.0,2026-01-30,UNPAID
868,72,1383,599.0,2026-01-30,UNPAID
869,136,1546,199.0,2026-01-30,PAID
870,151,1273,149.0,2026-01-30,PAID
871,6,1707,199.0,2026-01-30,PAID
872,261,238,199.0,2026-01-30,UNPAID
873,73,1802,199.0,2026-01-30,PAID
874,92,1496,199.0,2026-01-30,PAID
875,275,1396,399.0,2026-01-30,PAID
876,240,883,149.0,2026-01-30,PAID
877,57,765,599.0,2026-01-30,UNPAID
878,247,942,599.0,2026-01-30,PAID
879,92,1299,599.0,2026-01-30,PAID
880,285,1093,149.0,2026-01-30,PAID
881,164,733,199.0,2026-01-30,PAID
882,88,1502,399.0,2026-01-30,PAID
883,171,382,199.0,2026-01-30,PAID
884,44,825,149.0,2026-01-30,PAID
885,49,335,599.0,2026-01-30,PAID
886,299,1835,149.0,2026-01-30,PAID
887,259,838,149.0,2026-01-30,PAID
888,199,555,399.0,2026-01-30,PAID
889,212,1073,599.0,2026-01-30,PAID
890,249,805,149.0,2026-01-30,PAID
891,25,554,399.0,2026-01-30,PAID
892,84,1777,149.0,2026-01-30,PAID
893,186,1388,199.0,2026-01-30,PAID
894,67,191,149.0,2026-01-30,PAID
895,55,815,149.0,2026-01-30,PAID
896,193,833,399.0,2026-01-30,PAID
897,247,1178,599.0,2026-01-30,PAID
898,7,295,399.0,2026-01-30,PAID
899,285,228,149.0,2026-01-30,PAID
900,85,135,149.0,2026-01-30,PAID
901,47,1573,199.0,2026-01-30,PAID
902,270,1047,399.0,2026-01-30,PAID
903,30,1821,599.0,2026-01-30,PAID
904,296,1210,399.0,2026-01-30,PAID
905,68,882,399.0,2026-01-30,PAID
906,144,834,149.0,2026-01-30,UNPAID
907,13,508,599.0,2026-01-30,PAID
908,104,662,199.0,2026-01-30,PAID
909,278,1718,199.0,2026-01-30,PAID
910,262,1222,149.0,2026-01-30,PAID
911,218,1031,199.0,2026-01-30,PAID
912,257,471,199.0,2026-01-30,PAID
913,143,1833,199.0,2026-01-30,PAID
914,197,1033,399.0,2026-01-30,PAID
915,8,255,149.0,2026-01-30,PAID
916,32,1811,149.0,2026-01-30,PAID
917,216,1125,599.0,2026-01-30,PAID
918,79,465,399.0,2026-01-30,PAID
919,17,1304,149.0,2026-01-30,PAID
920,192,1377,599.0,2026-01-30,PAID
921,221,66,149.0,2026-01-30,PAID
922,97,1400,199.0,2026-01-30,PAID
923,216,479,399.0,2026-01-30,PAID
924,256,640,399.0,2026-01-30,PAID
925,4,160,599.0,2026-01-30,PAID
926,45,89,149.0,2026-01-30,PAID
927,25,284,399.0,2026-01-30,PAID
928,291,512,599.0,2026-01-30,PAID
929,42,1104,399.0,2026-01-30,PAID
930,128,1556,149.0,2026-01-30,PAID
931,144,779,149.0,2026-01-30,PAID
932,242,1085,199.0,2026-01-30,PAID
933,21,442,149.0,2026-01-30,PAID
934,294,57,199.0,2026-01-30,PAID
935,266,1243,399.0,2026-01-30,PAID
936,92,239,149.0,2026-01-30,PAID
937,222,288,599.0,2026-01-30,UNPAID
938,122,1584,399.0,2026-01-30,PAID
939,178,738,199.0,2026-01-30,PAID
940,285,1744,399.0,2026-01-30,PAID
941,189,1592,399.0,2026-01-30,PAID
942,271,1375,199.0,2026-01-30,PAID
943,267,817,399.0,2026-01-30,PAID
944,255,949,199.0,2026-01-30,PAID
945,234,1308,599.0,2026-01-30,PAID
946,95,505,399.0,2026-01-30,PAID
947,266,1469,199.0,2026-01-30,PAID
948,42,321,599.0,2026-01-30,UNPAID
949,290,324,199.0,2026-01-30,PAID
950,58,684,149.0,2026-01-30,PAID
951,63,1337,399.0,2026-01-30,PAID
952,289,18,399.0,2026-01-30,PAID
953,83,614,599.0,2026-01-30,UNPAID
954,207,139,199.0,2026-01-30,PAID
955,218,848,599.0,2026-01-30,PAID
956,186,1207,199.0,2026-01-30,PAID
957,105,143,599.0,2026-01-30,PAID
958,266,594,199.0,2026-01-30,PAID
959,207,424,199.0,2026-01-30,UNPAID
960,174,381,399.0,2026-01-30,PAID
961,17,1437,149.0,2026-01-30,PAID
962,133,927,149.0,2026-01-30,PAID
963,202,1656,199.0,2026-01-30,UNPAID
964,19,408,199.0,2026-01-30,PAID
965,282,1771,149.0,2026-01-30,UNPAID
966,122,1809,149.0,2026-01-30,PAID
967,58,1704,149.0,2026-01-30,PAID
968,161,1479,149.0,2026-01-30,UNPAID
969,83,250,399.0,2026-01-30,PAID
970,103,1225,599.0,2026-01-30,PAID
971,118,918,199.0,2026-01-30,PAID
972,174,64,399.0,2026-01-30,PAID
973,172,1200,399.0,2026-01-30,PAID
974,149,1109,399.0,2026-01-30,PAID
975,172,1298,149.0,2026-01-30,UNPAID
976,59,777,199.0,2026-01-30,PAID
977,67,1826,199.0,2026-01-30,PAID
978,29,898,149.0,2026-01-30,PAID
979,100,102,599.0,2026-01-30,PAID
980,296,1784,399.0,2026-01-30,UNPAID
981,41,315,199.0,2026-01-30,PAID
982,191,1014,599.0,2026-01-30,PAID
983,36,1498,149.0,2026-01-30,PAID
984,213,796,399.0,2026-01-30,PAID
985,226,2,399.0,2026-01-30,PAID
986,108,72,149.0,2026-01-30,UNPAID
987,278,177,149.0,2026-01-30,PAID
988,192,1841,399.0,2026-01-30,PAID
989,16,1567,399.0,2026-01-30,PAID
990,46,1598,149.0,2026-01-30,UNPAID
991,293,1263,199.0,2026-01-30,PAID
992,284,1373,199.0,2026-01-30,UNPAID
993,157,1509,199.0,2026-01-30,PAID
994,110,346,599.0,2026-01-30,PAID
995,94,841,149.0,2026-01-30,PAID
996,114,1451,399.0,2026-01-30,PAID
997,70,1394,599.0,2026-01-30,PAID
998,94,1281,399.0,2026-01-30,PAID
999,179,1150,399.0,2026-01-30,PAID
1000,132,1772,199.0,2026-01-30,PAID
1001,293,696,199.0,2026-01-30,PAID
1002,70,1782,199.0,2026-01-30,UNPAID
1003,40,459,599.0,2026-01-30,PAID
1004,158,938,149.0,2026-01-30,PAID
1005,224,1063,149.0,2026-01-30,PAID
1006,78,627,599.0,2026-01-30,PAID
1007,186,444,199.0,2026-01-30,PAID
1008,293,1842,599.0,2026-01-30,PAID
1009,10,1702,399.0,2026-01-30,UNPAID
1010,196,1531,199.0,2026-01-30,PAID
1011,71,274,399.0,2026-01-30,PAID
1012,43,1023,599.0,2026-01-30,PAID
1013,124,1754,599.0,2026-01-30,PAID
1014,163,320,149.0,2026-01-30,PAID
1015,277,1840,149.0,2026-01-30,UNPAID
1016,235,426,149.0,2026-01-30,PAID
1017,245,412,399.0,2026-01-30,PAID
1018,70,1571,599.0,2026-01-30,PAID
1019,111,1194,599.0,2026-01-30,PAID
1020,237,741,399.0,2026-01-30,UNPAID
1021,152,651,599.0,2026-01-30,PAID
1022,63,1758,199.0,2026-01-30,PAID
1023,101,1428,599.0,2026-01-30,PAID
1024,13,46,199.0,2026-01-30,UNPAID
1025,18,851,149.0,2026-01-30,PAID
1026,183,1681,149.0,2026-01-30,PAID
1027,294,1219,599.0,2026-01-30,PAID
1028,112,1246,599.0,2026-01-30,PAID
1029,97,1386,399.0,2026-01-30,PAID
1030,293,687,199.0,2026-01-30,PAID
1031,28,631,399.0,2026-01-30,PAID
1032,254,355,199.0,2026-01-30,PAID
1033,88,1407,199.0,2026-01-30,PAID
1034,194,1748,199.0,2026-01-30,PAID
1035,279,277,599.0,2026-01-30,UNPAID
1036,108,348,399.0,2026-01-30,PAID
1037,154,984,399.0,2026-01-30,PAID
1038,299,1064,599.0,2026-01-30,PAID
1039,261,1215,199.0,2026-01-30,PAID
1040,186,868,599.0,2026-01-30,PAID
1041,12,965,199.0,2026-01-30,PAID
1042,224,332,149.0,2026-01-30,PAID
1043,294,1712,149.0,2026-01-30,PAID
1044,21,1500,599.0,2026-01-30,PAID
1045,295,1232,399.0,2026-01-30,PAID
1046,144,484,199.0,2026-01-30,PAID
1047,224,1358,149.0,2026-01-30,PAID
1048,188,569,399.0,2026-01-30,PAID
1049,59,507,399.0,2026-01-30,UNPAID
1050,240,1673,399.0,2026-01-30,UNPAID
1051,141,1276,599.0,2026-01-30,PAID
1052,201,596,399.0,2026-01-30,PAID
1053,42,233,599.0,2026-01-30,PAID
1054,260,1082,399.0,2026-01-30,UNPAID
1055,16,500,149.0,2026-01-30,UNPAID
1056,259,1152,199.0,2026-01-30,PAID
1057,188,13,199.0,2026-01-30,PAID
1058,276,1226,599.0,2026-01-30,PAID
1059,183,1810,199.0,2026-01-30,PAID
1060,255,91,599.0,2026-01-30,PAID
1061,89,642,399.0,2026-01-30,PAID
1062,49,1359,599.0,2026-01-30,PAID
1063,120,770,399.0,2026-01-30,PAID
1064,192,1605,599.0,2026-01-30,PAID
1065,53,433,199.0,2026-01-30,PAID
1066,269,540,599.0,2026-01-30,PAID
1067,110,1828,199.0,2026-01-30,PAID
1068,39,293,149.0,2026-01-30,PAID
1069,111,1450,149.0,2026-01-30,PAID
1070,170,1449,399.0,2026-01-30,PAID
1071,15,543,149.0,2026-01-30,PAID
1072,11,869,599.0,2026-01-30,PAID
1073,8,532,599.0,2026-01-30,UNPAID
1074,283,1691,599.0,2026-01-30,PAID
1075,174,1524,199.0,2026-01-30,PAID
1076,63,1705,399.0,2026-01-30,PAID
1077,57,1780,149.0,2026-01-30,UNPAID
1078,223,837,599.0,2026-01-30,PAID
1079,218,1522,149.0,2026-01-30,PAID
1080,188,897,399.0,2026-01-30,PAID
1081,108,152,599.0,2026-01-30,PAID
1082,276,719,149.0,2026-01-30,PAID
1083,88,536,599.0,2026-01-30,PAID
1084,76,475,149.0,2026-01-30,UNPAID
1085,136,1599,149.0,2026-01-30,PAID
1086,11,462,599.0,2026-01-30,UNPAID
1087,11,461,599.0,2026-01-30,PAID
1088,109,499,149.0,2026-01-30,UNPAID
1089,23,340,399.0,2026-01-30,PAID
1090,259,593,199.0,2026-01-30,PAID
1091,266,1007,399.0,2026-01-30,PAID
1092,279,498,149.0,2026-01-30,UNPAID
1093,188,661,599.0,2026-01-30,UNPAID
1094,225,1321,599.0,2026-01-30,UNPAID
1095,120,1340,399.0,2026-01-30,PAID
1096,2,392,199.0,2026-01-30,PAID
1097,158,1417,599.0,2026-01-30,PAID
1098,286,1766,199.0,2026-01-30,UNPAID
1099,180,994,199.0,2026-01-30,UNPAID
1100,228,1435,399.0,2026-01-30,PAID
1101,121,1357,599.0,2026-01-30,PAID
1102,223,1184,199.0,2026-01-30,UNPAID
1103,160,1186,399.0,2026-01-30,PAID
1104,126,519,199.0,2026-01-30,PAID
1105,191,846,199.0,2026-01-30,PAID
1106,288,432,199.0,2026-01-30,PAID
1107,271,673,149.0,2026-01-30,PAID
1108,158,931,399.0,2026-01-30,PAID
1109,52,656,149.0,2026-01-30,PAID
1110,249,625,599.0,2026-01-30,PAID
1111,296,254,399.0,2026-01-30,PAID
1112,154,1292,199.0,2026-01-30,PAID
1113,30,1203,399.0,2026-01-30,PAID
1114,38,96,149.0,2026-01-30,PAID
1115,140,818,199.0,2026-01-30,UNPAID
1116,267,396,199.0,2026-01-30,PAID
1117,296,1613,199.0,2026-01-30,UNPAID
1118,157,820,599.0,2026-01-30,PAID
1119,172,679,199.0,2026-01-30,PAID
1120,212,935,199.0,2026-01-30,PAID
1121,175,493,399.0,2026-01-30,PAID
1122,47,937,599.0,2026-01-30,PAID
1123,7,1795,149.0,2026-01-30,PAID
1124,111,1816,149.0,2026-01-30,PAID
1125,110,1378,149.0,2026-01-30,UNPAID
1126,256,654,399.0,2026-01-30,PAID
1127,86,1536,199.0,2026-01-30,PAID
1128,75,576,399.0,2026-01-30,PAID
1129,189,1779,199.0,2026-01-30,PAID
1130,277,1001,399.0,2026-01-30,PAID
1131,81,1183,199.0,2026-01-30,PAID
1132,280,398,149.0,2026-01-30,PAID
1133,3,19,149.0,2026-01-30,PAID
1134,23,1799,599.0,2026-01-30,PAID
1135,254,966,399.0,2026-01-30,UNPAID
1136,31,215,399.0,2026-01-30,PAID
1137,219,1370,399.0,2026-01-30,UNPAID
1138,225,1735,399.0,2026-01-30,PAID
1139,128,635,399.0,2026-01-30,PAID
1140,142,317,399.0,2026-01-30,UNPAID
1141,10,1678,599.0,2026-01-30,PAID
1142,175,1477,599.0,2026-01-30,PAID
1143,136,1621,199.0,2026-01-30,PAID
1144,32,1552,199.0,2026-01-30,PAID
1145,126,37,399.0,2026-01-30,PAID
1146,190,1549,199.0,2026-01-30,UNPAID
1147,260,1533,199.0,2026-01-30,PAID
1148,16,1135,149.0,2026-01-30,UNPAID
1149,274,421,199.0,2026-01-30,PAID
1150,76,1817,199.0,2026-01-30,PAID
1151,277,1653,199.0,2026-01-30,PAID
1152,222,1062,199.0,2026-01-30,PAID
1153,66,1626,599.0,2026-01-30,UNPAID
1154,94,164,599.0,2026-01-30,PAID
1155,110,1448,199.0,2026-01-30,PAID
1156,210,326,199.0,2026-01-30,UNPAID
1157,157,704,599.0,2026-01-30,PAID
1158,44,78,149.0,2026-01-30,PAID
1159,24,1328,399.0,2026-01-30,PAID
1160,62,133,599.0,2026-01-30,PAID
1161,2,1107,599.0,2026-01-30,PAID
1162,237,100,399.0,2026-01-30,UNPAID
1163,19,1739,199.0,2026-01-30,UNPAID
1164,93,755,399.0,2026-01-30,PAID
1165,233,638,199.0,2026-01-30,PAID
1166,23,492,399.0,2026-01-30,PAID
1167,273,1220,399.0,2026-01-30,PAID
1168,68,158,149.0,2026-01-30,PAID
1169,220,172,149.0,2026-01-30,PAID
1170,16,403,149.0,2026-01-30,PAID
1171,7,170,399.0,2026-01-30,UNPAID
1172,149,55,149.0,2026-01-30,PAID
1173,237,244,199.0,2026-01-30,UNPAID
1174,140,1657,399.0,2026-01-30,PAID
1175,236,1361,149.0,2026-01-30,PAID
1176,40,128,599.0,2026-01-30,PAID
1177,266,38,149.0,2026-01-30,PAID
1178,149,1236,199.0,2026-01-30,PAID
1179,115,353,399.0,2026-01-30,PAID
1180,8,1622,199.0,2026-01-30,PAID
1181,116,1663,199.0,2026-01-30,PAID
1182,201,722,599.0,2026-01-30,PAID
1183,175,1330,149.0,2026-01-30,PAID
1184,18,1078,399.0,2026-01-30,PAID
1185,89,1824,199.0,2026-01-30,PAID
1186,119,646,149.0,2026-01-30,PAID
1187,105,1157,149.0,2026-01-30,PAID
1188,251,725,149.0,2026-01-30,PAID
1189,163,195,599.0,2026-01-30,PAID
1190,7,129,399.0,2026-01-30,PAID
1191,3,1106,199.0,2026-01-30,PAID
1192,103,744,599.0,2026-01-30,PAID
1193,220,985,599.0,2026-01-30,PAID
1194,258,1230,149.0,2026-01-30,PAID
1195,63,1430,149.0,2026-01-30,PAID
1196,170,707,149.0,2026-01-30,PAID
1197,178,1402,399.0,2026-01-30,UNPAID
1198,152,971,599.0,2026-01-30,PAID
1199,103,551,599.0,2026-01-30,PAID
1200,17,1332,399.0,2026-01-30,PAID
1201,11,903,399.0,2026-01-30,PAID
1202,126,179,149.0,2026-01-30,PAID
1203,95,855,199.0,2026-01-30,PAID
1204,185,1138,149.0,2026-01-30,PAID
1205,194,571,599.0,2026-01-30,UNPAID
1206,47,1825,399.0,2026-01-30,PAID
1207,24,1625,399.0,2026-01-30,PAID
1208,107,693,149.0,2026-01-30,PAID
1209,45,1368,599.0,2026-01-30,PAID
1210,70,370,199.0,2026-01-30,PAID
1211,254,1590,149.0,2026-01-30,PAID
1212,285,48,199.0,2026-01-30,PAID
1213,46,967,149.0,2026-01-30,PAID
1214,201,821,199.0,2026-01-30,PAID
1215,186,1099,149.0,2026-01-30,PAID
1216,74,204,199.0,2026-01-30,PAID
1217,90,356,599.0,2026-01-30,PAID
1218,100,299,149.0,2026-01-30,PAID
1219,119,871,199.0,2026-01-30,UNPAID
1220,118,623,599.0,2026-01-30,PAID
1221,266,329,199.0,2026-01-30,PAID
1222,61,751,599.0,2026-01-30,UNPAID
1223,117,1224,149.0,2026-01-30,PAID
1224,222,828,149.0,2026-01-30,PAID
1225,249,454,399.0,2026-01-30,PAID
1226,192,180,149.0,2026-01-30,PAID
1227,236,127,599.0,2026-01-30,PAID
1228,79,939,599.0,2026-01-30,PAID
1229,292,1529,149.0,2026-01-30,UNPAID
1230,137,1133,149.0,2026-01-30,PAID
1231,278,1631,399.0,2026-01-30,UNPAID
1232,275,1422,599.0,2026-01-30,PAID
1233,85,1612,599.0,2026-01-30,PAID
1234,226,1303,149.0,2026-01-30,PAID
1235,208,439,199.0,2026-01-30,PAID
1236,66,1568,599.0,2026-01-30,UNPAID
1237,269,669,149.0,2026-01-30,UNPAID
1238,129,675,399.0,2026-01-30,PAID
1239,123,1480,199.0,2026-01-30,PAID
1240,208,1765,599.0,2026-01-30,PAID
1241,81,991,149.0,2026-01-30,PAID
1242,57,117,199.0,2026-01-30,UNPAID
1243,30,1338,149.0,2026-01-30,PAID
1244,159,709,149.0,2026-01-30,PAID
1245,154,438,199.0,2026-01-30,PAID
1246,124,1470,599.0,2026-01-30,UNPAID
1247,286,1737,199.0,2026-01-30,PAID
1248,219,1110,599.0,2026-01-30,PAID
1249,242,1151,199.0,2026-01-30,PAID
1250,200,309,149.0,2026-01-30,PAID
1251,131,1651,399.0,2026-01-30,PAID
1252,192,795,599.0,2026-01-30,PAID
1253,47,363,599.0,2026-01-30,PAID
1254,150,341,149.0,2026-01-30,PAID
1255,284,1096,599.0,2026-01-30,UNPAID
1256,289,632,599.0,2026-01-30,PAID
1257,288,286,199.0,2026-01-30,UNPAID
1258,2,409,599.0,2026-01-30,UNPAID
1259,1,1154,149.0,2026-01-30,PAID
1260,200,676,599.0,2026-01-30,PAID
1261,263,1376,149.0,2026-01-30,UNPAID
1262,189,986,149.0,2026-01-30,PAID
1263,168,950,199.0,2026-01-30,PAID
1264,54,717,399.0,2026-01-30,PAID
1265,112,1697,149.0,2026-01-30,PAID
1266,14,799,199.0,2026-01-30,PAID
1267,19,691,399.0,2026-01-30,PAID
1268,55,767,149.0,2026-01-30,PAID
1269,255,641,199.0,2026-01-30,PAID
1270,139,702,149.0,2026-01-30,UNPAID
1271,177,1844,599.0,2026-01-30,PAID
1272,188,205,399.0,2026-01-30,UNPAID
1273,12,1067,599.0,2026-01-30,PAID
1274,64,1103,149.0,2026-01-30,UNPAID
1275,263,750,399.0,2026-01-30,PAID
1276,117,447,599.0,2026-01-30,PAID
1277,236,114,199.0,2026-01-30,PAID
1278,49,1814,149.0,2026-01-30,PAID
1279,126,558,149.0,2026-01-30,PAID
1280,48,1670,599.0,2026-01-30,PAID
1281,189,1385,199.0,2026-01-30,PAID
1282,62,951,399.0,2026-01-30,PAID
1283,195,934,599.0,2026-01-30,PAID
1284,107,269,149.0,2026-01-30,PAID
1285,15,249,199.0,2026-01-30,PAID
1286,148,1446,199.0,2026-01-30,PAID
1287,1,534,399.0,2026-01-30,PAID
1288,115,430,199.0,2026-01-30,PAID
1289,182,964,149.0,2026-01-30,UNPAID
1290,161,844,399.0,2026-01-30,PAID
1291,62,835,599.0,2026-01-30,PAID
1292,78,688,199.0,2026-01-30,PAID
1293,80,520,599.0,2026-01-30,PAID
1294,230,132,199.0,2026-01-30,PAID
1295,103,1216,399.0,2026-01-30,PAID
1296,187,721,199.0,2026-01-30,UNPAID
1297,195,1072,599.0,2026-01-30,PAID
1298,219,1362,399.0,2026-01-30,PAID
1299,93,1550,149.0,2026-01-30,UNPAID
1300,187,457,599.0,2026-01-30,UNPAID
1301,160,352,149.0,2026-01-30,PAID
1302,210,395,199.0,2026-01-30,UNPAID
1303,186,1796,149.0,2026-01-30,PAID
1304,109,1786,199.0,2026-01-30,PAID
1305,264,947,399.0,2026-01-30,PAID
1306,59,761,199.0,2026-01-30,PAID
1307,289,703,199.0,2026-01-30,PAID
1308,213,1066,199.0,2026-01-30,PAID
1309,102,567,149.0,2026-01-30,PAID
1310,8,224,199.0,2026-01-30,PAID
1311,127,735,399.0,2026-01-30,PAID
1312,84,1763,149.0,2026-01-30,PAID
1313,152,660,199.0,2026-01-30,PAID
1314,104,658,199.0,2026-01-30,PAID
1315,101,1325,599.0,2026-01-30,PAID
1316,60,1247,399.0,2026-01-30,PAID
1317,108,50,199.0,2026-01-30,PAID
1318,105,586,199.0,2026-01-30,PAID
1319,58,513,399.0,2026-01-30,PAID
1320,240,51,599.0,2026-01-30,UNPAID
1321,284,1132,149.0,2026-01-30,PAID
1322,265,1655,399.0,2026-01-30,PAID
1323,200,460,599.0,2026-01-30,PAID
1324,264,529,199.0,2026-01-30,UNPAID
1325,56,203,199.0,2026-01-30,PAID
1326,11,441,149.0,2026-01-30,PAID
1327,70,393,149.0,2026-01-30,UNPAID
1328,281,81,599.0,2026-01-30,PAID
1329,148,557,199.0,2026-01-30,PAID
1330,227,778,149.0,2026-01-30,PAID
1331,169,870,399.0,2026-01-30,PAID
1332,12,1596,599.0,2026-01-30,PAID
1333,278,502,399.0,2026-01-30,PAID
1334,292,42,199.0,2026-01-30,PAID
1335,148,1472,199.0,2026-01-30,UNPAID
1336,26,1604,199.0,2026-01-30,PAID
1337,245,1013,599.0,2026-01-30,PAID
1338,183,1254,599.0,2026-01-30,PAID
1339,246,1700,199.0,2026-01-30,PAID
1340,189,621,599.0,2026-01-30,PAID
1341,202,734,149.0,2026-01-30,PAID
1342,264,1068,399.0,2026-01-30,PAID
1343,285,1807,199.0,2026-01-30,PAID
1344,155,350,199.0,2026-01-30,PAID
1345,113,116,399.0,2026-01-30,PAID
1346,48,1677,149.0,2026-01-30,PAID
1347,59,1574,149.0,2026-01-30,UNPAID
1348,245,1287,149.0,2026-01-30,UNPAID
1349,260,394,399.0,2026-01-30,UNPAID
1350,201,248,199.0,2026-01-30,PAID
1351,77,862,599.0,2026-01-30,PAID
1352,140,1637,199.0,2026-01-30,PAID
1353,220,1507,399.0,2026-01-30,UNPAID
1354,4,1481,399.0,2026-01-30,PAID
1355,261,501,599.0,2026-01-30,UNPAID
1356,296,207,399.0,2026-01-30,PAID
1357,299,1664,149.0,2026-01-30,PAID
1358,226,1319,149.0,2026-01-30,PAID
1359,12,1523,199.0,2026-01-30,PAID
1360,83,1217,149.0,2026-01-30,PAID
1361,289,418,199.0,2026-01-30,PAID
1362,169,1514,199.0,2026-01-30,PAID
1363,227,1354,599.0,2026-01-30,PAID
1364,211,463,399.0,2026-01-30,PAID
1365,84,246,399.0,2026-01-30,UNPAID
1366,28,1788,199.0,2026-01-30,UNPAID
1367,135,354,199.0,2026-01-30,PAID
1368,163,267,199.0,2026-01-30,PAID
1369,130,1111,599.0,2026-01-30,UNPAID
1370,155,1279,199.0,2026-01-30,PAID
1371,146,1619,599.0,2026-01-30,PAID
1372,164,1594,599.0,2026-01-30,PAID
1373,120,141,399.0,2026-01-30,PAID
1374,74,539,399.0,2026-01-30,PAID
1375,182,467,149.0,2026-01-30,UNPAID
1376,211,402,599.0,2026-01-30,PAID
1377,239,648,399.0,2026-01-30,PAID
1378,62,1095,399.0,2026-01-30,PAID
1379,182,992,599.0,2026-01-30,PAID
1380,246,380,149.0,2026-01-30,PAID
1381,169,1090,199.0,2026-01-30,PAID
1382,51,347,149.0,2026-01-30,PAID
1383,167,1769,599.0,2026-01-30,PAID
1384,158,517,599.0,2026-01-30,PAID
1385,226,410,399.0,2026-01-30,PAID
1386,101,242,599.0,2026-01-30,PAID
1387,191,138,599.0,2026-01-30,PAID
1388,199,1380,199.0,2026-01-30,UNPAID
1389,114,1290,199.0,2026-01-30,PAID
1390,78,1349,599.0,2026-01-30,PAID
1391,1,190,599.0,2026-01-30,UNPAID
1392,143,16,199.0,2026-01-30,UNPAID
1393,291,342,149.0,2026-01-30,PAID
1394,146,574,199.0,2026-01-30,PAID
1395,128,854,399.0,2026-01-30,UNPAID
1396,16,1028,149.0,2026-01-30,PAID
1397,17,1526,599.0,2026-01-30,PAID
1398,91,1775,599.0,2026-01-30,PAID
1399,21,1808,199.0,2026-01-30,PAID
1400,238,1442,399.0,2026-01-30,PAID
1401,36,888,149.0,2026-01-30,UNPAID
1402,9,236,399.0,2026-01-30,PAID
1403,103,148,399.0,2026-01-30,UNPAID
1404,278,678,199.0,2026-01-30,PAID
1405,47,323,599.0,2026-01-30,PAID
1406,132,1204,199.0,2026-01-30,PAID
1407,53,1214,399.0,2026-01-30,UNPAID
1408,198,1397,399.0,2026-01-30,PAID
1409,25,368,199.0,2026-01-30,PAID
1410,189,1038,399.0,2026-01-30,PAID
1411,62,407,599.0,2026-01-30,PAID
1412,46,4,599.0,2026-01-30,PAID
1413,170,1666,149.0,2026-01-30,PAID
1414,283,257,399.0,2026-01-30,PAID
1415,298,200,399.0,2026-01-30,PAID
1416,78,1645,399.0,2026-01-30,PAID
1417,191,1409,199.0,2026-01-30,UNPAID
1418,164,275,399.0,2026-01-30,PAID
1419,182,948,199.0,2026-01-30,PAID
1420,178,613,399.0,2026-01-30,PAID
1421,87,583,199.0,2026-01-30,PAID
1422,140,990,399.0,2026-01-30,PAID
1423,232,650,149.0,2026-01-30,PAID
1424,234,371,199.0,2026-01-30,PAID
1425,287,936,149.0,2026-01-30,PAID
1426,93,726,599.0,2026-01-30,PAID
1427,142,568,149.0,2026-01-30,PAID
1428,297,1520,149.0,2026-01-30,PAID
1429,168,1166,599.0,2026-01-30,PAID
1430,20,1391,149.0,2026-01-30,PAID
1431,129,998,599.0,2026-01-30,PAID
1432,244,754,399.0,2026-01-30,PAID
1433,35,1097,199.0,2026-01-30,PAID
1434,201,677,149.0,2026-01-30,PAID
1435,281,58,399.0,2026-01-30,PAID
1436,289,1,399.0,2026-01-30,PAID
1437,160,666,199.0,2026-01-30,PAID
1438,126,1352,199.0,2026-01-30,PAID
1439,10,1260,399.0,2026-01-30,PAID
1440,145,1144,599.0,2026-01-30,PAID
1441,49,1797,199.0,2026-01-30,PAID
1442,56,682,399.0,2026-01-30,PAID
1443,167,608,149.0,2026-01-30,PAID
1444,18,364,149.0,2026-01-30,PAID
1445,88,372,199.0,2026-01-30,PAID
1446,282,1822,149.0,2026-01-30,PAID
1447,254,1803,599.0,2026-01-30,PAID
1448,90,1580,199.0,2026-01-30,PAID
1449,220,1363,599.0,2026-01-30,PAID
1450,250,768,199.0,2026-01-30,PAID
1451,97,1365,199.0,2026-01-30,PAID
1452,94,860,199.0,2026-01-30,UNPAID
1453,211,572,599.0,2026-01-30,PAID
1454,261,49,599.0,2026-01-30,PAID
1455,74,978,199.0,2026-01-30,PAID
1456,122,1620,149.0,2026-01-30,PAID
1457,24,1576,399.0,2026-01-30,UNPAID
1458,190,912,599.0,2026-01-30,PAID
1459,280,1058,149.0,2026-01-30,PAID
1460,198,70,599.0,2026-01-30,UNPAID
1461,149,45,199.0,2026-01-30,PAID
1462,285,760,599.0,2026-01-30,PAID
1463,257,225,599.0,2026-01-30,PAID
1464,175,199,149.0,2026-01-30,PAID
1465,167,829,399.0,2026-01-30,PAID
1466,17,1061,599.0,2026-01-30,PAID
1467,138,1750,599.0,2026-01-30,PAID
1468,39,1410,599.0,2026-01-30,UNPAID
1469,211,611,599.0,2026-01-30,PAID
1470,45,60,599.0,2026-01-30,PAID
1471,51,671,399.0,2026-01-30,PAID
1472,121,1638,199.0,2026-01-30,PAID
1473,26,895,199.0,2026-01-30,PAID
1474,279,1054,399.0,2026-01-30,PAID
1475,196,894,199.0,2026-01-30,PAID
1476,242,1773,199.0,2026-01-30,PAID
1477,53,422,199.0,2026-01-30,PAID
1478,183,327,199.0,2026-01-30,PAID
1479,123,105,399.0,2026-01-30,PAID
1480,107,909,149.0,2026-01-30,PAID
1481,99,790,199.0,2026-01-30,PAID
1482,262,1053,399.0,2026-01-30,PAID
1483,131,469,399.0,2026-01-30,PAID
1484,291,1024,399.0,2026-01-30,PAID
1485,283,1660,599.0,2026-01-30,PAID
1486,202,905,599.0,2026-01-30,UNPAID
1487,241,510,599.0,2026-01-30,PAID
1488,262,245,199.0,2026-01-30,PAID
1489,35,982,599.0,2026-01-30,PAID
1490,94,771,149.0,2026-01-30,PAID
1491,187,1401,199.0,2026-01-30,PAID
1492,82,1259,399.0,2026-01-30,PAID
1493,248,1266,199.0,2026-01-30,PAID
1494,293,259,399.0,2026-01-30,UNPAID
1495,196,1015,199.0,2026-01-30,PAID
1496,93,573,199.0,2026-01-30,PAID
1497,193,1710,149.0,2026-01-30,PAID
1498,158,1371,199.0,2026-01-30,PAID
1499,167,864,599.0,2026-01-30,PAID
1500,190,1187,599.0,2026-01-30,PAID
1501,229,920,149.0,2026-01-30,PAID
1502,130,522,599.0,2026-01-30,PAID
1503,40,291,149.0,2026-01-30,PAID
1504,18,3,599.0,2026-01-30,PAID
1505,93,61,199.0,2026-01-30,PAID
1506,219,797,149.0,2026-01-30,PAID
1507,213,901,149.0,2026-01-30,PAID
1508,56,14,399.0,2026-01-30,PAID
1509,245,476,399.0,2026-01-30,PAID
1510,142,1649,399.0,2026-01-30,PAID
1511,297,1693,199.0,2026-01-30,UNPAID
1512,99,1794,599.0,2026-01-30,PAID
1513,259,1059,199.0,2026-01-30,UNPAID
1514,185,1431,199.0,2026-01-30,UNPAID
1515,53,1206,399.0,2026-01-30,UNPAID
1516,223,1318,149.0,2026-01-30,UNPAID
1517,26,859,199.0,2026-01-30,PAID
1518,292,1562,149.0,2026-01-30,UNPAID
1519,108,659,599.0,2026-01-30,PAID
1520,57,210,599.0,2026-01-30,PAID
1521,204,1384,399.0,2026-01-30,PAID
1522,255,157,149.0,2026-01-30,PAID
1523,144,584,399.0,2026-01-30,PAID
1524,263,1127,599.0,2026-01-30,PAID
1525,248,1329,149.0,2026-01-30,PAID
1526,191,1316,599.0,2026-01-30,PAID
1527,267,503,149.0,2026-01-30,PAID
1528,36,1249,599.0,2026-01-30,PAID
1529,255,1168,399.0,2026-01-30,UNPAID
1530,207,878,149.0,2026-01-30,PAID
1531,264,867,149.0,2026-01-30,UNPAID
1532,46,784,399.0,2026-01-30,PAID
1533,128,753,599.0,2026-01-30,PAID
1534,7,1682,199.0,2026-01-30,UNPAID
1535,173,1177,149.0,2026-01-30,PAID
1536,213,1034,399.0,2026-01-30,PAID
1537,213,1466,599.0,2026-01-30,PAID
1538,183,1326,199.0,2026-01-30,PAID
1539,16,972,149.0,2026-01-30,PAID
1540,163,1411,199.0,2026-01-30,PAID
1541,108,1228,199.0,2026-01-30,PAID
1542,115,943,399.0,2026-01-30,PAID
1543,46,150,199.0,2026-01-30,PAID
1544,165,1294,399.0,2026-01-30,UNPAID
1545,233,926,599.0,2026-01-30,PAID
1546,116,808,199.0,2026-01-30,PAID
1547,92,490,599.0,2026-01-30,PAID
1548,114,798,599.0,2026-01-30,PAID
1549,191,874,599.0,2026-01-30,PAID
1550,90,1695,599.0,2026-01-30,PAID
1551,39,9,199.0,2026-01-30,UNPAID
1552,297,1302,149.0,2026-01-30,PAID
1553,68,445,399.0,2026-01-30,PAID
1554,5,411,599.0,2026-01-30,PAID
1555,198,1160,599.0,2026-01-30,PAID
1556,185,832,599.0,2026-01-30,PAID
1557,278,908,199.0,2026-01-30,UNPAID
1558,32,88,149.0,2026-01-30,PAID
1559,73,1667,399.0,2026-01-30,UNPAID
1560,158,1161,149.0,2026-01-30,PAID
1561,44,1084,199.0,2026-01-30,UNPAID
1562,186,240,199.0,2026-01-30,PAID
1563,76,1774,599.0,2026-01-30,UNPAID
1564,294,1497,149.0,2026-01-30,PAID
1565,286,1199,199.0,2026-01-30,PAID
1566,22,538,399.0,2026-01-30,PAID
1567,197,383,199.0,2026-01-30,PAID
1568,170,925,149.0,2026-01-30,PAID
1569,270,1119,599.0,2026-01-30,PAID
1570,128,1709,399.0,2026-01-30,PAID
1571,31,1801,199.0,2026-01-30,PAID
1572,20,616,149.0,2026-01-30,UNPAID
1573,217,453,149.0,2026-01-30,PAID
