order_id,customer_id,product_id,order_status,order_date,completion_date
1,289,2,ACTIVE,2025-12-27 12:59:59,
2,226,2,ACTIVE,2026-01-08 15:41:56,
3,18,4,ACTIVE,2026-01-28 11:13:44,
4,46,4,ACTIVE,2026-01-03 14:06:46,
5,292,2,ACTIVE,2026-01-13 01:17:11,
6,163,3,ACTIVE,2026-01-06 15:06:11,
7,249,2,ACTIVE,2026-01-13 23:20:43,
8,297,4,ACTIVE,2025-12-28 19:35:57,
9,39,1,ACTIVE,2026-01-17 00:31:39,
10,58,4,ACTIVE,2025-12-26 15:34:21,
11,106,4,FAILED,2026-01-14 04:33:40,
12,57,3,ACTIVE,2026-01-15 22:31:51,
13,188,1,ACTIVE,2025-12-21 19:07:17,
14,56,2,ACTIVE,2026-01-14 00:06:34,
15,30,1,ACTIVE,2025-12-30 13:54:04,
16,143,1,ACTIVE,2026-01-29 08:21:07,
17,187,2,ACTIVE,2026-01-20 02:10:18,
18,289,2,ACTIVE,2026-01-12 15:17:42,
19,3,3,ACTIVE,2025-12-22 19:38:26,
20,269,1,ACTIVE,2026-01-28 14:02:36,
21,8,4,ACTIVE,2026-01-18 07:37:32,
22,133,3,ACTIVE,2026-01-06 22:59:44,
23,223,2,ACTIVE,2026-01-30 12:24:02,
24,144,2,ACTIVE,2026-01-19 00:38:22,
25,115,3,ACTIVE,2025-12-19 17:44:30,
26,260,3,ACTIVE,2025-12-31 21:04:36,
27,273,3,FAILED,2026-01-08 21:38:26,
28,294,4,ACTIVE,2026-01-16 20:08:11,
29,2,1,ACTIVE,2025-12-24 14:18:28,
30,282,2,ACTIVE,2025-12-28 08:00:11,
31,54,4,FAILED,2026-01-14 19:52:58,
32,11,3,FAILED,2026-01-02 00:04:32,
33,237,2,ACTIVE,2026-01-17 04:00:15,
34,120,2,FAILED,2025-12-23 06:46:12,
35,33,1,ACTIVE,2025-12-19 23:59:05,
36,5,2,ACTIVE,2025-12-29 03:15:04,
37,126,2,ACTIVE,2026-01-14 16:33:52,
38,266,3,ACTIVE,2025-12-17 16:49:03,
39,176,2,FAILED,2026-01-12 17:33:01,
40,83,2,FAILED,2026-01-13 09:48:58,
41,31,1,ACTIVE,2026-01-12 01:23:37,
42,292,1,ACTIVE,2025-12-21 02:09:39,
43,232,4,ACTIVE,2026-01-14 10:17:33,
44,34,3,ACTIVE,2025-12-27 07:34:51,
45,149,1,ACTIVE,2026-01-18 11:07:59,
46,13,1,ACTIVE,2025-12-21 17:36:52,
47,215,1,ACTIVE,2026-01-10 22:59:25,
48,285,1,ACTIVE,2025-12-27 08:55:10,
49,261,4,ACTIVE,2025-12-20 19:49:26,
50,108,1,ACTIVE,2026-01-26 17:07:10,
51,240,4,ACTIVE,2026-01-17 05:21:09,
52,192,4,ACTIVE,2025-12-18 10:17:03,
53,226,3,ACTIVE,2026-01-05 20:38:31,
54,192,4,ACTIVE,2025-12-31 12:01:19,
55,149,3,ACTIVE,2026-01-10 21:54:25,
56,297,1,ACTIVE,2026-01-27 23:27:50,
57,294,1,ACTIVE,2026-01-07 09:57:30,
58,281,2,ACTIVE,2026-01-16 03:08:35,
59,223,2,ACTIVE,2025-12-17 09:23:49,
60,45,4,ACTIVE,2026-01-16 05:09:59,
61,93,1,ACTIVE,2026-01-03 07:17:45,
62,9,3,ACTIVE,2025-12-28 16:20:51,
63,51,1,ACTIVE,2026-01-17 08:34:30,
64,174,2,ACTIVE,2025-12-24 21:35:12,
65,168,4,ACTIVE,2025-12-23 13:44:58,
66,221,3,ACTIVE,2026-01-16 14:59:04,
67,241,4,FAILED,2026-01-21 06:06:31,
68,227,3,ACTIVE,2025-12-17 19:06:39,
69,272,2,FAILED,2026-01-26 04:09:44,
70,198,4,ACTIVE,2026-01-30 17:17:51,
71,201,3,ACTIVE,2025-12-30 13:52:29,
72,108,3,ACTIVE,2025-12-26 09:19:18,
73,78,1,FAILED,2026-01-12 22:04:34,
74,240,4,ACTIVE,2026-01-26 14:01:14,
75,57,4,ACTIVE,2026-01-07 13:55:32,
76,97,4,ACTIVE,2025-12-23 04:27:53,
77,134,1,ACTIVE,2025-12-27 04:57:16,
78,44,3,ACTIVE,2026-01-12 18:24:00,
79,152,4,ACTIVE,2026-01-21 20:45:09,
80,228,2,ACTIVE,2025-12-25 06:53:46,
81,281,4,ACTIVE,2026-01-12 00:02:05,
82,245,4,ACTIVE,2025-12-19 20:07:14,
83,106,1,FAILED,2026-01-17 12:21:50,
84,158,1,ACTIVE,2026-01-10 13:30:13,
85,155,3,ACTIVE,2025-12-27 12:11:22,
86,102,1,ACTIVE,2026-01-04 14:05:42,
87,24,4,ACTIVE,2026-01-02 17:52:43,
88,32,3,ACTIVE,2026-01-29 13:21:44,
89,45,3,ACTIVE,2026-01-28 13:46:34,
90,51,4,ACTIVE,2026-01-07 14:56:14,
91,255,4,ACTIVE,2025-12-30 07:16:51,
92,286,2,ACTIVE,2026-01-28 06:34:33,
93,34,3,ACTIVE,2026-01-13 05:48:23,
94,282,1,ACTIVE,2026-01-08 08:40:24,
95,55,2,FAILED,2026-01-28 19:08:58,
96,38,3,ACTIVE,2026-01-28 14:09:07,
97,69,3,ACTIVE,2026-01-13 04:19:33,
98,202,1,ACTIVE,2026-01-30 11:14:09,
99,235,3,ACTIVE,2026-01-17 07:07:48,
100,237,2,ACTIVE,2026-01-17 14:10:19,
101,77,3,ACTIVE,2025-12-31 10:54:26,
102,100,4,ACTIVE,2025-12-17 23:53:01,
103,176,1,ACTIVE,2026-01-26 15:13:26,
104,248,1,ACTIVE,2026-01-06 20:18:15,
105,123,2,ACTIVE,2026-01-19 13:54:30,
106,96,4,ACTIVE,2025-12-31 12:17:24,
107,278,1,ACTIVE,2026-01-14 19:15:38,
108,139,1,ACTIVE,2026-01-14 05:17:14,
109,250,3,ACTIVE,2026-01-13 12:54:51,
110,275,2,ACTIVE,2026-01-06 23:02:32,
111,176,4,ACTIVE,2026-01-14 03:19:47,
112,214,1,ACTIVE,2025-12-27 02:41:48,
113,242,3,ACTIVE,2026-01-14 13:43:15,
114,236,1,ACTIVE,2026-01-13 22:01:46,
115,290,1,ACTIVE,2026-01-28 13:59:41,
116,113,2,ACTIVE,2025-12-25 20:30:22,
117,57,1,ACTIVE,2025-12-22 01:20:58,
118,61,2,ACTIVE,2025-12-23 16:35:25,
119,104,4,ACTIVE,2025-12-24 20:40:08,
120,80,4,ACTIVE,2025-12-30 00:51:25,
121,45,4,ACTIVE,2026-01-27 11:04:46,
122,139,4,ACTIVE,2025-12-28 07:08:26,
123,170,4,ACTIVE,2026-01-22 20:00:56,
124,6,3,ACTIVE,2025-12-17 04:26:02,
125,205,4,ACTIVE,2026-01-18 01:08:13,
126,268,2,ACTIVE,2026-01-20 11:37:26,
127,236,4,ACTIVE,2026-01-08 14:33:26,
128,40,4,ACTIVE,2025-12-19 00:35:13,
129,7,2,ACTIVE,2026-01-19 01:29:54,
130,266,1,ACTIVE,2025-12-16 19:44:02,
131,235,1,ACTIVE,2026-01-02 14:15:23,
132,230,1,ACTIVE,2026-01-25 08:40:18,
133,62,4,ACTIVE,2026-01-15 00:24:34,
134,24,2,ACTIVE,2026-01-27 20:32:41,
135,85,3,ACTIVE,2026-01-08 17:16:03,
136,193,4,ACTIVE,2026-01-30 09:32:47,
137,135,1,ACTIVE,2026-01-20 11:45:18,
138,191,4,ACTIVE,2025-12-26 12:48:59,
139,207,1,ACTIVE,2026-01-20 00:57:15,
140,220,1,FAILED,2026-01-16 10:12:37,
141,120,2,ACTIVE,2026-01-24 23:44:27,
142,132,3,ACTIVE,2025-12-27 21:20:26,
143,105,4,ACTIVE,2026-01-22 13:00:24,
144,37,3,ACTIVE,2026-01-03 01:18:11,
145,66,2,FAILED,2026-01-15 21:13:56,
146,83,3,ACTIVE,2026-01-01 12:34:33,
147,179,4,ACTIVE,2025-12-24 06:33:13,
148,103,2,ACTIVE,2026-01-23 00:24:06,
149,14,2,ACTIVE,2026-01-04 08:14:47,
150,46,1,ACTIVE,2026-01-15 03:20:55,
151,166,1,ACTIVE,2026-01-16 15:11:21,
152,108,4,ACTIVE,2026-01-24 23:08:38,
153,217,4,ACTIVE,2026-01-02 05:18:07,
154,264,2,ACTIVE,2025-12-28 19:34:20,
155,72,2,ACTIVE,2025-12-31 19:44:23,
156,181,1,FAILED,2025-12-26 02:13:58,
157,255,3,ACTIVE,2025-12-22 13:42:36,
158,68,3,ACTIVE,2026-01-13 16:13:33,
159,145,3,FAILED,2026-01-01 10:07:54,
160,4,4,ACTIVE,2026-01-02 06:12:24,
161,187,3,ACTIVE,2026-01-05 01:18:01,
162,15,4,ACTIVE,2026-01-29 12:24:42,
163,106,3,FAILED,2025-12-24 15:56:35,
164,94,4,ACTIVE,2026-01-17 00:36:31,
165,173,1,ACTIVE,2026-01-20 18:16:57,
166,43,3,ACTIVE,2026-01-22 10:29:48,
167,32,3,ACTIVE,2025-12-30 20:55:11,
168,239,4,ACTIVE,2026-01-02 21:44:53,
169,250,3,ACTIVE,2025-12-22 02:21:39,
170,7,2,ACTIVE,2025-12-30 16:35:49,
171,167,4,ACTIVE,2026-01-04 20:04:53,
172,220,3,ACTIVE,2025-12-18 02:38:49,
173,241,1,ACTIVE,2026-01-08 23:04:14,
174,169,2,FAILED,2026-01-27 00:45:02,
175,45,2,ACTIVE,2026-01-05 05:11:26,
176,11,4,ACTIVE,2025-12-27 20:01:52,
177,278,3,ACTIVE,2026-01-22 05:46:51,
178,230,2,ACTIVE,2026-01-22 18:08:18,
179,126,3,ACTIVE,2025-12-28 11:38:02,
180,192,3,ACTIVE,2025-12-29 18:52:29,
181,94,4,ACTIVE,2026-01-22 12:25:09,
182,52,1,FAILED,2025-12-21 09:17:00,
183,195,3,ACTIVE,2025-12-29 04:47:22,
184,76,3,ACTIVE,2026-01-28 20:59:10,
185,206,1,ACTIVE,2026-01-25 22:08:37,
186,125,4,ACTIVE,2026-01-12 11:39:07,
187,202,3,ACTIVE,2026-01-04 03:15:45,
188,137,2,ACTIVE,2026-01-25 06:53:35,
189,97,4,ACTIVE,2025-12-17 02:56:19,
190,1,4,ACTIVE,2026-01-30 17:18:26,
191,67,3,ACTIVE,2026-01-13 04:00:37,
192,13,2,ACTIVE,2025-12-19 13:15:45,
193,153,4,ACTIVE,2026-01-19 11:34:38,
194,10,3,FAILED,2026-01-22 10:25:24,
195,163,4,ACTIVE,2025-12-30 15:42:27,
196,135,2,ACTIVE,2026-01-28 10:40:02,
197,145,1,ACTIVE,2025-12-26 04:10:43,
198,147,2,ACTIVE,2025-12-19 20:08:06,
199,175,3,ACTIVE,2026-01-01 20:15:54,
200,298,2,ACTIVE,2025-12-19 10:34:18,
201,138,3,FAILED,2026-01-29 11:34:57,
202,225,1,ACTIVE,2025-12-23 13:08:29,
203,56,1,ACTIVE,2026-01-29 09:02:17,
204,74,1,ACTIVE,2026-01-12 00:34:13,
205,188,2,ACTIVE,2025-12-31 17:31:22,
206,291,2,ACTIVE,2026-01-07 03:18:34,
207,296,2,ACTIVE,2026-01-25 20:29:56,
208,286,2,FAILED,2026-01-11 03:53:11,
209,267,2,ACTIVE,2026-01-02 15:03:32,
210,57,4,ACTIVE,2026-01-12 09:04:34,
211,176,1,ACTIVE,2026-01-03 21:55:09,
212,164,1,ACTIVE,2025-12-26 10:58:27,
213,113,1,ACTIVE,2025-12-19 04:10:09,
214,153,2,ACTIVE,2025-12-24 05:48:25,
215,31,2,ACTIVE,2025-12-28 00:01:25,
216,169,2,ACTIVE,2026-01-02 00:41:16,
217,149,4,ACTIVE,2026-01-01 07:30:48,
218,137,3,ACTIVE,2025-12-31 12:02:17,
219,253,2,FAILED,2026-01-03 05:18:03,
220,126,2,ACTIVE,2026-01-01 05:35:07,
221,209,2,ACTIVE,2026-01-13 00:13:44,
222,212,3,ACTIVE,2025-12-18 21:58:06,
223,258,4,ACTIVE,2026-01-11 01:45:37,
224,8,1,ACTIVE,2026-01-27 20:48:39,
225,257,4,ACTIVE,2025-12-31 04:06:27,
226,276,3,ACTIVE,2026-01-22 06:28:19,
227,234,4,ACTIVE,2025-12-27 03:06:18,
228,285,3,ACTIVE,2026-01-11 02:58:03,
229,176,1,ACTIVE,2025-12-31 00:55:11,
230,251,2,ACTIVE,2026-01-07 15:29:32,
231,75,1,ACTIVE,2026-01-16 07:14:22,
232,22,4,ACTIVE,2026-01-12 23:18:28,
233,42,4,ACTIVE,2025-12-25 11:10:43,
234,208,2,FAILED,2025-12-26 14:33:32,
235,278,2,FAILED,2025-12-19 04:52:35,
236,9,2,ACTIVE,2025-12-31 01:32:56,
237,48,4,ACTIVE,2025-12-23 08:37:27,
238,261,1,ACTIVE,2026-01-29 22:27:55,
239,92,3,ACTIVE,2026-01-04 21:44:14,
240,186,1,ACTIVE,2026-01-10 21:30:26,
241,167,1,ACTIVE,2025-12-25 17:39:10,
242,101,4,ACTIVE,2025-12-29 07:48:20,
243,266,2,ACTIVE,2025-12-17 11:19:27,
244,237,1,ACTIVE,2025-12-17 13:28:02,
245,262,1,ACTIVE,2026-01-28 08:51:17,
246,84,2,ACTIVE,2025-12-17 07:47:24,
247,296,3,FAILED,2026-01-12 03:23:36,
248,201,1,ACTIVE,2026-01-09 18:26:09,
249,15,1,ACTIVE,2025-12-27 13:16:51,
250,83,2,ACTIVE,2025-12-24 04:13:27,
251,57,3,ACTIVE,2025-12-26 05:22:03,
252,88,3,ACTIVE,2026-01-17 10:56:05,
253,57,3,ACTIVE,2026-01-29 06:17:06,
254,296,2,ACTIVE,2026-01-30 15:38:19,
255,8,3,ACTIVE,2025-12-21 11:27:40,
256,244,3,ACTIVE,2026-01-02 01:37:56,
257,283,2,ACTIVE,2025-12-20 23:16:13,
258,196,4,ACTIVE,2025-12-21 05:37:19,
259,293,2,ACTIVE,2026-01-09 00:56:01,
260,131,2,ACTIVE,2026-01-22 17:07:43,
261,50,1,ACTIVE,2026-01-29 03:11:34,
262,169,3,FAILED,2025-12-31 14:13:57,
263,18,2,ACTIVE,2025-12-24 03:07:38,
264,250,2,ACTIVE,2025-12-26 15:15:02,
265,269,1,ACTIVE,2025-12-24 09:41:49,
266,183,4,ACTIVE,2025-12-26 11:29:40,
267,163,1,ACTIVE,2025-12-24 10:17:40,
268,218,1,ACTIVE,2026-01-26 21:44:34,
269,107,3,ACTIVE,2026-01-22 19:53:39,
270,134,3,ACTIVE,2026-01-09 23:25:39,
271,200,1,ACTIVE,2026-01-08 09:01:32,
272,73,1,ACTIVE,2026-01-15 17:54:54,
273,300,1,ACTIVE,2026-01-27 09:08:39,
274,71,2,ACTIVE,2025-12-24 07:10:46,
275,164,2,ACTIVE,2025-12-28 12:13:08,
276,275,2,FAILED,2025-12-21 11:15:21,
277,279,4,ACTIVE,2026-01-12 13:53:12,
278,280,4,ACTIVE,2026-01-10 13:44:55,
279,92,3,FAILED,2026-01-29 13:52:00,
280,69,2,ACTIVE,2026-01-15 10:42:31,
281,264,2,ACTIVE,2025-12-18 12:07:14,
282,11,4,ACTIVE,2026-01-25 17:28:36,
283,217,1,ACTIVE,2026-01-06 05:54:54,
284,25,2,ACTIVE,2026-01-28 00:40:18,
285,235,1,ACTIVE,2026-01-10 18:49:01,
286,288,1,ACTIVE,2025-12-23 10:49:22,
287,209,3,ACTIVE,2026-01-02 07:03:27,
288,222,4,ACTIVE,2025-12-16 19:55:37,
289,36,2,ACTIVE,2026-01-16 20:16:43,
290,241,3,ACTIVE,2025-12-25 00:51:20,
291,40,3,ACTIVE,2025-12-18 05:15:52,
292,253,4,ACTIVE,2026-01-01 07:38:55,
293,39,3,ACTIVE,2025-12-27 03:56:23,
294,269,4,FAILED,2026-01-10 23:42:18,
295,7,2,ACTIVE,2025-12-30 17:56:03,
296,11,3,FAILED,2026-01-18 21:33:25,
297,93,2,ACTIVE,2026-01-01 02:26:09,
298,281,4,FAILED,2026-01-09 00:34:34,
299,100,3,ACTIVE,2026-01-09 04:31:15,
300,49,4,ACTIVE,2026-01-28 12:08:41,
301,294,1,ACTIVE,2026-01-01 08:15:03,
302,41,2,ACTIVE,2026-01-09 10:46:56,
303,223,1,ACTIVE,2026-01-10 13:16:37,
304,265,1,ACTIVE,2026-01-12 04:22:55,
305,60,2,ACTIVE,2026-01-06 23:10:32,
306,247,4,ACTIVE,2026-01-28 20:24:14,
307,144,4,ACTIVE,2026-01-29 00:29:29,
308,42,2,ACTIVE,2025-12-25 13:23:44,
309,200,3,ACTIVE,2026-01-23 04:26:14,
310,14,1,FAILED,2025-12-22 01:41:24,
311,62,2,ACTIVE,2026-01-26 10:29:59,
312,181,1,ACTIVE,2026-01-17 02:56:11,
313,22,4,ACTIVE,2026-01-28 06:05:37,
314,127,1,ACTIVE,2026-01-08 17:15:31,
315,41,1,ACTIVE,2026-01-16 06:18:22,
316,91,2,FAILED,2026-01-23 11:51:30,
317,142,2,ACTIVE,2025-12-28 10:00:50,
318,152,3,ACTIVE,2026-01-14 10:36:07,
319,133,4,ACTIVE,2026-01-16 23:53:29,
320,163,3,ACTIVE,2026-01-08 07:07:25,
321,42,4,ACTIVE,2026-01-16 06:22:22,
322,97,3,ACTIVE,2025-12-27 14:38:28,
323,47,4,ACTIVE,2026-01-20 04:54:46,
324,290,1,ACTIVE,2026-01-15 11:48:39,
325,143,4,ACTIVE,2026-01-18 16:16:16,
326,210,1,ACTIVE,2026-01-03 10:20:14,
327,183,1,ACTIVE,2025-12-20 18:00:21,
328,145,2,ACTIVE,2025-12-31 03:17:16,
329,266,1,ACTIVE,2026-01-13 02:20:11,
330,16,3,ACTIVE,2026-01-11 02:03:14,
331,55,2,FAILED,2025-12-31 06:57:15,
332,224,3,ACTIVE,2026-01-05 03:55:56,
333,279,1,ACTIVE,2026-01-17 20:44:33,
334,107,3,ACTIVE,2025-12-23 22:05:12,
335,49,4,ACTIVE,2026-01-23 14:39:01,
336,154,2,ACTIVE,2025-12-31 00:49:28,
337,1,3,FAILED,2025-12-18 19:01:21,
338,12,4,ACTIVE,2025-12-23 00:57:32,
339,5,1,ACTIVE,2026-01-06 01:28:09,
340,23,2,ACTIVE,2026-01-06 20:25:13,
341,150,3,ACTIVE,2025-12-30 02:35:10,
342,291,3,ACTIVE,2026-01-11 14:50:48,
343,50,1,FAILED,2025-12-24 16:56:45,
344,127,3,ACTIVE,2025-12-17 13:32:02,
345,243,4,ACTIVE,2026-01-12 04:58:20,
346,110,4,ACTIVE,2026-01-26 21:28:13,
347,51,3,ACTIVE,2025-12-31 12:43:45,
348,108,2,ACTIVE,2025-12-25 21:21:49,
349,269,2,ACTIVE,2025-12-23 21:55:24,
350,155,1,ACTIVE,2025-12-20 10:59:14,
351,239,3,ACTIVE,2026-01-30 06:42:55,
352,160,3,ACTIVE,2026-01-11 13:54:30,
353,115,2,ACTIVE,2025-12-24 04:11:24,
354,135,1,ACTIVE,2025-12-21 21:06:25,
355,254,1,ACTIVE,2026-01-22 07:12:39,
356,90,4,ACTIVE,2026-01-19 04:26:22,
357,215,1,ACTIVE,2026-01-01 08:26:59,
358,62,3,ACTIVE,2026-01-07 14:41:23,
359,264,4,ACTIVE,2026-01-16 15:40:22,
360,108,3,ACTIVE,2025-12-18 15:33:23,
361,137,1,FAILED,2025-12-17 16:49:41,
362,67,2,FAILED,2026-01-09 16:15:01,
363,47,4,ACTIVE,2026-01-20 03:55:16,
364,18,3,ACTIVE,2026-01-13 08:53:11,
365,95,4,FAILED,2025-12-28 16:01:32,
366,22,2,ACTIVE,2025-12-29 19:12:59,
367,187,3,ACTIVE,2026-01-27 03:30:24,
368,25,1,ACTIVE,2025-12-21 10:18:59,
369,191,3,ACTIVE,2026-01-28 19:43:29,
370,70,1,ACTIVE,2026-01-07 13:20:41,
371,234,1,ACTIVE,2026-01-09 01:01:24,
372,88,1,ACTIVE,2025-12-25 00:17:23,
373,160,1,ACTIVE,2026-01-04 04:49:59,
374,101,3,ACTIVE,2025-12-24 05:59:07,
375,243,1,ACTIVE,2026-01-08 18:37:33,
376,41,4,ACTIVE,2026-01-20 06:52:55,
377,150,2,ACTIVE,2026-01-30 19:08:18,
378,253,4,ACTIVE,2026-01-08 22:43:28,
379,34,4,ACTIVE,2026-01-28 16:33:45,
380,246,3,ACTIVE,2025-12-28 02:10:41,
381,174,2,ACTIVE,2026-01-08 03:14:39,
382,171,1,ACTIVE,2026-01-11 14:48:18,
383,197,1,ACTIVE,2025-12-26 16:47:47,
384,248,2,ACTIVE,2026-01-14 15:22:56,
385,104,4,FAILED,2026-01-24 19:08:38,
386,289,3,ACTIVE,2025-12-22 11:53:31,
387,130,4,ACTIVE,2026-01-17 15:29:44,
388,74,2,ACTIVE,2026-01-23 17:20:47,
389,257,4,FAILED,2026-01-09 08:12:51,
390,136,2,ACTIVE,2026-01-06 10:08:47,
391,276,3,ACTIVE,2026-01-02 09:15:24,
392,2,1,ACTIVE,2025-12-31 09:03:26,
393,70,3,ACTIVE,2026-01-14 04:36:05,
394,260,2,ACTIVE,2026-01-10 05:34:11,
395,210,1,ACTIVE,2025-12-25 05:21:32,
396,267,1,ACTIVE,2026-01-26 22:13:42,
397,45,3,ACTIVE,2026-01-20 20:55:49,
398,280,3,ACTIVE,2025-12-22 16:32:34,
399,127,2,ACTIVE,2026-01-01 21:07:00,
400,78,1,ACTIVE,2026-01-28 06:33:53,
401,63,1,ACTIVE,2025-12-26 21:07:33,
402,211,4,ACTIVE,2026-01-20 00:22:57,
403,16,3,ACTIVE,2026-01-02 03:00:12,
404,203,1,ACTIVE,2026-01-08 02:02:51,
405,18,2,ACTIVE,2026-01-07 09:25:30,
406,70,1,ACTIVE,2026-01-24 11:37:57,
407,62,4,ACTIVE,2025-12-27 22:03:38,
408,19,1,ACTIVE,2026-01-21 21:01:09,
409,2,4,ACTIVE,2026-01-25 16:37:37,
410,226,2,ACTIVE,2025-12-29 01:47:23,
411,5,4,ACTIVE,2025-12-27 20:56:41,
412,245,2,ACTIVE,2026-01-04 23:01:34,
413,241,2,ACTIVE,2025-12-27 17:31:12,
414,234,3,FAILED,2025-12-25 10:46:32,
415,25,4,ACTIVE,2025-12-26 13:32:07,
416,37,4,ACTIVE,2026-01-16 08:15:30,
417,234,1,ACTIVE,2025-12-19 19:48:02,
418,289,1,ACTIVE,2026-01-23 17:30:18,
419,165,1,ACTIVE,2025-12-16 22:37:23,
420,65,4,ACTIVE,2025-12-21 06:33:53,
421,274,1,ACTIVE,2026-01-05 17:00:20,
422,53,1,ACTIVE,2026-01-23 03:50:35,
423,279,3,ACTIVE,2026-01-05 21:07:55,
424,207,1,ACTIVE,2026-01-11 15:19:07,
425,202,1,ACTIVE,2025-12-20 08:14:38,
426,235,3,ACTIVE,2025-12-19 10:04:17,
427,86,1,ACTIVE,2025-12-31 03:46:24,
428,196,3,ACTIVE,2025-12-21 17:01:44,
429,203,3,ACTIVE,2026-01-07 06:53:38,
430,115,1,ACTIVE,2025-12-28 19:51:22,
431,149,1,ACTIVE,2026-01-05 03:23:15,
432,288,1,ACTIVE,2026-01-05 15:44:44,
433,53,1,ACTIVE,2026-01-13 05:33:34,
434,194,1,ACTIVE,2025-12-19 18:16:50,
435,262,4,ACTIVE,2026-01-08 10:52:32,
436,4,2,ACTIVE,2026-01-30 16:41:51,
437,185,3,ACTIVE,2025-12-29 21:23:56,
438,154,1,ACTIVE,2026-01-28 12:11:29,
439,208,1,ACTIVE,2025-12-30 13:07:05,
440,203,1,ACTIVE,2026-01-27 18:32:44,
441,11,3,ACTIVE,2025-12-21 00:35:18,
442,21,3,ACTIVE,2026-01-20 17:11:20,
443,95,4,ACTIVE,2025-12-29 08:03:28,
444,186,1,ACTIVE,2025-12-21 12:55:39,
445,68,2,ACTIVE,2026-01-02 11:03:01,
446,288,4,ACTIVE,2026-01-22 05:10:42,
447,117,4,ACTIVE,2025-12-24 19:41:54,
448,101,4,ACTIVE,2025-12-17 22:52:15,
449,267,3,ACTIVE,2026-01-04 13:34:04,
450,146,3,ACTIVE,2026-01-20 21:40:46,
451,73,3,ACTIVE,2026-01-08 11:44:44,
452,1,1,ACTIVE,2026-01-15 01:08:17,
453,217,3,ACTIVE,2025-12-18 01:44:16,
454,249,2,ACTIVE,2025-12-22 13:25:19,
455,294,2,ACTIVE,2025-12-18 15:38:02,
456,204,2,ACTIVE,2025-12-28 23:39:52,
457,187,4,ACTIVE,2026-01-01 15:34:58,
458,295,2,ACTIVE,2025-12-20 04:42:58,
459,40,4,ACTIVE,2026-01-02 11:03:11,
460,200,4,ACTIVE,2025-12-29 11:08:57,
461,11,4,ACTIVE,2026-01-26 13:37:26,
462,11,4,ACTIVE,2026-01-08 21:01:33,
463,211,2,ACTIVE,2025-12-31 04:11:04,
464,178,3,ACTIVE,2025-12-20 23:34:21,
465,79,2,ACTIVE,2026-01-19 18:45:03,
466,251,4,ACTIVE,2026-01-26 04:52:09,
467,182,3,ACTIVE,2026-01-27 20:39:30,
468,57,2,ACTIVE,2026-01-22 10:02:52,
469,131,2,ACTIVE,2025-12-23 20:22:29,
470,96,4,FAILED,2026-01-16 02:37:43,
471,257,1,ACTIVE,2025-12-29 17:38:48,
472,242,1,ACTIVE,2025-12-25 19:33:15,
473,33,1,ACTIVE,2026-01-22 13:09:50,
474,168,4,FAILED,2025-12-22 00:59:13,
475,76,3,ACTIVE,2026-01-08 19:23:21,
476,245,2,ACTIVE,2026-01-27 21:54:05,
477,176,4,ACTIVE,2026-01-20 12:15:44,
478,243,1,FAILED,2026-01-04 02:56:52,
479,216,2,ACTIVE,2026-01-10 12:17:21,
480,245,3,ACTIVE,2025-12-27 15:36:40,
481,157,2,ACTIVE,2026-01-14 05:33:59,
482,12,3,ACTIVE,2025-12-27 06:46:58,
483,136,2,ACTIVE,2026-01-23 05:46:40,
484,144,1,ACTIVE,2026-01-21 00:25:02,
485,51,2,FAILED,2026-01-13 07:16:20,
486,280,2,ACTIVE,2026-01-26 04:33:40,
487,258,2,ACTIVE,2026-01-05 16:03:12,
488,239,4,ACTIVE,2026-01-26 11:30:12,
489,55,2,ACTIVE,2025-12-25 03:35:19,
490,92,4,ACTIVE,2025-12-26 17:30:51,
491,282,3,ACTIVE,2026-01-25 06:10:58,
492,23,2,ACTIVE,2025-12-26 15:09:36,
493,175,2,ACTIVE,2026-01-04 17:57:07,
494,294,1,FAILED,2025-12-19 20:56:45,
495,76,2,ACTIVE,2026-01-05 18:37:22,
496,217,1,ACTIVE,2026-01-03 09:55:54,
497,57,3,ACTIVE,2026-01-13 08:45:16,
498,279,3,ACTIVE,2026-01-23 21:24:48,
499,109,3,ACTIVE,2026-01-18 16:43:54,
500,16,3,ACTIVE,2026-01-28 04:19:33,
501,261,4,ACTIVE,2026-01-10 19:02:29,
502,278,2,ACTIVE,2026-01-12 22:45:56,
503,267,3,ACTIVE,2026-01-11 20:01:27,
504,7,2,ACTIVE,2025-12-18 11:01:34,
505,95,2,ACTIVE,2026-01-30 01:11:09,
506,16,4,ACTIVE,2026-01-13 14:50:43,
507,59,2,ACTIVE,2026-01-15 03:43:43,
508,13,4,ACTIVE,2026-01-10 12:50:14,
509,82,1,ACTIVE,2026-01-25 12:21:10,
510,241,4,ACTIVE,2026-01-03 07:02:01,
511,260,4,FAILED,2026-01-13 17:50:19,
512,291,4,ACTIVE,2026-01-05 08:16:19,
513,58,2,ACTIVE,2026-01-12 02:51:55,
514,176,2,ACTIVE,2026-01-25 17:39:47,
515,119,1,ACTIVE,2026-01-24 16:24:26,
516,140,1,ACTIVE,2026-01-07 19:00:41,
517,158,4,ACTIVE,2025-12-29 21:15:48,
518,88,2,ACTIVE,2026-01-14 01:38:16,
519,126,1,ACTIVE,2026-01-12 04:03:08,
520,80,4,ACTIVE,2026-01-08 12:38:37,
521,21,4,ACTIVE,2026-01-04 15:14:57,
522,130,4,ACTIVE,2026-01-27 11:10:52,
523,242,4,ACTIVE,2026-01-17 03:17:00,
524,191,1,ACTIVE,2026-01-11 20:12:42,
525,252,2,ACTIVE,2026-01-20 03:50:18,
526,31,2,ACTIVE,2026-01-09 15:30:51,
527,13,3,ACTIVE,2026-01-22 22:26:11,
528,11,4,ACTIVE,2025-12-29 01:19:31,
529,264,1,ACTIVE,2026-01-08 23:04:51,
530,99,2,ACTIVE,2026-01-08 06:17:43,
531,202,4,ACTIVE,2026-01-06 21:26:26,
532,8,4,ACTIVE,2025-12-31 22:43:30,
533,243,3,ACTIVE,2026-01-13 19:45:26,
534,1,2,ACTIVE,2025-12-27 21:37:36,
535,72,1,ACTIVE,2025-12-29 06:24:05,
536,88,4,ACTIVE,2026-01-18 04:24:15,
537,122,3,ACTIVE,2026-01-02 22:51:09,
538,22,2,ACTIVE,2025-12-29 02:52:54,
539,74,2,ACTIVE,2026-01-12 10:48:35,
540,269,4,ACTIVE,2026-01-05 21:55:51,
541,60,2,ACTIVE,2026-01-15 19:12:52,
542,293,1,ACTIVE,2026-01-04 12:18:40,
543,15,3,ACTIVE,2026-01-24 12:57:46,
544,199,3,FAILED,2026-01-11 03:09:35,
545,155,3,ACTIVE,2025-12-26 23:34:26,
546,159,3,ACTIVE,2026-01-06 06:42:33,
547,204,3,ACTIVE,2026-01-08 14:22:51,
548,209,4,ACTIVE,2026-01-21 07:13:40,
549,108,1,ACTIVE,2026-01-03 07:06:46,
550,257,4,ACTIVE,2026-01-25 15:08:51,
551,103,4,ACTIVE,2025-12-25 01:37:49,
552,194,1,FAILED,2026-01-19 18:52:00,
553,276,3,ACTIVE,2026-01-24 23:36:16,
554,25,2,ACTIVE,2025-12-18 08:14:43,
555,199,2,ACTIVE,2026-01-10 01:50:53,
556,87,2,ACTIVE,2025-12-30 16:57:48,
557,148,1,ACTIVE,2026-01-27 23:58:01,
558,126,3,ACTIVE,2026-01-28 02:40:54,
559,190,2,ACTIVE,2025-12-29 18:32:47,
560,251,3,ACTIVE,2026-01-28 00:14:37,
561,280,2,ACTIVE,2025-12-29 21:25:56,
562,200,3,ACTIVE,2026-01-10 01:38:13,
563,80,3,FAILED,2026-01-12 11:28:36,
564,1,2,ACTIVE,2026-01-10 04:43:05,
565,16,3,ACTIVE,2026-01-22 23:22:58,
566,156,4,ACTIVE,2026-01-20 05:12:16,
567,102,3,ACTIVE,2026-01-14 16:38:24,
568,142,3,ACTIVE,2025-12-29 08:53:54,
569,188,2,ACTIVE,2026-01-29 00:34:09,
570,136,1,FAILED,2025-12-26 23:02:18,
571,194,4,ACTIVE,2025-12-20 20:45:10,
572,211,4,ACTIVE,2026-01-23 04:12:41,
573,93,1,ACTIVE,2025-12-18 15:45:30,
574,146,1,ACTIVE,2025-12-22 02:40:21,
575,212,1,ACTIVE,2026-01-21 00:37:17,
576,75,2,ACTIVE,2025-12-31 00:58:28,
577,192,2,ACTIVE,2026-01-26 01:05:10,
578,126,3,ACTIVE,2026-01-11 06:20:32,
579,112,2,ACTIVE,2025-12-26 11:31:03,
580,20,4,ACTIVE,2026-01-10 18:51:54,
581,58,1,FAILED,2025-12-28 07:23:38,
582,291,3,FAILED,2026-01-18 14:12:38,
583,87,1,ACTIVE,2026-01-06 13:59:17,
584,144,2,ACTIVE,2025-12-20 17:14:23,
585,101,3,ACTIVE,2026-01-01 10:13:20,
586,105,1,ACTIVE,2025-12-23 18:20:09,
587,295,2,ACTIVE,2025-12-27 05:14:14,
588,106,2,ACTIVE,2026-01-21 04:12:50,
589,227,3,ACTIVE,2026-01-22 22:09:35,
590,149,4,ACTIVE,2026-01-16 05:54:38,
591,214,1,ACTIVE,2026-01-10 02:03:52,
592,165,2,ACTIVE,2025-12-19 01:51:17,
593,259,1,ACTIVE,2025-12-26 10:24:34,
594,266,1,ACTIVE,2026-01-20 02:53:25,
595,84,3,ACTIVE,2025-12-19 05:58:03,
596,201,2,ACTIVE,2026-01-13 09:42:02,
597,80,2,ACTIVE,2026-01-02 01:48:07,
598,139,1,ACTIVE,2026-01-09 01:13:52,
599,136,4,ACTIVE,2026-01-16 17:50:19,
600,55,1,ACTIVE,2026-01-13 02:58:14,
601,75,4,ACTIVE,2026-01-29 17:25:24,
602,26,4,ACTIVE,2026-01-27 03:16:16,
603,38,3,ACTIVE,2025-12-24 16:13:47,
604,74,1,ACTIVE,2026-01-05 13:00:51,
605,72,3,ACTIVE,2026-01-16 13:45:30,
606,279,3,ACTIVE,2026-01-29 04:11:16,
607,253,4,ACTIVE,2025-12-21 19:12:07,
608,167,3,ACTIVE,2026-01-15 07:23:20,
609,135,4,FAILED,2026-01-11 13:53:31,
610,170,2,ACTIVE,2026-01-23 22:25:50,
611,211,4,ACTIVE,2026-01-30 15:54:14,
612,77,2,FAILED,2026-01-28 21:36:08,
613,178,2,ACTIVE,2026-01-07 02:03:14,
614,83,4,ACTIVE,2025-12-23 13:08:44,
615,149,1,ACTIVE,2026-01-19 09:06:42,
616,20,3,ACTIVE,2025-12-18 10:25:58,
617,120,1,ACTIVE,2025-12-22 04:58:54,
618,67,1,ACTIVE,2026-01-08 18:55:49,
619,209,2,ACTIVE,2026-01-25 07:08:38,
620,65,1,ACTIVE,2026-01-19 01:25:33,
621,189,4,ACTIVE,2026-01-19 04:16:12,
622,123,3,FAILED,2026-01-05 19:53:21,
623,118,4,ACTIVE,2025-12-16 21:30:43,
624,202,3,ACTIVE,2026-01-03 22:41:53,
625,249,4,ACTIVE,2026-01-10 05:29:04,
626,196,4,ACTIVE,2025-12-28 18:54:15,
627,78,4,ACTIVE,2026-01-03 09:50:56,
628,29,2,FAILED,2025-12-19 05:27:16,
629,161,2,ACTIVE,2025-12-28 23:42:58,
630,118,2,ACTIVE,2025-12-22 02:16:31,
631,28,2,ACTIVE,2026-01-05 23:07:18,
632,289,4,ACTIVE,2026-01-28 16:09:48,
633,27,2,ACTIVE,2026-01-03 11:41:29,
634,184,3,ACTIVE,2025-12-22 07:34:03,
635,128,2,ACTIVE,2026-01-03 20:21:45,
636,256,3,ACTIVE,2025-12-20 16:04:46,
637,280,4,FAILED,2025-12-21 21:10:13,
638,233,1,ACTIVE,2026-01-18 17:32:16,
639,124,4,ACTIVE,2026-01-06 14:18:24,
640,256,2,ACTIVE,2026-01-10 10:40:50,
641,255,1,ACTIVE,2026-01-18 01:20:04,
642,89,2,ACTIVE,2026-01-16 17:05:12,
643,151,3,FAILED,2025-12-28 13:15:56,
644,49,4,ACTIVE,2025-12-19 14:11:43,
645,286,2,FAILED,2026-01-30 09:42:32,
646,119,3,ACTIVE,2026-01-08 19:51:05,
647,152,3,ACTIVE,2025-12-27 13:06:58,
648,239,2,ACTIVE,2026-01-07 00:50:06,
649,212,4,ACTIVE,2025-12-22 14:18:23,
650,232,3,ACTIVE,2026-01-01 02:08:53,
651,152,4,ACTIVE,2026-01-20 16:08:15,
652,266,4,ACTIVE,2025-12-30 19:27:27,
653,111,2,ACTIVE,2026-01-18 14:10:49,
654,256,2,ACTIVE,2026-01-22 01:35:01,
655,47,3,ACTIVE,2026-01-02 09:47:22,
656,52,3,ACTIVE,2025-12-18 13:25:00,
657,295,4,ACTIVE,2026-01-12 12:43:56,
658,104,1,ACTIVE,2025-12-17 08:56:19,
659,108,4,ACTIVE,2026-01-21 08:05:06,
660,152,1,ACTIVE,2026-01-28 15:56:23,
661,188,4,ACTIVE,2026-01-27 01:38:40,
662,104,1,ACTIVE,2025-12-19 19:36:45,
663,69,1,FAILED,2026-01-07 02:17:04,
664,8,3,ACTIVE,2026-01-22 23:36:18,
665,296,1,ACTIVE,2026-01-15 02:57:45,
666,160,1,ACTIVE,2025-12-31 06:34:25,
667,232,3,ACTIVE,2026-01-18 07:08:55,
668,106,4,ACTIVE,2025-12-26 13:21:00,
669,269,3,ACTIVE,2026-01-18 04:48:55,
670,34,2,ACTIVE,2025-12-21 20:56:39,
671,51,2,ACTIVE,2025-12-24 18:17:51,
672,281,4,ACTIVE,2025-12-25 16:01:00,
673,271,3,ACTIVE,2026-01-05 13:19:41,
674,230,2,ACTIVE,2025-12-31 00:33:14,
675,129,2,ACTIVE,2026-01-02 15:20:35,
676,200,4,ACTIVE,2026-01-16 01:03:20,
677,201,3,ACTIVE,2025-12-21 12:49:14,
678,278,1,ACTIVE,2026-01-10 23:24:45,
679,172,1,ACTIVE,2026-01-30 05:28:22,
680,191,3,ACTIVE,2026-01-07 15:48:06,
681,233,1,ACTIVE,2025-12-29 02:06:59,
682,56,2,ACTIVE,2026-01-05 12:14:14,
683,85,2,ACTIVE,2026-01-06 00:14:54,
684,58,3,ACTIVE,2026-01-19 11:21:19,
685,42,2,ACTIVE,2026-01-03 22:08:16,
686,269,2,ACTIVE,2026-01-17 17:22:54,
687,293,1,ACTIVE,2026-01-04 07:15:59,
688,78,1,ACTIVE,2025-12-27 19:53:05,
689,213,3,FAILED,2025-12-20 22:09:34,
690,62,2,ACTIVE,2025-12-30 13:15:13,
691,19,2,ACTIVE,2026-01-20 20:31:27,
692,206,3,ACTIVE,2026-01-14 08:32:09,
693,107,3,ACTIVE,2026-01-21 20:33:58,
694,80,3,ACTIVE,2026-01-02 03:45:09,
695,94,3,ACTIVE,2025-12-26 05:12:45,
696,293,1,ACTIVE,2026-01-25 19:19:34,
697,118,1,ACTIVE,2025-12-28 17:42:37,
698,169,4,FAILED,2026-01-14 09:01:06,
699,264,3,ACTIVE,2025-12-25 09:54:36,
700,44,2,ACTIVE,2025-12-26 11:51:02,
701,83,3,ACTIVE,2026-01-02 18:56:22,
702,139,3,ACTIVE,2025-12-18 21:15:24,
703,289,1,ACTIVE,2026-01-13 06:56:39,
704,157,4,ACTIVE,2026-01-25 10:34:41,
705,23,2,ACTIVE,2026-01-23 18:42:01,
706,252,3,ACTIVE,2026-01-09 22:05:25,
707,170,3,ACTIVE,2026-01-16 21:55:17,
708,121,4,FAILED,2026-01-18 04:13:26,
709,159,3,ACTIVE,2026-01-11 08:41:26,
710,290,2,ACTIVE,2026-01-22 18:26:12,
711,114,4,ACTIVE,2025-12-18 08:30:42,
712,211,4,FAILED,2026-01-03 22:29:50,
713,239,3,ACTIVE,2026-01-03 23:08:16,
714,111,1,ACTIVE,2026-01-08 15:43:14,
715,140,2,ACTIVE,2026-01-17 04:12:49,
716,64,1,ACTIVE,2026-01-10 02:00:04,
717,54,2,ACTIVE,2026-01-04 20:24:56,
718,68,3,ACTIVE,2026-01-14 03:57:48,
719,276,3,ACTIVE,2026-01-21 12:59:42,
720,17,2,ACTIVE,2025-12-24 15:14:09,
721,187,1,ACTIVE,2026-01-15 06:24:55,
722,201,4,ACTIVE,2025-12-28 02:19:06,
723,160,2,ACTIVE,2026-01-25 14:54:27,
724,196,4,FAILED,2025-12-21 08:46:44,
725,251,3,ACTIVE,2026-01-25 19:20:40,
726,93,4,ACTIVE,2025-12-17 05:06:08,
727,32,2,ACTIVE,2026-01-06 04:04:37,
728,159,2,ACTIVE,2026-01-26 15:49:16,
729,15,2,FAILED,2025-12-21 01:01:55,
730,236,3,FAILED,2026-01-18 02:46:37,
731,227,4,ACTIVE,2026-01-17 13:04:12,
732,215,2,FAILED,2026-01-02 12:03:45,
733,164,1,ACTIVE,2025-12-27 23:23:19,
734,202,3,ACTIVE,2026-01-10 12:36:57,
735,127,2,ACTIVE,2025-12-30 23:34:39,
736,153,2,ACTIVE,2026-01-21 03:54:16,
737,231,3,ACTIVE,2026-01-18 15:40:37,
738,178,1,ACTIVE,2025-12-27 18:40:21,
739,49,3,ACTIVE,2025-12-28 13:35:47,
740,28,3,ACTIVE,2026-01-26 00:35:10,
741,237,2,ACTIVE,2025-12-24 23:11:24,
742,114,4,FAILED,2025-12-27 02:55:50,
743,148,2,FAILED,2026-01-01 23:07:54,
744,103,4,ACTIVE,2026-01-19 14:11:00,
745,141,3,ACTIVE,2026-01-20 02:10:14,
746,110,1,ACTIVE,2025-12-31 16:31:59,
747,256,1,ACTIVE,2025-12-30 16:26:56,
748,280,1,ACTIVE,2026-01-25 01:25:31,
749,13,1,ACTIVE,2026-01-08 10:29:28,
750,263,2,ACTIVE,2026-01-07 12:02:39,
751,61,4,ACTIVE,2026-01-16 11:15:13,
752,78,3,ACTIVE,2025-12-17 10:34:47,
753,128,4,ACTIVE,2026-01-19 01:39:52,
754,244,2,ACTIVE,2026-01-11 13:10:50,
755,93,2,ACTIVE,2025-12-28 09:24:48,
756,221,3,ACTIVE,2025-12-19 20:25:26,
757,215,1,ACTIVE,2026-01-03 08:21:25,
758,211,1,ACTIVE,2026-01-25 21:39:01,
759,124,1,ACTIVE,2026-01-11 04:36:13,
760,285,4,ACTIVE,2025-12-30 01:59:12,
761,59,1,ACTIVE,2026-01-19 20:10:58,
762,272,3,ACTIVE,2026-01-07 04:03:01,
763,28,3,ACTIVE,2026-01-18 19:18:20,
764,28,4,FAILED,2026-01-13 15:19:48,
765,57,4,ACTIVE,2026-01-05 02:00:11,
766,169,1,ACTIVE,2025-12-31 18:36:47,
767,55,3,ACTIVE,2026-01-01 03:38:28,
768,250,1,ACTIVE,2026-01-06 21:58:27,
769,130,2,ACTIVE,2025-12-27 06:21:04,
770,120,2,ACTIVE,2025-12-24 03:34:55,
771,94,3,ACTIVE,2026-01-09 17:38:51,
772,283,2,ACTIVE,2026-01-09 20:22:27,
773,177,4,ACTIVE,2026-01-07 18:54:40,
774,63,3,ACTIVE,2025-12-31 04:31:25,
775,56,2,FAILED,2026-01-24 09:20:42,
776,243,4,ACTIVE,2026-01-24 06:53:07,
777,59,1,ACTIVE,2025-12-24 03:36:34,
778,227,3,ACTIVE,2025-12-23 16:29:14,
779,144,3,ACTIVE,2026-01-03 12:13:50,
780,177,3,FAILED,2026-01-27 15:56:41,
781,189,2,ACTIVE,2026-01-01 20:21:11,
782,31,3,ACTIVE,2026-01-08 08:56:57,
783,204,2,ACTIVE,2026-01-26 19:10:51,
784,46,2,ACTIVE,2026-01-11 07:59:24,
785,268,3,FAILED,2025-12-23 12:18:11,
786,13,4,ACTIVE,2025-12-17 06:55:03,
787,222,1,ACTIVE,2026-01-26 21:27:16,
788,184,1,ACTIVE,2026-01-27 09:43:26,
789,274,1,FAILED,2026-01-28 05:49:15,
790,99,1,ACTIVE,2025-12-29 08:45:18,
791,55,2,ACTIVE,2026-01-07 06:54:13,
792,142,2,FAILED,2026-01-02 09:16:12,
793,164,2,FAILED,2026-01-14 06:49:58,
794,23,3,ACTIVE,2026-01-20 02:34:00,
795,192,4,ACTIVE,2026-01-26 20:27:39,
796,213,2,ACTIVE,2026-01-22 04:38:15,
797,219,3,ACTIVE,2026-01-12 23:49:43,
798,114,4,ACTIVE,2026-01-01 00:51:25,
799,14,1,ACTIVE,2025-12-22 03:26:04,
800,219,4,FAILED,2026-01-16 14:13:06,
801,158,4,ACTIVE,2026-01-01 08:11:52,
802,266,2,ACTIVE,2026-01-11 02:10:32,
803,17,3,ACTIVE,2025-12-19 05:06:53,
804,292,4,ACTIVE,2025-12-16 23:18:49,
805,249,3,ACTIVE,2026-01-06 11:03:21,
806,115,3,ACTIVE,2025-12-29 20:37:13,
807,124,3,ACTIVE,2026-01-13 20:21:14,
808,116,1,ACTIVE,2026-01-15 05:31:29,
809,245,1,ACTIVE,2025-12-22 07:13:24,
810,111,4,ACTIVE,2026-01-12 13:45:42,
811,210,4,ACTIVE,2025-12-26 02:42:14,
812,277,4,ACTIVE,2026-01-03 10:14:29,
813,9,4,ACTIVE,2026-01-12 08:57:47,
814,19,2,ACTIVE,2025-12-18 11:19:02,
815,55,3,ACTIVE,2025-12-29 23:40:56,
816,118,2,ACTIVE,2026-01-03 09:14:56,
817,267,2,ACTIVE,2026-01-19 23:52:15,
818,140,1,ACTIVE,2025-12-22 08:18:07,
819,125,3,FAILED,2026-01-24 08:54:29,
820,157,4,ACTIVE,2025-12-24 20:35:03,
821,201,1,ACTIVE,2026-01-29 02:43:45,
822,180,1,ACTIVE,2026-01-11 16:04:49,
823,67,3,ACTIVE,2025-12-30 04:09:15,
824,36,1,ACTIVE,2026-01-15 10:42:24,
825,44,3,ACTIVE,2026-01-08 09:24:40,
826,245,1,ACTIVE,2025-12-29 00:17:47,
827,40,1,FAILED,2026-01-04 20:15:55,
828,222,3,ACTIVE,2026-01-11 03:31:38,
829,167,2,ACTIVE,2026-01-22 00:00:00,
830,186,1,ACTIVE,2025-12-18 17:17:09,
831,58,1,ACTIVE,2025-12-21 10:57:17,
832,185,4,ACTIVE,2025-12-22 11:48:52,
833,193,2,ACTIVE,2025-12-23 08:59:52,
834,144,3,ACTIVE,2025-12-20 15:09:38,
835,62,4,ACTIVE,2026-01-30 08:06:26,
836,264,2,ACTIVE,2025-12-16 23:46:26,
837,223,4,ACTIVE,2026-01-03 02:26:13,
838,259,3,ACTIVE,2026-01-06 22:43:05,
839,36,4,ACTIVE,2026-01-24 10:35:51,
840,194,3,ACTIVE,2026-01-08 10:35:27,
841,94,3,ACTIVE,2026-01-22 22:20:10,
842,12,4,ACTIVE,2026-01-20 06:38:16,
843,8,1,ACTIVE,2026-01-16 19:41:57,
844,161,2,ACTIVE,2026-01-27 18:07:27,
845,219,3,ACTIVE,2025-12-23 20:53:18,
846,191,1,ACTIVE,2025-12-31 15:06:08,
847,224,2,ACTIVE,2026-01-21 21:08:57,
848,218,4,ACTIVE,2026-01-19 18:25:38,
849,128,3,ACTIVE,2025-12-19 00:18:14,
850,222,4,ACTIVE,2026-01-02 20:09:51,
851,18,3,ACTIVE,2026-01-24 21:05:21,
852,152,3,ACTIVE,2026-01-01 14:26:28,
853,176,1,ACTIVE,2026-01-18 19:27:54,
854,128,2,ACTIVE,2025-12-19 10:21:44,
855,95,1,ACTIVE,2026-01-06 10:00:21,
856,293,3,ACTIVE,2026-01-20 22:16:51,
857,119,3,ACTIVE,2026-01-25 18:16:14,
858,295,4,ACTIVE,2026-01-02 08:39:46,
859,26,1,ACTIVE,2026-01-16 09:12:19,
860,94,1,ACTIVE,2026-01-19 03:59:24,
861,277,3,ACTIVE,2026-01-26 18:19:20,
862,77,4,ACTIVE,2026-01-11 08:06:30,
863,17,1,ACTIVE,2026-01-10 21:21:36,
864,167,4,ACTIVE,2026-01-05 21:07:25,
865,282,2,ACTIVE,2026-01-12 13:06:34,
866,292,3,ACTIVE,2026-01-21 18:29:44,
867,264,3,ACTIVE,2026-01-17 05:01:26,
868,186,4,ACTIVE,2026-01-19 05:07:11,
869,11,4,ACTIVE,2026-01-08 06:54:47,
870,169,2,ACTIVE,2026-01-20 21:09:16,
871,119,1,ACTIVE,2026-01-27 03:26:03,
872,29,3,ACTIVE,2026-01-07 16:21:46,
873,227,3,ACTIVE,2026-01-12 09:08:53,
874,191,4,ACTIVE,2026-01-19 18:56:16,
875,288,4,ACTIVE,2025-12-25 17:32:28,
876,47,1,ACTIVE,2025-12-17 20:44:47,
877,218,4,FAILED,2025-12-23 01:05:54,
878,207,3,ACTIVE,2026-01-18 03:37:47,
879,78,1,ACTIVE,2026-01-17 23:41:23,
880,180,4,FAILED,2026-01-28 08:42:56,
881,180,4,ACTIVE,2025-12-28 16:54:20,
882,68,2,ACTIVE,2026-01-21 09:17:41,
883,240,3,ACTIVE,2025-12-23 03:00:56,
884,235,2,ACTIVE,2025-12-24 17:40:28,
885,289,3,ACTIVE,2025-12-19 15:44:41,
886,217,2,ACTIVE,2026-01-16 16:13:34,
887,224,1,ACTIVE,2026-01-14 14:06:40,
888,36,3,ACTIVE,2026-01-22 21:57:02,
889,4,3,ACTIVE,2026-01-13 14:48:35,
890,254,2,ACTIVE,2026-01-08 02:29:31,
891,283,3,ACTIVE,2026-01-16 07:33:19,
892,34,4,ACTIVE,2026-01-29 08:12:01,
893,155,2,ACTIVE,2025-12-21 13:27:30,
894,196,1,ACTIVE,2026-01-30 07:29:44,
895,26,1,ACTIVE,2025-12-31 11:18:37,
896,10,3,ACTIVE,2025-12-28 07:44:44,
897,188,2,ACTIVE,2026-01-08 13:07:55,
898,29,3,ACTIVE,2025-12-30 18:47:43,
899,225,4,ACTIVE,2026-01-15 23:59:25,
900,228,1,ACTIVE,2026-01-16 20:05:52,
901,213,3,ACTIVE,2025-12-22 16:59:45,
902,56,4,ACTIVE,2025-12-21 15:33:00,
903,11,2,ACTIVE,2026-01-26 06:52:06,
904,284,1,ACTIVE,2025-12-30 14:53:23,
905,202,4,ACTIVE,2025-12-20 23:58:23,
906,42,4,ACTIVE,2025-12-31 04:34:00,
907,280,2,ACTIVE,2026-01-02 05:50:13,
908,278,1,ACTIVE,2026-01-21 15:15:58,
909,107,3,ACTIVE,2026-01-13 20:35:49,
910,280,4,FAILED,2026-01-05 15:20:03,
911,88,2,ACTIVE,2025-12-20 18:53:38,
912,190,4,ACTIVE,2026-01-06 23:45:47,
913,222,3,ACTIVE,2026-01-27 17:14:38,
914,183,4,ACTIVE,2026-01-29 12:44:20,
915,265,3,ACTIVE,2025-12-26 03:20:56,
916,193,4,ACTIVE,2026-01-30 09:06:22,
917,205,1,ACTIVE,2026-01-30 10:13:02,
918,118,1,ACTIVE,2026-01-08 10:34:37,
919,245,1,FAILED,2026-01-25 18:09:02,
920,229,3,ACTIVE,2026-01-12 04:04:44,
921,296,1,ACTIVE,2026-01-03 01:59:48,
922,122,4,FAILED,2026-01-16 10:44:18,
923,170,4,ACTIVE,2026-01-07 19:55:31,
924,58,4,ACTIVE,2026-01-09 09:02:06,
925,170,3,ACTIVE,2026-01-08 19:12:57,
926,233,4,ACTIVE,2025-12-18 21:06:04,
927,133,3,ACTIVE,2026-01-17 06:35:23,
928,265,4,ACTIVE,2025-12-28 21:15:31,
929,122,3,FAILED,2026-01-19 12:32:11,
930,230,2,ACTIVE,2026-01-26 11:42:35,
931,158,2,ACTIVE,2025-12-19 22:27:33,
932,31,3,ACTIVE,2026-01-25 07:04:50,
933,33,4,ACTIVE,2026-01-21 22:08:47,
934,195,4,ACTIVE,2025-12-26 19:08:20,
935,212,1,ACTIVE,2026-01-06 05:28:47,
936,287,3,ACTIVE,2026-01-10 22:22:27,
937,47,4,ACTIVE,2026-01-03 22:43:01,
938,158,3,ACTIVE,2026-01-04 15:40:33,
939,79,4,ACTIVE,2025-12-27 12:22:41,
940,55,1,ACTIVE,2025-12-25 22:00:04,
941,111,3,ACTIVE,2025-12-30 22:54:41,
942,247,4,ACTIVE,2026-01-26 17:05:19,
943,115,2,ACTIVE,2026-01-27 13:59:08,
944,181,2,ACTIVE,2026-01-18 12:58:14,
945,252,4,ACTIVE,2026-01-13 12:01:09,
946,285,2,ACTIVE,2026-01-09 13:11:47,
947,264,2,ACTIVE,2026-01-08 13:13:18,
948,182,1,ACTIVE,2026-01-12 16:15:44,
949,255,1,ACTIVE,2025-12-25 04:07:57,
950,168,1,ACTIVE,2026-01-11 14:36:09,
951,62,2,ACTIVE,2026-01-04 00:18:47,
952,236,1,ACTIVE,2025-12-30 06:21:03,
953,46,4,ACTIVE,2026-01-02 15:34:33,
954,232,1,ACTIVE,2026-01-05 14:54:49,
955,282,2,ACTIVE,2026-01-07 00:59:35,
956,3,4,ACTIVE,2025-12-24 09:01:16,
957,75,1,ACTIVE,2025-12-26 20:44:59,
958,15,1,ACTIVE,2026-01-15 07:27:55,
959,149,4,FAILED,2026-01-23 02:02:00,
960,212,3,FAILED,2026-01-03 12:30:58,
961,115,3,ACTIVE,2026-01-04 10:17:41,
962,228,3,ACTIVE,2026-01-28 22:11:55,
963,252,1,ACTIVE,2025-12-17 15:04:16,
964,182,3,ACTIVE,2026-01-04 08:40:09,
965,12,1,ACTIVE,2026-01-07 23:46:03,
966,254,2,ACTIVE,2025-12-24 06:29:45,
967,46,3,ACTIVE,2026-01-29 06:29:43,
968,179,1,ACTIVE,2026-01-27 13:24:40,
969,286,1,ACTIVE,2026-01-05 21:06:24,
970,67,3,ACTIVE,2026-01-10 17:38:44,
971,152,4,ACTIVE,2026-01-22 00:54:15,
972,16,3,ACTIVE,2026-01-27 04:06:46,
973,292,3,ACTIVE,2026-01-21 20:42:19,
974,124,3,ACTIVE,2025-12-16 19:42:05,
975,133,2,ACTIVE,2025-12-17 21:22:22,
976,183,2,ACTIVE,2025-12-21 10:09:21,
977,257,4,ACTIVE,2026-01-19 05:50:43,
978,74,1,ACTIVE,2025-12-22 21:00:54,
979,12,1,FAILED,2025-12-21 15:25:53,
980,42,4,ACTIVE,2026-01-22 23:08:19,
981,23,3,ACTIVE,2026-01-23 06:57:09,
982,35,4,ACTIVE,2025-12-30 22:31:53,
983,122,3,ACTIVE,2026-01-27 00:17:55,
984,154,2,ACTIVE,2026-01-01 15:03:32,
985,220,4,ACTIVE,2026-01-22 10:55:44,
986,189,3,ACTIVE,2026-01-13 04:42:11,
987,214,3,ACTIVE,2026-01-03 08:53:26,
988,52,2,ACTIVE,2026-01-05 03:04:41,
989,257,2,FAILED,2026-01-23 03:27:47,
990,140,2,ACTIVE,2026-01-25 05:30:46,
991,81,3,ACTIVE,2026-01-02 19:58:32,
992,182,4,ACTIVE,2025-12-17 00:27:12,
993,279,2,FAILED,2026-01-26 23:25:13,
994,180,1,ACTIVE,2025-12-28 07:07:38,
995,56,3,ACTIVE,2026-01-28 12:02:45,
996,279,1,ACTIVE,2026-01-15 02:19:57,
997,214,1,ACTIVE,2026-01-19 05:33:38,
998,129,4,ACTIVE,2025-12-25 13:30:01,
999,119,1,ACTIVE,2026-01-16 06:32:25,
1000,154,3,ACTIVE,2025-12-29 16:10:28,
1001,277,2,ACTIVE,2025-12-21 11:07:59,
1002,3,3,FAILED,2025-12-17 17:56:17,
1003,266,3,ACTIVE,2026-01-02 21:23:40,
1004,24,1,FAILED,2026-01-16 14:20:04,
1005,215,4,FAILED,2026-01-01 21:36:03,
1006,188,4,ACTIVE,2026-01-14 05:35:18,
1007,266,2,ACTIVE,2025-12-18 13:38:27,
1008,45,2,ACTIVE,2026-01-02 21:54:43,
1009,118,4,ACTIVE,2026-01-01 00:55:22,
1010,25,3,ACTIVE,2026-01-16 16:26:01,
1011,30,3,FAILED,2026-01-20 15:43:32,
1012,33,3,ACTIVE,2025-12-20 16:51:58,
1013,245,4,ACTIVE,2025-12-31 18:11:33,
1014,191,4,ACTIVE,2026-01-29 08:43:35,
1015,196,1,ACTIVE,2026-01-18 15:18:31,
1016,120,2,ACTIVE,2025-12-21 11:10:25,
1017,11,3,ACTIVE,2026-01-28 13:03:13,
1018,219,1,FAILED,2025-12-27 12:42:11,
1019,265,3,FAILED,2026-01-20 00:15:31,
1020,204,1,FAILED,2026-01-17 12:02:49,
1021,262,1,ACTIVE,2025-12-18 20:38:56,
1022,31,3,ACTIVE,2026-01-11 05:08:43,
1023,43,4,ACTIVE,2025-12-18 13:44:33,
1024,291,2,ACTIVE,2026-01-01 07:23:39,
1025,203,3,FAILED,2025-12-25 09:58:43,
1026,34,2,ACTIVE,2026-01-02 05:16:22,
1027,214,3,ACTIVE,2025-12-22 07:30:40,
1028,16,3,ACTIVE,2025-12-24 18:06:27,
1029,22,2,FAILED,2025-12-24 13:25:07,
1030,74,2,ACTIVE,2026-01-07 03:26:28,
1031,218,1,ACTIVE,2025-12-23 07:45:01,
1032,165,4,FAILED,2026-01-09 21:06:17,
1033,197,2,ACTIVE,2026-01-28 04:35:57,
1034,213,2,ACTIVE,2026-01-04 09:37:40,
1035,82,2,FAILED,2025-12-21 05:29:12,
1036,118,1,ACTIVE,2026-01-16 13:00:25,
1037,150,3,FAILED,2026-01-04 08:34:49,
1038,189,2,ACTIVE,2026-01-13 10:39:18,
1039,168,2,ACTIVE,2026-01-19 19:06:17,
1040,32,3,ACTIVE,2026-01-02 06:38:24,
1041,10,3,ACTIVE,2026-01-30 00:38:10,
1042,244,1,ACTIVE,2026-01-20 16:42:04,
1043,103,4,FAILED,2026-01-05 16:25:19,
1044,270,4,ACTIVE,2026-01-18 06:19:33,
1045,131,3,ACTIVE,2025-12-25 01:54:51,
1046,97,1,ACTIVE,2026-01-11 00:14:48,
1047,270,2,ACTIVE,2025-12-30 21:55:53,
1048,255,2,ACTIVE,2026-01-05 07:01:43,
1049,288,1,FAILED,2026-01-06 03:59:00,
1050,79,4,ACTIVE,2026-01-24 15:37:05,
1051,275,2,ACTIVE,2026-01-28 17:53:56,
1052,16,3,ACTIVE,2025-12-30 00:40:40,
1053,262,2,ACTIVE,2026-01-27 14:40:01,
1054,279,2,ACTIVE,2026-01-24 11:42:53,
1055,59,2,ACTIVE,2026-01-27 01:12:10,
1056,253,3,ACTIVE,2026-01-29 15:19:24,
1057,122,3,ACTIVE,2026-01-01 15:40:32,
1058,280,3,ACTIVE,2026-01-13 06:03:42,
1059,259,1,ACTIVE,2026-01-28 10:29:00,
1060,132,3,ACTIVE,2026-01-25 14:15:35,
1061,17,4,ACTIVE,2026-01-21 03:56:48,
1062,222,1,ACTIVE,2026-01-13 22:25:48,
1063,224,3,ACTIVE,2026-01-11 02:03:34,
1064,299,4,ACTIVE,2025-12-20 09:58:27,
1065,14,2,ACTIVE,2026-01-25 07:56:50,
1066,213,1,ACTIVE,2026-01-22 00:09:02,
1067,12,4,ACTIVE,2026-01-14 14:16:40,
1068,264,2,ACTIVE,2025-12-21 09:01:26,
1069,108,2,ACTIVE,2026-01-06 21:04:37,
1070,224,4,ACTIVE,2025-12-23 05:11:10,
1071,202,4,FAILED,2026-01-01 03:27:30,
1072,195,4,ACTIVE,2025-12-18 04:19:28,
1073,212,4,ACTIVE,2026-01-25 14:37:31,
1074,117,2,ACTIVE,2026-01-19 17:57:40,
1075,114,4,ACTIVE,2026-01-16 05:37:40,
1076,180,2,ACTIVE,2026-01-08 19:03:19,
1077,146,1,ACTIVE,2026-01-04 17:54:10,
1078,18,2,ACTIVE,2026-01-04 22:58:11,
1079,209,1,ACTIVE,2025-12-24 06:57:28,
1080,74,2,ACTIVE,2026-01-11 08:26:48,
1081,163,2,FAILED,2025-12-31 17:02:57,
1082,260,2,ACTIVE,2026-01-01 10:38:29,
1083,69,4,ACTIVE,2026-01-15 18:16:37,
1084,44,1,ACTIVE,2025-12-25 15:42:11,
1085,242,1,ACTIVE,2025-12-19 19:49:51,
1086,168,3,ACTIVE,2026-01-25 17:53:23,
1087,105,2,ACTIVE,2025-12-25 12:04:36,
1088,267,4,ACTIVE,2025-12-21 12:35:39,
1089,94,2,ACTIVE,2025-12-19 22:04:39,
1090,169,1,ACTIVE,2026-01-22 03:52:16,
1091,46,3,ACTIVE,2026-01-28 09:12:39,
1092,58,2,ACTIVE,2026-01-08 05:50:43,
1093,285,3,ACTIVE,2026-01-11 06:09:38,
1094,59,4,ACTIVE,2025-12-17 11:14:05,
1095,62,2,ACTIVE,2025-12-23 19:18:24,
1096,284,4,ACTIVE,2025-12-19 09:19:22,
1097,35,1,ACTIVE,2026-01-04 01:08:03,
1098,29,4,ACTIVE,2025-12-30 11:11:55,
1099,186,3,ACTIVE,2025-12-28 11:59:00,
1100,59,3,ACTIVE,2026-01-21 10:37:14,
1101,218,4,ACTIVE,2026-01-02 23:23:44,
1102,52,3,ACTIVE,2025-12-24 06:57:19,
1103,64,3,ACTIVE,2026-01-01 00:31:12,
1104,42,2,ACTIVE,2026-01-19 00:53:17,
1105,225,2,ACTIVE,2025-12-29 19:10:35,
1106,3,1,ACTIVE,2025-12-19 13:34:48,
1107,2,4,ACTIVE,2025-12-18 23:04:58,
1108,31,3,ACTIVE,2026-01-05 02:17:38,
1109,149,2,ACTIVE,2025-12-26 16:48:44,
1110,219,4,ACTIVE,2026-01-12 09:20:17,
1111,130,4,ACTIVE,2025-12-24 08:07:14,
1112,75,2,FAILED,2026-01-01 01:26:18,
1113,260,4,ACTIVE,2026-01-07 01:50:59,
1114,186,2,ACTIVE,2025-12-20 17:49:34,
1115,133,1,ACTIVE,2025-12-27 17:56:31,
1116,139,1,FAILED,2025-12-17 22:32:52,
1117,120,3,ACTIVE,2025-12-24 07:45:14,
1118,5,1,ACTIVE,2026-01-01 14:01:46,
1119,270,4,ACTIVE,2025-12-27 00:37:23,
1120,132,4,ACTIVE,2025-12-28 13:30:01,
1121,221,1,ACTIVE,2026-01-03 13:57:14,
1122,284,3,ACTIVE,2026-01-06 10:52:44,
1123,82,2,ACTIVE,2026-01-10 19:38:08,
1124,96,2,ACTIVE,2026-01-17 05:51:19,
1125,216,4,ACTIVE,2025-12-28 15:17:55,
1126,118,1,ACTIVE,2026-01-11 01:29:29,
1127,263,4,ACTIVE,2025-12-25 04:42:35,
1128,251,3,ACTIVE,2025-12-17 16:00:45,
1129,66,1,ACTIVE,2026-01-29 22:51:50,
1130,145,4,ACTIVE,2026-01-22 17:25:55,
1131,173,4,ACTIVE,2026-01-07 11:46:42,
1132,284,3,ACTIVE,2026-01-16 09:22:31,
1133,137,3,ACTIVE,2026-01-03 05:59:10,
1134,97,3,ACTIVE,2026-01-29 21:23:17,
1135,16,3,ACTIVE,2025-12-30 03:55:00,
1136,204,3,ACTIVE,2026-01-30 00:26:22,
1137,92,4,ACTIVE,2026-01-05 18:07:27,
1138,185,3,ACTIVE,2025-12-26 15:13:23,
1139,166,4,ACTIVE,2025-12-27 13:19:03,
1140,266,1,FAILED,2026-01-23 11:05:50,
1141,125,3,ACTIVE,2026-01-21 14:00:26,
1142,277,1,ACTIVE,2025-12-27 08:57:25,
1143,132,4,ACTIVE,2025-12-30 22:13:34,
1144,145,4,ACTIVE,2026-01-29 13:34:21,
1145,65,3,ACTIVE,2025-12-20 10:32:04,
1146,105,4,ACTIVE,2026-01-18 02:07:24,
1147,217,3,ACTIVE,2026-01-08 04:51:58,
1148,69,1,ACTIVE,2026-01-05 08:43:58,
1149,257,1,ACTIVE,2026-01-19 15:05:50,
1150,179,2,ACTIVE,2025-12-21 03:51:15,
1151,242,1,ACTIVE,2026-01-05 20:44:54,
1152,259,1,ACTIVE,2025-12-27 08:19:23,
1153,190,4,ACTIVE,2026-01-15 10:47:01,
1154,1,3,ACTIVE,2025-12-19 20:42:09,
1155,236,2,ACTIVE,2026-01-22 05:22:22,
1156,206,3,ACTIVE,2026-01-16 02:02:38,
1157,105,3,ACTIVE,2025-12-27 21:58:03,
1158,105,4,FAILED,2026-01-05 14:01:06,
1159,2,4,ACTIVE,2025-12-18 11:36:38,
1160,198,4,ACTIVE,2026-01-18 11:44:14,
1161,158,3,ACTIVE,2025-12-22 09:15:14,
1162,118,4,ACTIVE,2026-01-30 16:01:54,
1163,279,1,ACTIVE,2026-01-10 08:40:53,
1164,275,4,ACTIVE,2026-01-12 08:57:09,
1165,49,3,ACTIVE,2026-01-21 12:10:51,
1166,168,4,ACTIVE,2026-01-12 14:31:25,
1167,209,1,ACTIVE,2025-12-23 03:38:38,
1168,255,2,ACTIVE,2025-12-19 02:35:02,
1169,150,2,ACTIVE,2026-01-19 23:44:26,
1170,239,4,ACTIVE,2025-12-29 06:21:04,
1171,4,1,ACTIVE,2025-12-25 06:44:39,
1172,263,4,ACTIVE,2026-01-01 13:25:58,
1173,148,1,ACTIVE,2026-01-04 18:46:51,
1174,9,4,ACTIVE,2025-12-26 08:09:29,
1175,296,1,ACTIVE,2026-01-08 02:52:19,
1176,6,2,ACTIVE,2025-12-28 00:46:08,
1177,173,3,ACTIVE,2026-01-26 21:41:04,
1178,247,4,ACTIVE,2025-12-20 09:02:57,
1179,65,1,ACTIVE,2025-12-22 19:04:47,
1180,100,2,ACTIVE,2026-01-14 01:26:14,
1181,19,3,ACTIVE,2025-12-30 21:28:17,
1182,290,1,ACTIVE,2026-01-29 04:05:42,
1183,81,1,ACTIVE,2026-01-28 03:35:04,
1184,223,1,ACTIVE,2026-01-09 02:25:51,
1185,197,1,FAILED,2026-01-05 08:56:20,
1186,160,2,ACTIVE,2026-01-27 02:04:50,
1187,190,4,ACTIVE,2025-12-29 09:32:36,
1188,203,3,ACTIVE,2026-01-16 16:44:32,
1189,254,4,ACTIVE,2025-12-25 16:02:40,
1190,42,1,ACTIVE,2026-01-13 16:40:21,
1191,84,3,ACTIVE,2025-12-26 21:16:40,
1192,274,4,ACTIVE,2026-01-12 03:46:59,
1193,30,3,ACTIVE,2026-01-12 06:27:15,
1194,111,4,ACTIVE,2026-01-06 17:49:36,
1195,178,3,ACTIVE,2026-01-28 14:08:17,
1196,65,1,ACTIVE,2026-01-11 23:34:43,
1197,206,3,ACTIVE,2026-01-25 08:54:10,
1198,128,1,ACTIVE,2026-01-30 04:03:30,
1199,286,1,ACTIVE,2026-01-30 12:06:57,
1200,172,2,ACTIVE,2026-01-15 06:06:58,
1201,183,4,ACTIVE,2026-01-05 15:45:57,
1202,291,4,FAILED,2026-01-06 13:06:44,
1203,30,2,ACTIVE,2026-01-04 10:43:57,
1204,132,1,ACTIVE,2026-01-08 21:47:38,
1205,257,2,ACTIVE,2026-01-29 08:04:59,
1206,53,2,ACTIVE,2026-01-03 10:20:21,
1207,186,1,ACTIVE,2026-01-26 21:36:37,
1208,2,4,ACTIVE,2026-01-19 13:41:02,
1209,71,4,FAILED,2026-01-24 20:12:39,
1210,296,2,ACTIVE,2026-01-11 07:45:53,
1211,156,2,ACTIVE,2026-01-21 02:02:48,
1212,95,2,ACTIVE,2026-01-24 23:44:38,
1213,15,2,ACTIVE,2025-12-24 11:29:23,
1214,53,2,ACTIVE,2026-01-20 20:50:08,
1215,261,1,ACTIVE,2025-12-21 14:52:15,
1216,103,2,ACTIVE,2025-12-28 18:23:49,
1217,83,3,ACTIVE,2025-12-29 05:24:10,
1218,16,1,ACTIVE,2026-01-19 22:50:23,
1219,294,4,ACTIVE,2026-01-25 06:33:46,
1220,273,2,ACTIVE,2025-12-29 08:10:29,
1221,57,4,ACTIVE,2025-12-22 12:26:18,
1222,262,3,ACTIVE,2026-01-02 05:30:46,
1223,136,1,FAILED,2026-01-19 03:41:17,
1224,117,3,ACTIVE,2025-12-29 14:28:59,
1225,103,4,ACTIVE,2025-12-28 04:29:30,
1226,276,4,ACTIVE,2026-01-13 14:57:29,
1227,16,4,ACTIVE,2026-01-08 08:17:45,
1228,108,1,ACTIVE,2026-01-11 21:49:26,
1229,82,3,ACTIVE,2026-01-22 01:20:13,
1230,258,3,ACTIVE,2025-12-24 00:05:42,
1231,277,4,ACTIVE,2025-12-27 14:26:14,
1232,295,2,ACTIVE,2025-12-25 17:22:22,
1233,227,2,ACTIVE,2025-12-17 05:55:07,
1234,257,4,ACTIVE,2026-01-01 21:25:02,
1235,140,2,ACTIVE,2026-01-09 15:57:38,
1236,149,1,ACTIVE,2025-12-31 09:32:28,
1237,287,1,ACTIVE,2025-12-19 02:25:58,
1238,64,2,ACTIVE,2025-12-19 19:46:08,
1239,206,4,ACTIVE,2026-01-16 03:39:56,
1240,297,2,ACTIVE,2026-01-09 14:35:04,
1241,251,1,FAILED,2026-01-09 04:33:19,
1242,295,3,ACTIVE,2026-01-06 17:34:25,
1243,266,2,ACTIVE,2025-12-24 07:50:27,
1244,63,3,ACTIVE,2026-01-25 02:00:33,
1245,194,1,ACTIVE,2026-01-26 08:32:55,
1246,112,4,ACTIVE,2026-01-03 17:11:10,
1247,60,2,ACTIVE,2025-12-23 21:34:25,
1248,6,4,FAILED,2026-01-19 06:45:19,
1249,36,4,ACTIVE,2025-12-31 23:17:19,
1250,170,4,ACTIVE,2026-01-30 02:45:04,
1251,123,4,FAILED,2026-01-01 00:52:01,
1252,38,2,ACTIVE,2026-01-25 09:34:29,
1253,269,1,ACTIVE,2026-01-28 19:14:13,
1254,183,4,ACTIVE,2025-12-18 19:05:13,
1255,117,2,ACTIVE,2026-01-30 14:34:13,
1256,195,1,ACTIVE,2026-01-01 22:34:44,
1257,146,1,ACTIVE,2026-01-15 02:22:07,
1258,32,2,ACTIVE,2026-01-28 23:35:21,
1259,82,2,ACTIVE,2025-12-26 20:53:15,
1260,10,2,ACTIVE,2025-12-23 16:57:45,
1261,229,2,FAILED,2026-01-01 11:35:54,
1262,151,1,ACTIVE,2025-12-17 07:50:04,
1263,293,1,ACTIVE,2025-12-26 21:45:18,
1264,68,3,ACTIVE,2026-01-15 16:36:13,
1265,50,2,ACTIVE,2025-12-21 04:13:01,
1266,248,1,ACTIVE,2026-01-07 16:45:48,
1267,44,3,ACTIVE,2026-01-09 13:41:50,
1268,95,3,ACTIVE,2026-01-03 23:19:57,
1269,43,1,ACTIVE,2026-01-02 10:05:47,
1270,152,4,ACTIVE,2025-12-29 11:33:27,
1271,59,4,ACTIVE,2025-12-26 10:55:38,
1272,131,2,ACTIVE,2026-01-30 16:15:49,
1273,151,3,ACTIVE,2026-01-09 17:57:59,
1274,285,1,ACTIVE,2026-01-13 09:32:33,
1275,14,1,ACTIVE,2026-01-08 16:16:33,
1276,141,4,ACTIVE,2025-12-28 01:55:48,
1277,113,4,ACTIVE,2026-01-13 10:53:12,
1278,96,4,ACTIVE,2026-01-03 02:28:55,
1279,155,1,ACTIVE,2025-12-26 12:42:08,
1280,156,2,ACTIVE,2025-12-27 17:20:00,
1281,94,2,ACTIVE,2026-01-29 18:15:36,
1282,185,1,FAILED,2025-12-21 16:39:44,
1283,70,1,ACTIVE,2025-12-18 23:40:23,
1284,239,3,FAILED,2026-01-03 08:38:10,
1285,113,4,ACTIVE,2026-01-11 11:15:14,
1286,117,1,ACTIVE,2025-12-21 17:54:07,
1287,245,3,ACTIVE,2026-01-22 09:49:49,
1288,213,4,FAILED,2026-01-12 10:21:04,
1289,36,3,FAILED,2026-01-02 04:04:57,
1290,114,1,ACTIVE,2025-12-20 07:47:37,
1291,186,3,ACTIVE,2026-01-01 09:52:53,
1292,154,1,ACTIVE,2026-01-30 15:51:19,
1293,229,2,ACTIVE,2026-01-27 12:12:09,
1294,165,2,ACTIVE,2026-01-26 09:10:35,
1295,244,1,FAILED,2026-01-25 03:31:53,
1296,244,4,ACTIVE,2026-01-08 04:47:11,
1297,41,2,ACTIVE,2025-12-27 19:06:14,
1298,172,3,ACTIVE,2026-01-30 08:49:10,
1299,92,4,ACTIVE,2026-01-29 08:10:05,
1300,237,1,ACTIVE,2026-01-30 15:26:56,
1301,7,1,ACTIVE,2026-01-16 19:43:40,
1302,297,3,ACTIVE,2026-01-26 15:54:43,
1303,226,3,ACTIVE,2026-01-21 05:32:15,
1304,17,3,ACTIVE,2026-01-23 11:55:25,
1305,47,3,ACTIVE,2025-12-17 18:46:39,
1306,203,3,ACTIVE,2026-01-27 10:32:32,
1307,148,3,FAILED,2026-01-11 03:43:03,
1308,234,4,ACTIVE,2026-01-05 09:07:17,
1309,248,3,ACTIVE,2025-12-24 11:56:12,
1310,80,4,FAILED,2025-12-23 11:01:40,
1311,235,2,ACTIVE,2026-01-29 22:13:27,
1312,186,2,FAILED,2025-12-17 13:27:09,
1313,255,4,ACTIVE,2026-01-12 15:22:34,
1314,128,1,ACTIVE,2025-12-22 14:59:03,
1315,101,4,FAILED,2026-01-10 10:52:44,
1316,191,4,ACTIVE,2026-01-24 02:43:57,
1317,174,4,ACTIVE,2026-01-23 20:24:58,
1318,223,3,ACTIVE,2026-01-21 21:52:12,
1319,226,3,ACTIVE,2025-12-25 22:11:34,
1320,175,4,ACTIVE,2026-01-29 02:37:42,
1321,225,4,ACTIVE,2026-01-08 09:01:10,
1322,75,1,ACTIVE,2025-12-31 01:27:57,
1323,293,4,FAILED,2025-12-19 14:10:51,
1324,217,1,FAILED,2025-12-28 20:34:26,
1325,101,4,ACTIVE,2025-12-22 07:02:49,
1326,183,1,ACTIVE,2025-12-27 14:58:13,
1327,216,1,ACTIVE,2026-01-25 10:14:13,
1328,24,2,ACTIVE,2025-12-26 03:35:42,
1329,248,3,ACTIVE,2025-12-30 00:24:31,
1330,175,3,ACTIVE,2025-12-19 10:39:04,
1331,177,4,ACTIVE,2026-01-09 02:49:17,
1332,17,2,ACTIVE,2026-01-15 12:08:30,
1333,190,2,ACTIVE,2025-12-29 03:31:36,
1334,217,4,ACTIVE,2026-01-24 17:16:26,
1335,214,4,ACTIVE,2026-01-08 22:03:08,
1336,57,4,ACTIVE,2026-01-27 00:47:20,
1337,63,2,ACTIVE,2026-01-20 21:01:07,
1338,30,3,ACTIVE,2025-12-17 10:44:21,
1339,184,2,ACTIVE,2026-01-08 06:02:04,
1340,120,2,ACTIVE,2025-12-26 06:11:57,
1341,150,4,ACTIVE,2025-12-29 16:41:39,
1342,169,1,ACTIVE,2025-12-25 11:50:30,
1343,65,2,FAILED,2026-01-27 19:01:53,
1344,194,4,FAILED,2026-01-13 11:34:58,
1345,198,4,ACTIVE,2025-12-19 05:31:09,
1346,128,1,ACTIVE,2026-01-14 02:29:45,
1347,17,3,ACTIVE,2026-01-12 10:01:29,
1348,255,3,ACTIVE,2026-01-01 16:11:37,
1349,78,4,ACTIVE,2026-01-25 06:17:19,
1350,230,2,ACTIVE,2026-01-12 01:42:01,
1351,7,3,ACTIVE,2026-01-19 08:13:50,
1352,126,1,ACTIVE,2026-01-08 14:25:18,
1353,55,4,FAILED,2026-01-18 15:58:27,
1354,227,4,ACTIVE,2026-01-26 10:29:16,
1355,198,3,FAILED,2026-01-21 19:42:25,
1356,144,4,ACTIVE,2026-01-10 12:18:21,
1357,121,4,ACTIVE,2025-12-30 13:37:17,
1358,224,3,ACTIVE,2026-01-17 13:32:22,
1359,49,4,ACTIVE,2026-01-18 18:40:11,
1360,97,1,ACTIVE,2026-01-22 10:31:40,
1361,236,3,ACTIVE,2025-12-27 13:13:03,
1362,219,2,ACTIVE,2026-01-28 00:47:33,
1363,220,4,ACTIVE,2025-12-26 15:16:31,
1364,14,4,ACTIVE,2026-01-12 03:13:00,
1365,97,1,ACTIVE,2026-01-21 10:44:03,
1366,199,2,ACTIVE,2026-01-13 04:05:27,
1367,2,4,ACTIVE,2025-12-24 04:50:42,
1368,45,4,ACTIVE,2026-01-10 17:12:19,
1369,261,4,ACTIVE,2025-12-24 04:36:47,
1370,219,2,ACTIVE,2026-01-28 09:43:51,
1371,158,1,ACTIVE,2026-01-29 18:29:56,
1372,95,4,ACTIVE,2025-12-18 04:14:22,
1373,284,1,ACTIVE,2025-12-18 13:21:45,
1374,235,1,FAILED,2025-12-19 10:57:21,
1375,271,1,ACTIVE,2026-01-09 17:16:14,
1376,263,3,ACTIVE,2026-01-29 09:37:01,
1377,192,4,ACTIVE,2026-01-25 17:10:40,
1378,110,3,ACTIVE,2026-01-01 02:33:18,
1379,189,1,ACTIVE,2025-12-18 09:51:27,
1380,199,1,ACTIVE,2026-01-11 10:45:53,
1381,104,2,ACTIVE,2026-01-18 06:11:20,
1382,188,1,ACTIVE,2025-12-23 22:02:22,
1383,72,4,ACTIVE,2026-01-25 23:35:29,
1384,204,2,ACTIVE,2026-01-01 13:00:44,
1385,189,1,ACTIVE,2026-01-08 18:50:05,
1386,97,2,ACTIVE,2026-01-07 11:33:17,
1387,33,1,FAILED,2026-01-18 01:48:31,
1388,186,1,ACTIVE,2025-12-20 18:42:58,
1389,15,2,ACTIVE,2025-12-31 16:00:31,
1390,123,1,FAILED,2026-01-15 10:21:26,
1391,20,3,ACTIVE,2026-01-19 07:07:59,
1392,184,3,ACTIVE,2026-01-27 21:45:03,
1393,240,3,ACTIVE,2026-01-25 15:47:27,
1394,70,4,ACTIVE,2026-01-14 00:47:19,
1395,94,4,ACTIVE,2026-01-27 22:44:16,
1396,275,2,ACTIVE,2025-12-18 08:06:36,
1397,198,2,ACTIVE,2026-01-21 00:30:23,
1398,112,1,ACTIVE,2025-12-19 22:35:11,
1399,41,4,FAILED,2026-01-12 02:07:58,
1400,97,1,ACTIVE,2026-01-18 13:14:48,
1401,187,1,ACTIVE,2026-01-13 03:35:20,
1402,178,2,ACTIVE,2025-12-18 05:10:05,
1403,112,4,FAILED,2025-12-26 11:04:51,
1404,187,4,ACTIVE,2026-01-07 22:15:33,
1405,15,3,ACTIVE,2026-01-11 03:11:56,
1406,214,3,ACTIVE,2026-01-04 00:08:57,
1407,88,1,ACTIVE,2025-12-29 22:32:17,
1408,227,3,ACTIVE,2026-01-16 02:26:36,
1409,191,1,ACTIVE,2025-12-24 11:08:50,
1410,39,4,ACTIVE,2026-01-27 10:07:04,
1411,163,1,ACTIVE,2025-12-29 10:18:41,
1412,168,3,ACTIVE,2025-12-19 01:43:10,
1413,10,3,ACTIVE,2026-01-06 03:35:24,
1414,212,1,ACTIVE,2025-12-20 12:05:37,
1415,291,3,ACTIVE,2026-01-11 13:02:42,
1416,54,3,ACTIVE,2026-01-24 00:30:49,
1417,158,4,ACTIVE,2026-01-28 05:03:21,
1418,151,1,ACTIVE,2026-01-19 02:38:05,
1419,75,3,ACTIVE,2025-12-26 04:43:35,
1420,220,4,ACTIVE,2026-01-08 21:42:54,
1421,165,2,ACTIVE,2025-12-22 10:04:51,
1422,275,4,ACTIVE,2026-01-28 21:54:22,
1423,217,3,ACTIVE,2026-01-27 22:25:35,
1424,32,3,ACTIVE,2026-01-03 02:52:11,
1425,238,1,ACTIVE,2026-01-30 11:47:56,
1426,230,2,ACTIVE,2026-01-04 05:49:28,
1427,236,4,ACTIVE,2025-12-30 11:04:20,
1428,101,4,ACTIVE,2026-01-06 20:24:55,
1429,71,1,ACTIVE,2025-12-22 17:20:03,
1430,63,3,ACTIVE,2025-12-25 03:50:15,
1431,185,1,ACTIVE,2025-12-22 14:17:52,
1432,183,3,ACTIVE,2026-01-11 19:19:33,
1433,256,2,ACTIVE,2026-01-18 22:47:37,
1434,244,2,ACTIVE,2026-01-04 10:11:01,
1435,228,2,ACTIVE,2026-01-23 04:09:30,
1436,210,1,ACTIVE,2026-01-02 11:41:41,
1437,17,3,ACTIVE,2026-01-16 06:27:45,
1438,103,1,ACTIVE,2025-12-21 23:31:22,
1439,90,2,ACTIVE,2026-01-18 01:45:42,
1440,188,4,ACTIVE,2026-01-14 02:55:07,
1441,188,4,ACTIVE,2026-01-19 03:48:36,
1442,238,2,ACTIVE,2026-01-22 07:45:32,
1443,174,4,FAILED,2026-01-12 15:29:15,
1444,161,2,ACTIVE,2025-12-31 05:35:41,
1445,74,2,ACTIVE,2026-01-25 03:52:04,
1446,148,1,ACTIVE,2025-12-30 19:27:59,
1447,193,1,FAILED,2025-12-20 01:18:01,
1448,110,1,ACTIVE,2026-01-28 19:44:18,
1449,170,2,ACTIVE,2026-01-07 02:24:06,
1450,111,3,ACTIVE,2026-01-24 07:33:17,
1451,114,2,ACTIVE,2025-12-17 11:02:45,
1452,127,3,ACTIVE,2025-12-30 01:33:00,
1453,178,3,ACTIVE,2026-01-04 17:45:51,
1454,242,4,ACTIVE,2026-01-16 23:20:59,
1455,90,1,ACTIVE,2026-01-13 21:23:22,
1456,276,2,ACTIVE,2025-12-20 11:46:12,
1457,155,4,ACTIVE,2025-12-20 11:50:14,
1458,185,3,ACTIVE,2026-01-01 03:36:05,
1459,43,2,ACTIVE,2026-01-16 04:43:30,
1460,62,4,ACTIVE,2026-01-02 05:20:42,
1461,201,4,ACTIVE,2026-01-09 05:02:34,
1462,144,4,ACTIVE,2025-12-17 15:38:15,
1463,47,1,ACTIVE,2026-01-02 22:27:58,
1464,146,2,ACTIVE,2026-01-15 14:06:44,
1465,52,4,ACTIVE,2025-12-25 09:57:40,
1466,213,4,ACTIVE,2025-12-27 14:14:15,
1467,93,2,FAILED,2025-12-31 07:16:34,
1468,67,3,ACTIVE,2026-01-25 05:45:26,
1469,266,1,ACTIVE,2026-01-21 07:24:01,
1470,124,4,ACTIVE,2026-01-02 14:43:05,
1471,2,2,ACTIVE,2026-01-17 15:53:28,
1472,148,1,ACTIVE,2025-12-31 22:46:23,
1473,188,1,ACTIVE,2025-12-22 16:34:54,
1474,177,3,ACTIVE,2026-01-26 10:58:49,
1475,237,1,ACTIVE,2026-01-25 01:31:08,
1476,259,3,ACTIVE,2025-12-27 08:25:42,
1477,175,4,ACTIVE,2026-01-08 10:09:49,
1478,212,2,ACTIVE,2025-12-29 01:11:07,
1479,161,3,ACTIVE,2025-12-26 03:05:36,
1480,123,1,ACTIVE,2026-01-24 23:58:04,
1481,4,2,ACTIVE,2025-12-23 10:35:35,
1482,211,4,ACTIVE,2025-12-26 14:43:35,
1483,117,1,FAILED,2026-01-19 22:56:25,
1484,288,3,FAILED,2026-01-01 02:09:36,
1485,288,1,ACTIVE,2025-12-25 06:48:27,
1486,279,3,ACTIVE,2025-12-31 04:21:56,
1487,212,3,ACTIVE,2026-01-24 23:25:05,
1488,162,3,ACTIVE,2026-01-02 21:25:12,
1489,20,4,ACTIVE,2025-12-25 17:35:58,
1490,56,4,ACTIVE,2025-12-18 16:12:54,
1491,269,3,ACTIVE,2025-12-25 10:26:11,
1492,295,4,ACTIVE,2025-12-28 07:49:27,
1493,177,2,ACTIVE,2026-01-25 22:40:45,
1494,201,1,ACTIVE,2026-01-18 05:15:08,
1495,156,2,FAILED,2026-01-21 09:28:10,
1496,92,1,ACTIVE,2026-01-20 03:48:53,
1497,294,3,ACTIVE,2026-01-08 02:17:41,
1498,36,3,ACTIVE,2026-01-12 20:25:09,
1499,114,3,FAILED,2026-01-14 05:09:57,
1500,21,4,ACTIVE,2026-01-06 08:38:35,
1501,3,4,ACTIVE,2026-01-11 19:14:16,
1502,88,2,ACTIVE,2025-12-22 19:07:30,
1503,201,1,ACTIVE,2026-01-17 05:30:12,
1504,31,1,ACTIVE,2026-01-08 15:01:28,
1505,257,4,ACTIVE,2026-01-21 13:06:55,
1506,246,2,ACTIVE,2025-12-23 11:29:25,
1507,220,2,ACTIVE,2026-01-19 23:34:16,
1508,287,4,FAILED,2026-01-01 07:50:25,
1509,157,1,ACTIVE,2026-01-12 14:34:10,
1510,55,3,FAILED,2025-12-26 19:18:20,
1511,154,3,ACTIVE,2026-01-12 18:10:53,
1512,55,1,ACTIVE,2026-01-05 04:14:08,
1513,235,3,ACTIVE,2025-12-26 22:17:24,
1514,169,1,ACTIVE,2026-01-07 08:48:27,
1515,97,2,ACTIVE,2026-01-24 12:43:26,
1516,108,1,ACTIVE,2025-12-19 14:59:28,
1517,44,1,ACTIVE,2026-01-12 11:38:32,
1518,243,1,ACTIVE,2026-01-15 05:35:51,
1519,63,1,ACTIVE,2026-01-22 05:00:12,
1520,297,3,ACTIVE,2026-01-17 14:49:41,
1521,61,2,ACTIVE,2026-01-11 20:06:15,
1522,218,3,ACTIVE,2025-12-17 12:47:20,
1523,12,1,ACTIVE,2025-12-18 10:40:10,
1524,174,1,ACTIVE,2026-01-21 18:30:06,
1525,213,2,ACTIVE,2026-01-06 03:43:50,
1526,17,4,ACTIVE,2026-01-29 10:34:07,
1527,170,1,ACTIVE,2025-12-25 04:38:44,
1528,223,1,ACTIVE,2026-01-16 16:07:59,
1529,292,3,ACTIVE,2026-01-08 17:58:31,
1530,240,3,FAILED,2026-01-01 02:26:48,
1531,196,1,ACTIVE,2026-01-08 14:54:00,
1532,123,4,ACTIVE,2026-01-21 14:10:24,
1533,260,1,ACTIVE,2025-12-22 01:12:50,
1534,180,2,ACTIVE,2025-12-26 05:20:05,
1535,161,2,ACTIVE,2026-01-17 17:11:57,
1536,86,1,ACTIVE,2026-01-26 01:40:12,
1537,117,4,ACTIVE,2026-01-15 11:33:37,
1538,113,1,FAILED,2025-12-31 18:34:41,
1539,272,2,ACTIVE,2026-01-21 01:00:44,
1540,97,1,ACTIVE,2025-12-28 05:29:33,
1541,140,2,ACTIVE,2026-01-18 14:01:54,
1542,193,4,ACTIVE,2026-01-15 21:16:17,
1543,217,1,ACTIVE,2025-12-20 17:31:45,
1544,173,4,ACTIVE,2026-01-29 22:10:29,
1545,231,4,FAILED,2026-01-29 03:25:17,
1546,136,1,ACTIVE,2025-12-19 03:25:21,
1547,280,3,FAILED,2025-12-27 14:07:09,
1548,45,2,ACTIVE,2026-01-23 22:25:36,
1549,190,1,ACTIVE,2026-01-19 02:55:44,
1550,93,3,ACTIVE,2025-12-26 15:33:26,
1551,220,3,ACTIVE,2026-01-23 06:23:05,
1552,32,1,ACTIVE,2025-12-29 19:35:32,
1553,12,2,FAILED,2026-01-08 19:09:50,
1554,244,1,FAILED,2025-12-25 13:32:01,
1555,152,3,ACTIVE,2026-01-14 14:51:28,
1556,128,3,ACTIVE,2026-01-02 08:33:37,
1557,183,1,FAILED,2025-12-28 15:01:59,
1558,41,2,ACTIVE,2026-01-12 08:30:52,
1559,35,3,ACTIVE,2026-01-27 20:25:29,
1560,217,1,ACTIVE,2026-01-07 16:25:13,
1561,158,4,ACTIVE,2026-01-02 23:16:22,
1562,292,3,ACTIVE,2026-01-15 15:18:56,
1563,88,2,ACTIVE,2026-01-25 12:17:43,
1564,119,3,ACTIVE,2025-12-27 11:44:54,
1565,120,1,FAILED,2026-01-10 22:14:54,
1566,129,1,ACTIVE,2026-01-01 11:15:03,
1567,16,2,ACTIVE,2026-01-24 16:18:06,
1568,66,4,ACTIVE,2025-12-19 16:19:08,
1569,4,4,ACTIVE,2026-01-03 02:30:19,
1570,167,2,ACTIVE,2025-12-29 10:22:58,
1571,70,4,ACTIVE,2026-01-24 13:13:35,
1572,8,2,FAILED,2025-12-20 15:26:48,
1573,47,1,ACTIVE,2026-01-17 02:11:52,
1574,59,3,ACTIVE,2025-12-23 15:23:27,
1575,103,4,ACTIVE,2025-12-26 14:54:40,
1576,24,2,ACTIVE,2026-01-27 06:03:23,
1577,111,3,FAILED,2026-01-11 11:28:14,
1578,114,3,ACTIVE,2025-12-17 22:31:11,
1579,64,4,ACTIVE,2025-12-23 10:53:34,
1580,90,1,ACTIVE,2026-01-10 06:30:21,
1581,98,3,ACTIVE,2026-01-14 11:30:31,
1582,69,1,ACTIVE,2026-01-27 18:14:24,
1583,179,3,ACTIVE,2026-01-28 12:41:24,
1584,122,2,ACTIVE,2026-01-06 01:32:28,
1585,153,2,ACTIVE,2025-12-17 10:38:39,
1586,12,1,FAILED,2026-01-22 14:37:11,
1587,109,2,ACTIVE,2026-01-02 07:04:20,
1588,122,1,ACTIVE,2026-01-22 20:06:37,
1589,71,4,FAILED,2026-01-09 11:48:00,
1590,254,3,ACTIVE,2025-12-23 08:12:52,
1591,44,1,FAILED,2026-01-24 09:52:25,
1592,189,2,ACTIVE,2025-12-20 12:19:22,
1593,238,3,FAILED,2026-01-07 09:11:34,
1594,164,4,ACTIVE,2026-01-01 01:22:58,
1595,277,3,ACTIVE,2025-12-16 23:10:20,
1596,12,4,ACTIVE,2026-01-29 14:26:21,
1597,142,3,FAILED,2025-12-31 16:44:46,
1598,46,3,ACTIVE,2025-12-29 18:27:20,
1599,136,3,ACTIVE,2025-12-24 07:40:47,
1600,297,1,ACTIVE,2026-01-06 07:58:14,
1601,43,2,ACTIVE,2025-12-19 08:29:03,
1602,51,1,ACTIVE,2025-12-26 08:54:49,
1603,134,4,FAILED,2026-01-10 11:14:57,
1604,26,1,ACTIVE,2026-01-26 11:44:30,
1605,192,4,ACTIVE,2026-01-27 20:23:33,
1606,97,3,ACTIVE,2026-01-07 23:47:18,
1607,143,4,ACTIVE,2025-12-19 18:17:35,
1608,295,2,ACTIVE,2026-01-10 12:33:46,
1609,86,2,ACTIVE,2025-12-19 04:34:40,
1610,177,3,ACTIVE,2026-01-27 23:13:01,
1611,130,1,ACTIVE,2025-12-28 18:12:31,
1612,85,4,ACTIVE,2026-01-01 11:33:21,
1613,296,1,ACTIVE,2026-01-06 10:11:00,
1614,122,3,ACTIVE,2026-01-17 06:45:52,
1615,149,3,ACTIVE,2026-01-30 16:19:18,
1616,215,1,ACTIVE,2026-01-22 22:33:24,
1617,33,1,ACTIVE,2025-12-30 16:48:27,
1618,198,2,FAILED,2026-01-26 06:38:25,
1619,146,4,ACTIVE,2026-01-03 10:26:53,
1620,122,3,ACTIVE,2026-01-18 19:48:45,
1621,136,1,ACTIVE,2025-12-24 02:06:16,
1622,8,1,ACTIVE,2026-01-10 19:00:11,
1623,276,4,ACTIVE,2026-01-30 03:59:07,
1624,215,1,FAILED,2025-12-30 08:47:02,
1625,24,2,ACTIVE,2026-01-23 09:36:01,
1626,66,4,ACTIVE,2025-12-31 15:49:14,
1627,192,3,FAILED,2026-01-23 23:08:27,
1628,281,2,ACTIVE,2026-01-07 16:20:24,
1629,275,4,ACTIVE,2026-01-24 10:41:50,
1630,264,4,ACTIVE,2025-12-26 09:26:39,
1631,278,2,ACTIVE,2026-01-26 04:34:44,
1632,193,3,ACTIVE,2025-12-23 00:13:40,
1633,71,1,FAILED,2026-01-25 19:19:35,
1634,100,3,ACTIVE,2026-01-01 03:50:01,
1635,212,2,FAILED,2026-01-12 19:42:14,
1636,145,4,ACTIVE,2026-01-09 05:49:15,
1637,140,1,ACTIVE,2025-12-22 23:36:04,
1638,121,1,ACTIVE,2026-01-30 09:09:39,
1639,138,2,ACTIVE,2025-12-24 19:42:08,
1640,41,1,ACTIVE,2026-01-16 23:33:02,
1641,76,2,ACTIVE,2026-01-24 08:28:03,
1642,23,1,FAILED,2026-01-01 07:42:47,
1643,183,1,ACTIVE,2026-01-14 04:14:26,
1644,173,3,ACTIVE,2025-12-24 01:53:53,
1645,78,2,ACTIVE,2025-12-25 05:31:03,
1646,21,2,ACTIVE,2025-12-26 10:51:13,
1647,277,1,ACTIVE,2025-12-31 01:30:03,
1648,108,3,ACTIVE,2025-12-21 14:22:05,
1649,142,2,ACTIVE,2026-01-15 02:31:24,
1650,147,1,ACTIVE,2026-01-04 04:01:44,
1651,131,2,ACTIVE,2026-01-23 09:32:48,
1652,256,1,ACTIVE,2025-12-27 00:06:04,
1653,277,1,ACTIVE,2025-12-27 10:51:33,
1654,37,1,ACTIVE,2025-12-28 19:14:48,
1655,265,2,ACTIVE,2026-01-08 15:13:38,
1656,202,1,ACTIVE,2026-01-06 16:50:13,
1657,140,2,ACTIVE,2025-12-29 06:44:25,
1658,72,4,ACTIVE,2026-01-24 01:36:04,
1659,217,2,ACTIVE,2025-12-29 19:59:34,
1660,283,4,ACTIVE,2026-01-25 15:00:18,
1661,134,4,FAILED,2025-12-28 23:49:55,
1662,153,3,ACTIVE,2025-12-25 09:02:37,
1663,116,1,ACTIVE,2025-12-25 14:03:00,
1664,299,3,ACTIVE,2025-12-24 02:19:15,
1665,106,3,ACTIVE,2025-12-18 04:48:12,
1666,170,3,ACTIVE,2025-12-26 04:43:28,
1667,73,2,ACTIVE,2026-01-03 06:56:16,
1668,231,4,ACTIVE,2026-01-12 10:39:52,
1669,239,1,ACTIVE,2025-12-26 13:34:22,
1670,48,4,ACTIVE,2025-12-27 02:40:09,
1671,281,3,ACTIVE,2026-01-04 22:04:59,
1672,42,1,ACTIVE,2025-12-17 00:36:41,
1673,240,2,ACTIVE,2026-01-08 11:55:44,
1674,288,3,ACTIVE,2025-12-23 21:27:55,
1675,89,4,ACTIVE,2026-01-14 02:52:08,
1676,174,1,ACTIVE,2026-01-11 22:54:50,
1677,48,3,ACTIVE,2026-01-29 19:11:47,
1678,10,4,ACTIVE,2026-01-27 22:48:17,
1679,98,3,ACTIVE,2026-01-07 04:10:09,
1680,259,4,ACTIVE,2026-01-02 19:34:13,
1681,183,3,ACTIVE,2025-12-28 04:32:34,
1682,7,1,ACTIVE,2025-12-25 07:55:54,
1683,51,4,ACTIVE,2026-01-29 03:02:59,
1684,219,2,ACTIVE,2025-12-31 13:21:50,
1685,95,1,ACTIVE,2025-12-23 18:42:48,
1686,95,2,ACTIVE,2025-12-17 15:52:10,
1687,204,4,ACTIVE,2026-01-06 08:27:31,
1688,71,2,FAILED,2026-01-11 14:58:56,
1689,6,4,ACTIVE,2025-12-24 06:55:02,
1690,84,4,FAILED,2026-01-29 20:08:09,
1691,283,4,ACTIVE,2025-12-28 12:39:11,
1692,59,2,ACTIVE,2025-12-21 16:40:42,
1693,297,1,ACTIVE,2025-12-22 23:08:45,
1694,129,3,FAILED,2026-01-24 10:23:26,
1695,90,4,ACTIVE,2026-01-23 03:10:26,
1696,83,4,ACTIVE,2026-01-16 17:08:06,
1697,112,3,ACTIVE,2025-12-30 07:10:25,
1698,17,3,ACTIVE,2026-01-20 06:14:05,
1699,251,3,ACTIVE,2025-12-18 01:08:51,
1700,246,1,ACTIVE,2025-12-24 22:52:46,
1701,48,2,ACTIVE,2026-01-08 15:14:48,
1702,10,2,ACTIVE,2026-01-19 22:47:28,
1703,139,4,ACTIVE,2025-12-22 18:59:20,
1704,58,3,ACTIVE,2025-12-21 21:29:26,
1705,63,2,ACTIVE,2025-12-19 03:38:00,
1706,20,2,ACTIVE,2025-12-27 13:39:14,
1707,6,1,ACTIVE,2025-12-23 12:32:52,
1708,147,4,ACTIVE,2026-01-23 02:30:01,
1709,128,2,ACTIVE,2026-01-26 14:53:36,
1710,193,3,ACTIVE,2025-12-25 21:39:45,
1711,294,3,ACTIVE,2026-01-06 17:07:18,
1712,294,3,ACTIVE,2026-01-29 03:49:25,
1713,81,1,ACTIVE,2026-01-10 20:13:16,
1714,172,2,ACTIVE,2026-01-27 14:20:43,
1715,104,4,ACTIVE,2026-01-22 20:01:39,
1716,18,2,ACTIVE,2026-01-13 04:14:34,
1717,13,1,ACTIVE,2026-01-25 16:52:56,
1718,278,1,ACTIVE,2026-01-02 19:13:12,
1719,266,4,ACTIVE,2026-01-23 20:23:07,
1720,52,1,FAILED,2026-01-01 18:02:45,
1721,239,1,ACTIVE,2026-01-24 03:05:52,
1722,87,2,ACTIVE,2026-01-22 15:06:44,
1723,123,1,ACTIVE,2026-01-24 04:36:13,
1724,216,1,ACTIVE,2026-01-25 20:03:45,
1725,17,2,FAILED,2025-12-25 03:21:41,
1726,91,4,ACTIVE,2026-01-19 18:40:44,
1727,61,1,FAILED,2026-01-04 15:40:35,
1728,106,4,ACTIVE,2025-12-24 01:23:01,
1729,212,3,ACTIVE,2025-12-25 05:39:00,
1730,20,4,ACTIVE,2025-12-20 14:08:47,
1731,8,1,ACTIVE,2025-12-26 13:36:48,
1732,140,2,ACTIVE,2026-01-13 22:24:20,
1733,235,1,ACTIVE,2025-12-17 06:16:50,
1734,269,3,FAILED,2026-01-28 14:16:42,
1735,225,2,ACTIVE,2026-01-15 18:44:50,
1736,142,2,ACTIVE,2025-12-31 06:26:42,
1737,286,1,ACTIVE,2026-01-07 21:31:04,
1738,152,4,FAILED,2025-12-21 08:58:55,
1739,19,1,ACTIVE,2026-01-26 18:18:04,
1740,155,1,FAILED,2026-01-10 02:20:29,
1741,62,4,ACTIVE,2026-01-06 12:03:59,
1742,261,4,ACTIVE,2025-12-28 16:55:16,
1743,151,4,ACTIVE,2026-01-29 04:18:52,
1744,285,2,ACTIVE,2025-12-22 06:13:15,
1745,34,3,ACTIVE,2025-12-30 19:56:09,
1746,277,3,FAILED,2026-01-21 03:31:24,
1747,34,2,ACTIVE,2025-12-31 21:03:59,
1748,194,1,ACTIVE,2026-01-24 05:37:12,
1749,91,3,ACTIVE,2026-01-11 08:09:39,
1750,138,4,ACTIVE,2026-01-05 01:41:39,
1751,75,1,ACTIVE,2025-12-23 09:10:33,
1752,40,2,FAILED,2026-01-12 21:55:23,
1753,13,1,ACTIVE,2026-01-20 21:20:13,
1754,124,4,ACTIVE,2026-01-09 14:58:06,
1755,158,1,ACTIVE,2026-01-12 02:15:17,
1756,58,3,ACTIVE,2026-01-29 13:38:04,
1757,253,3,ACTIVE,2025-12-22 01:54:31,
1758,63,1,ACTIVE,2025-12-27 18:06:36,
1759,141,4,FAILED,2026-01-26 02:35:26,
1760,265,2,ACTIVE,2026-01-16 14:56:11,
1761,44,4,ACTIVE,2026-01-06 13:13:02,
1762,80,2,ACTIVE,2026-01-28 21:45:51,
1763,84,3,ACTIVE,2026-01-19 14:33:54,
1764,77,3,ACTIVE,2026-01-30 09:16:08,
1765,208,4,ACTIVE,2025-12-22 17:37:57,
1766,286,1,ACTIVE,2026-01-06 23:24:36,
1767,145,2,ACTIVE,2025-12-31 04:28:57,
1768,209,1,ACTIVE,2026-01-21 01:24:26,
1769,167,4,ACTIVE,2026-01-04 03:30:53,
1770,39,4,ACTIVE,2026-01-30 11:12:08,
1771,282,3,ACTIVE,2026-01-23 06:53:34,
1772,132,1,ACTIVE,2025-12-22 19:25:40,
1773,242,1,ACTIVE,2026-01-12 17:49:45,
1774,76,4,ACTIVE,2026-01-27 03:34:13,
1775,91,4,ACTIVE,2025-12-17 08:31:35,
1776,141,4,ACTIVE,2026-01-24 21:11:13,
1777,84,3,ACTIVE,2026-01-09 17:28:18,
1778,10,4,ACTIVE,2026-01-25 04:21:50,
1779,189,1,ACTIVE,2026-01-20 18:31:26,
1780,57,3,ACTIVE,2026-01-12 12:20:35,
1781,177,2,FAILED,2026-01-27 11:10:10,
1782,70,1,ACTIVE,2025-12-31 17:13:14,
1783,210,3,ACTIVE,2026-01-28 08:29:12,
1784,296,2,ACTIVE,2025-12-25 21:48:53,
1785,241,3,ACTIVE,2026-01-17 11:46:58,
1786,109,1,ACTIVE,2025-12-28 16:26:55,
1787,269,3,FAILED,2026-01-24 07:02:02,
1788,28,1,ACTIVE,2025-12-23 14:36:48,
1789,169,1,ACTIVE,2026-01-21 16:54:07,
1790,214,1,ACTIVE,2026-01-15 10:37:57,
1791,167,2,ACTIVE,2026-01-03 04:36:25,
1792,77,4,ACTIVE,2026-01-07 13:54:08,
1793,93,3,FAILED,2025-12-27 18:45:40,
1794,99,4,ACTIVE,2026-01-13 13:54:08,
1795,7,3,ACTIVE,2026-01-25 03:11:01,
1796,186,3,ACTIVE,2026-01-28 00:07:47,
1797,49,1,ACTIVE,2025-12-29 12:26:09,
1798,36,4,ACTIVE,2025-12-23 19:46:47,
1799,23,4,ACTIVE,2026-01-27 16:06:22,
1800,92,3,ACTIVE,2026-01-03 20:28:53,
1801,31,1,ACTIVE,2025-12-31 09:14:23,
1802,73,1,ACTIVE,2025-12-20 19:32:03,
1803,254,4,ACTIVE,2025-12-19 00:06:12,
1804,42,1,ACTIVE,2025-12-23 03:27:10,
1805,294,4,FAILED,2026-01-12 03:55:50,
1806,126,3,ACTIVE,2026-01-17 14:35:33,
1807,285,1,ACTIVE,2026-01-02 00:45:50,
1808,21,1,ACTIVE,2026-01-10 19:29:43,
1809,122,3,ACTIVE,2026-01-14 00:18:41,
1810,183,1,ACTIVE,2026-01-19 20:31:18,
1811,32,3,ACTIVE,2026-01-03 23:11:55,
1812,7,1,ACTIVE,2026-01-06 15:41:15,
1813,221,1,ACTIVE,2026-01-01 18:22:59,
1814,49,3,ACTIVE,2025-12-21 02:10:09,
1815,139,4,ACTIVE,2025-12-28 23:36:06,
1816,111,3,ACTIVE,2025-12-25 22:32:10,
1817,76,1,ACTIVE,2025-12-23 12:12:23,
1818,209,3,ACTIVE,2025-12-20 12:34:50,
1819,36,1,ACTIVE,2026-01-30 17:23:38,
1820,194,3,FAILED,2026-01-09 04:00:01,
1821,30,4,ACTIVE,2025-12-18 22:51:35,
1822,282,3,ACTIVE,2025-12-22 20:37:59,
1823,121,4,ACTIVE,2026-01-30 19:09:42,
1824,89,1,ACTIVE,2026-01-30 13:54:29,
1825,47,2,ACTIVE,2026-01-08 07:55:23,
1826,67,1,ACTIVE,2025-12-22 11:32:14,
1827,5,1,ACTIVE,2026-01-13 10:13:58,
1828,110,1,ACTIVE,2026-01-16 21:09:52,
1829,282,2,ACTIVE,2025-12-25 01:47:28,
1830,214,2,ACTIVE,2026-01-15 14:59:06,
1831,105,3,ACTIVE,2026-01-14 16:15:09,
1832,72,3,ACTIVE,2026-01-23 00:27:40,
1833,143,1,ACTIVE,2026-01-20 19:33:01,
1834,18,3,FAILED,2025-12-18 20:19:59,
1835,299,3,ACTIVE,2026-01-09 21:28:51,
1836,16,4,ACTIVE,2026-01-23 12:30:02,
1837,96,1,FAILED,2026-01-20 22:44:51,
1838,251,4,ACTIVE,2026-01-30 02:42:24,
1839,241,2,ACTIVE,2026-01-13 06:57:36,
1840,277,3,ACTIVE,2026-01-08 23:00:11,
1841,192,2,ACTIVE,2025-12-27 09:32:45,
1842,293,4,ACTIVE,2025-12-31 14:47:52,
1843,67,2,ACTIVE,2025-12-24 05:58:14,
1844,177,4,ACTIVE,2025-12-31 04:34:28,
1845,297,4,ACTIVE,2026-01-27 22:23:14,
1846,60,4,ACTIVE,2025-12-29 11:32:18,
1847,29,2,ACTIVE,2026-01-06 02:13:01,
1848,21,1,ACTIVE,2026-01-03 02:35:59,
