provision_id,order_id,provision_status,response_time_ms,error_message,log_timestamp
1,1548,FAILED,910,Network provisioning failure,2026-01-30 19:30:04.630258
2,1074,SUCCESS,2442,,2026-01-30 19:30:04.630258
3,251,SUCCESS,2205,,2026-01-30 19:30:04.630258
4,887,SUCCESS,792,,2026-01-30 19:30:04.630258
5,264,SUCCESS,2508,,2026-01-30 19:30:04.630258
6,802,SUCCESS,2048,,2026-01-30 19:30:04.630258
7,1513,SUCCESS,2869,,2026-01-30 19:30:04.630258
8,1350,FAILED,2484,Network provisioning failure,2026-01-30 19:30:04.630258
9,1070,SUCCESS,2088,,2026-01-30 19:30:04.630258
10,1080,SUCCESS,2193,,2026-01-30 19:30:04.630258
11,496,SUCCESS,2462,,2026-01-30 19:30:04.630258
12,1420,SUCCESS,2259,,2026-01-30 19:30:04.630258
13,455,SUCCESS,1414,,2026-01-30 19:30:04.630258
14,1087,SUCCESS,2476,,2026-01-30 19:30:04.630258
15,630,SUCCESS,1123,,2026-01-30 19:30:04.630258
16,1532,SUCCESS,849,,2026-01-30 19:30:04.630258
17,1101,SUCCESS,1573,,2026-01-30 19:30:04.630258
18,209,FAILED,1079,Network provisioning failure,2026-01-30 19:30:04.630258
19,606,SUCCESS,1255,,2026-01-30 19:30:04.630258
20,850,SUCCESS,633,,2026-01-30 19:30:04.630258
21,801,FAILED,974,Network provisioning failure,2026-01-30 19:30:04.630258
22,599,SUCCESS,831,,2026-01-30 19:30:04.630258
23,1083,SUCCESS,2431,,2026-01-30 19:30:04.630258
24,856,SUCCESS,2960,,2026-01-30 19:30:04.630258
25,1789,SUCCESS,2262,,2026-01-30 19:30:04.630258
26,756,SUCCESS,2525,,2026-01-30 19:30:04.630258
27,1124,SUCCESS,482,,2026-01-30 19:30:04.630258
28,1231,SUCCESS,906,,2026-01-30 19:30:04.630258
29,872,SUCCESS,2908,,2026-01-30 19:30:04.630258
30,151,SUCCESS,2175,,2026-01-30 19:30:04.630258
31,921,SUCCESS,2898,,2026-01-30 19:30:04.630258
32,253,SUCCESS,2531,,2026-01-30 19:30:04.630258
33,119,SUCCESS,941,,2026-01-30 19:30:04.630258
34,270,SUCCESS,1179,,2026-01-30 19:30:04.630258
35,1269,SUCCESS,2892,,2026-01-30 19:30:04.630258
36,437,SUCCESS,1374,,2026-01-30 19:30:04.630258
37,1283,SUCCESS,1245,,2026-01-30 19:30:04.630258
38,101,FAILED,593,Network provisioning failure,2026-01-30 19:30:04.630258
39,339,SUCCESS,1525,,2026-01-30 19:30:04.630258
40,847,SUCCESS,478,,2026-01-30 19:30:04.630258
41,1314,SUCCESS,2790,,2026-01-30 19:30:04.630258
42,82,SUCCESS,2009,,2026-01-30 19:30:04.630258
43,1465,SUCCESS,2853,,2026-01-30 19:30:04.630258
44,1048,SUCCESS,2129,,2026-01-30 19:30:04.630258
45,25,SUCCESS,1039,,2026-01-30 19:30:04.630258
46,1253,SUCCESS,2199,,2026-01-30 19:30:04.630258
47,359,SUCCESS,1628,,2026-01-30 19:30:04.630258
48,1348,SUCCESS,244,,2026-01-30 19:30:04.630258
49,1060,SUCCESS,1408,,2026-01-30 19:30:04.630258
50,1732,SUCCESS,363,,2026-01-30 19:30:04.630258
51,213,SUCCESS,2479,,2026-01-30 19:30:04.630258
52,26,SUCCESS,1263,,2026-01-30 19:30:04.630258
53,1478,SUCCESS,214,,2026-01-30 19:30:04.630258
54,1543,SUCCESS,1771,,2026-01-30 19:30:04.630258
55,1640,SUCCESS,2341,,2026-01-30 19:30:04.630258
56,1229,SUCCESS,1187,,2026-01-30 19:30:04.630258
57,1662,SUCCESS,2597,,2026-01-30 19:30:04.630258
58,136,SUCCESS,1766,,2026-01-30 19:30:04.630258
59,218,SUCCESS,2324,,2026-01-30 19:30:04.630258
60,196,SUCCESS,686,,2026-01-30 19:30:04.630258
61,373,SUCCESS,2053,,2026-01-30 19:30:04.630258
62,1741,SUCCESS,2889,,2026-01-30 19:30:04.630258
63,1726,SUCCESS,2099,,2026-01-30 19:30:04.630258
64,969,SUCCESS,2987,,2026-01-30 19:30:04.630258
65,1171,SUCCESS,2140,,2026-01-30 19:30:04.630258
66,1587,SUCCESS,1853,,2026-01-30 19:30:04.630258
67,230,SUCCESS,1670,,2026-01-30 19:30:04.630258
68,1578,SUCCESS,2002,,2026-01-30 19:30:04.630258
69,1146,SUCCESS,2505,,2026-01-30 19:30:04.630258
70,667,SUCCESS,935,,2026-01-30 19:30:04.630258
71,449,SUCCESS,211,,2026-01-30 19:30:04.630258
72,1487,SUCCESS,2318,,2026-01-30 19:30:04.630258
73,1108,SUCCESS,1772,,2026-01-30 19:30:04.630258
74,899,FAILED,670,Network provisioning failure,2026-01-30 19:30:04.630258
75,1600,SUCCESS,955,,2026-01-30 19:30:04.630258
76,1120,SUCCESS,810,,2026-01-30 19:30:04.630258
77,786,SUCCESS,1031,,2026-01-30 19:30:04.630258
78,1665,SUCCESS,414,,2026-01-30 19:30:04.630258
79,149,SUCCESS,778,,2026-01-30 19:30:04.630258
80,93,SUCCESS,2466,,2026-01-30 19:30:04.630258
81,307,SUCCESS,709,,2026-01-30 19:30:04.630258
82,706,SUCCESS,2693,,2026-01-30 19:30:04.630258
83,1009,SUCCESS,2099,,2026-01-30 19:30:04.630258
84,541,SUCCESS,1496,,2026-01-30 19:30:04.630258
85,1582,SUCCESS,1718,,2026-01-30 19:30:04.630258
86,1100,SUCCESS,2797,,2026-01-30 19:30:04.630258
87,1335,SUCCESS,2718,,2026-01-30 19:30:04.630258
88,774,SUCCESS,1280,,2026-01-30 19:30:04.630258
89,714,SUCCESS,2128,,2026-01-30 19:30:04.630258
90,1408,SUCCESS,769,,2026-01-30 19:30:04.630258
91,1065,SUCCESS,262,,2026-01-30 19:30:04.630258
92,523,SUCCESS,1958,,2026-01-30 19:30:04.630258
93,252,SUCCESS,2424,,2026-01-30 19:30:04.630258
94,1742,SUCCESS,1821,,2026-01-30 19:30:04.630258
95,537,FAILED,625,Network provisioning failure,2026-01-30 19:30:04.630258
96,839,SUCCESS,1665,,2026-01-30 19:30:04.630258
97,1829,SUCCESS,846,,2026-01-30 19:30:04.630258
98,526,SUCCESS,326,,2026-01-30 19:30:04.630258
99,489,FAILED,1354,Network provisioning failure,2026-01-30 19:30:04.630258
100,559,SUCCESS,2517,,2026-01-30 19:30:04.630258
101,1425,SUCCESS,991,,2026-01-30 19:30:04.630258
102,1293,SUCCESS,1250,,2026-01-30 19:30:04.630258
103,131,SUCCESS,2784,,2026-01-30 19:30:04.630258
104,1473,SUCCESS,1237,,2026-01-30 19:30:04.630258
105,974,SUCCESS,519,,2026-01-30 19:30:04.630258
106,1757,SUCCESS,2372,,2026-01-30 19:30:04.630258
107,178,SUCCESS,793,,2026-01-30 19:30:04.630258
108,1320,SUCCESS,1561,,2026-01-30 19:30:04.630258
109,357,SUCCESS,1720,,2026-01-30 19:30:04.630258
110,241,SUCCESS,2967,,2026-01-30 19:30:04.630258
111,958,SUCCESS,2770,,2026-01-30 19:30:04.630258
112,812,SUCCESS,2912,,2026-01-30 19:30:04.630258
113,325,SUCCESS,1520,,2026-01-30 19:30:04.630258
114,17,SUCCESS,2913,,2026-01-30 19:30:04.630258
115,1021,SUCCESS,2301,,2026-01-30 19:30:04.630258
116,1768,SUCCESS,2694,,2026-01-30 19:30:04.630258
117,142,SUCCESS,1549,,2026-01-30 19:30:04.630258
118,980,SUCCESS,1184,,2026-01-30 19:30:04.630258
119,861,SUCCESS,1792,,2026-01-30 19:30:04.630258
120,504,SUCCESS,1585,,2026-01-30 19:30:04.630258
121,1749,SUCCESS,2270,,2026-01-30 19:30:04.630258
122,33,SUCCESS,2564,,2026-01-30 19:30:04.630258
123,1188,SUCCESS,1611,,2026-01-30 19:30:04.630258
124,1003,SUCCESS,1998,,2026-01-30 19:30:04.630258
125,633,SUCCESS,2651,,2026-01-30 19:30:04.630258
126,1333,SUCCESS,971,,2026-01-30 19:30:04.630258
127,816,SUCCESS,2498,,2026-01-30 19:30:04.630258
128,900,SUCCESS,1467,,2026-01-30 19:30:04.630258
129,1783,SUCCESS,2076,,2026-01-30 19:30:04.630258
130,1079,SUCCESS,2926,,2026-01-30 19:30:04.630258
131,109,SUCCESS,1828,,2026-01-30 19:30:04.630258
132,914,SUCCESS,831,,2026-01-30 19:30:04.630258
133,524,SUCCESS,1606,,2026-01-30 19:30:04.630258
134,1489,SUCCESS,2148,,2026-01-30 19:30:04.630258
135,1129,SUCCESS,2009,,2026-01-30 19:30:04.630258
136,644,SUCCESS,1323,,2026-01-30 19:30:04.630258
137,763,SUCCESS,366,,2026-01-30 19:30:04.630258
138,686,SUCCESS,2565,,2026-01-30 19:30:04.630258
139,282,SUCCESS,1416,,2026-01-30 19:30:04.630258
140,1117,SUCCESS,1738,,2026-01-30 19:30:04.630258
141,428,SUCCESS,2835,,2026-01-30 19:30:04.630258
142,10,SUCCESS,684,,2026-01-30 19:30:04.630258
143,1847,SUCCESS,1924,,2026-01-30 19:30:04.630258
144,146,SUCCESS,2423,,2026-01-30 19:30:04.630258
145,752,SUCCESS,2346,,2026-01-30 19:30:04.630258
146,98,SUCCESS,2243,,2026-01-30 19:30:04.630258
147,193,SUCCESS,1795,,2026-01-30 19:30:04.630258
148,1389,SUCCESS,955,,2026-01-30 19:30:04.630258
149,1364,SUCCESS,1999,,2026-01-30 19:30:04.630258
150,655,SUCCESS,1931,,2026-01-30 19:30:04.630258
151,853,SUCCESS,387,,2026-01-30 19:30:04.630258
152,243,SUCCESS,1409,,2026-01-30 19:30:04.630258
153,617,SUCCESS,1586,,2026-01-30 19:30:04.630258
154,674,SUCCESS,1343,,2026-01-30 19:30:04.630258
155,995,SUCCESS,2841,,2026-01-30 19:30:04.630258
156,167,SUCCESS,2332,,2026-01-30 19:30:04.630258
157,1569,SUCCESS,971,,2026-01-30 19:30:04.630258
158,1416,SUCCESS,2812,,2026-01-30 19:30:04.630258
159,672,SUCCESS,1617,,2026-01-30 19:30:04.630258
160,1275,SUCCESS,776,,2026-01-30 19:30:04.630258
161,1736,SUCCESS,2133,,2026-01-30 19:30:04.630258
162,1708,SUCCESS,517,,2026-01-30 19:30:04.630258
163,1488,SUCCESS,2913,,2026-01-30 19:30:04.630258
164,1280,SUCCESS,969,,2026-01-30 19:30:04.630258
165,956,SUCCESS,1871,,2026-01-30 19:30:04.630258
166,1366,SUCCESS,1519,,2026-01-30 19:30:04.630258
167,1715,SUCCESS,388,,2026-01-30 19:30:04.630258
168,458,SUCCESS,1647,,2026-01-30 19:30:04.630258
169,198,SUCCESS,2880,,2026-01-30 19:30:04.630258
170,629,SUCCESS,954,,2026-01-30 19:30:04.630258
171,104,FAILED,924,Network provisioning failure,2026-01-30 19:30:04.630258
172,413,SUCCESS,1270,,2026-01-30 19:30:04.630258
173,1134,SUCCESS,1858,,2026-01-30 19:30:04.630258
174,1175,SUCCESS,2476,,2026-01-30 19:30:04.630258
175,533,SUCCESS,2231,,2026-01-30 19:30:04.630258
176,71,SUCCESS,2773,,2026-01-30 19:30:04.630258
177,588,SUCCESS,2115,,2026-01-30 19:30:04.630258
178,1606,SUCCESS,1911,,2026-01-30 19:30:04.630258
179,1026,SUCCESS,375,,2026-01-30 19:30:04.630258
180,1555,SUCCESS,633,,2026-01-30 19:30:04.630258
181,1153,SUCCESS,2904,,2026-01-30 19:30:04.630258
182,1317,SUCCESS,2015,,2026-01-30 19:30:04.630258
183,624,SUCCESS,2726,,2026-01-30 19:30:04.630258
184,186,SUCCESS,307,,2026-01-30 19:30:04.630258
185,626,SUCCESS,2903,,2026-01-30 19:30:04.630258
186,1264,SUCCESS,1648,,2026-01-30 19:30:04.630258
187,823,FAILED,2535,Network provisioning failure,2026-01-30 19:30:04.630258
188,1528,SUCCESS,900,,2026-01-30 19:30:04.630258
189,705,SUCCESS,1660,,2026-01-30 19:30:04.630258
190,480,SUCCESS,2283,,2026-01-30 19:30:04.630258
191,727,SUCCESS,817,,2026-01-30 19:30:04.630258
192,280,SUCCESS,1964,,2026-01-30 19:30:04.630258
193,886,SUCCESS,818,,2026-01-30 19:30:04.630258
194,1527,SUCCESS,222,,2026-01-30 19:30:04.630258
195,781,SUCCESS,2733,,2026-01-30 19:30:04.630258
196,297,SUCCESS,990,,2026-01-30 19:30:04.630258
197,1164,SUCCESS,1704,,2026-01-30 19:30:04.630258
198,419,SUCCESS,1843,,2026-01-30 19:30:04.630258
199,314,SUCCESS,847,,2026-01-30 19:30:04.630258
200,1804,SUCCESS,903,,2026-01-30 19:30:04.630258
201,1345,SUCCESS,2339,,2026-01-30 19:30:04.630258
202,893,SUCCESS,351,,2026-01-30 19:30:04.630258
203,400,SUCCESS,2136,,2026-01-30 19:30:04.630258
204,1139,SUCCESS,2959,,2026-01-30 19:30:04.630258
205,636,SUCCESS,1193,,2026-01-30 19:30:04.630258
206,473,SUCCESS,623,,2026-01-30 19:30:04.630258
207,1000,SUCCESS,2600,,2026-01-30 19:30:04.630258
208,595,SUCCESS,775,,2026-01-30 19:30:04.630258
209,47,SUCCESS,745,,2026-01-30 19:30:04.630258
210,1723,SUCCESS,953,,2026-01-30 19:30:04.630258
211,1717,SUCCESS,2575,,2026-01-30 19:30:04.630258
212,813,SUCCESS,1817,,2026-01-30 19:30:04.630258
213,1458,SUCCESS,1610,,2026-01-30 19:30:04.630258
214,211,SUCCESS,1992,,2026-01-30 19:30:04.630258
215,1252,SUCCESS,895,,2026-01-30 19:30:04.630258
216,970,SUCCESS,760,,2026-01-30 19:30:04.630258
217,304,SUCCESS,1303,,2026-01-30 19:30:04.630258
218,15,SUCCESS,2628,,2026-01-30 19:30:04.630258
219,1800,SUCCESS,1755,,2026-01-30 19:30:04.630258
220,125,SUCCESS,2071,,2026-01-30 19:30:04.630258
221,77,SUCCESS,1517,,2026-01-30 19:30:04.630258
222,1632,SUCCESS,551,,2026-01-30 19:30:04.630258
223,1285,SUCCESS,1400,,2026-01-30 19:30:04.630258
224,153,SUCCESS,1541,,2026-01-30 19:30:04.630258
225,1747,SUCCESS,1923,,2026-01-30 19:30:04.630258
226,806,SUCCESS,2043,,2026-01-30 19:30:04.630258
227,1201,SUCCESS,794,,2026-01-30 19:30:04.630258
228,56,SUCCESS,868,,2026-01-30 19:30:04.630258
229,590,SUCCESS,1015,,2026-01-30 19:30:04.630258
230,1628,SUCCESS,1897,,2026-01-30 19:30:04.630258
231,579,SUCCESS,2065,,2026-01-30 19:30:04.630258
232,946,SUCCESS,2500,,2026-01-30 19:30:04.630258
233,123,SUCCESS,1149,,2026-01-30 19:30:04.630258
234,1647,SUCCESS,2488,,2026-01-30 19:30:04.630258
235,1463,FAILED,2044,Network provisioning failure,2026-01-30 19:30:04.630258
236,1836,SUCCESS,2784,,2026-01-30 19:30:04.630258
237,1414,SUCCESS,965,,2026-01-30 19:30:04.630258
238,885,SUCCESS,692,,2026-01-30 19:30:04.630258
239,1045,SUCCESS,2820,,2026-01-30 19:30:04.630258
240,891,SUCCESS,2599,,2026-01-30 19:30:04.630258
241,468,SUCCESS,1228,,2026-01-30 19:30:04.630258
242,575,SUCCESS,2027,,2026-01-30 19:30:04.630258
243,333,SUCCESS,1614,,2026-01-30 19:30:04.630258
244,1429,SUCCESS,277,,2026-01-30 19:30:04.630258
245,1180,FAILED,2150,Network provisioning failure,2026-01-30 19:30:04.630258
246,915,SUCCESS,890,,2026-01-30 19:30:04.630258
247,189,SUCCESS,2001,,2026-01-30 19:30:04.630258
248,1346,SUCCESS,962,,2026-01-30 19:30:04.630258
249,1306,SUCCESS,2289,,2026-01-30 19:30:04.630258
250,1141,SUCCESS,1282,,2026-01-30 19:30:04.630258
251,404,SUCCESS,2932,,2026-01-30 19:30:04.630258
252,1453,SUCCESS,2298,,2026-01-30 19:30:04.630258
253,923,SUCCESS,2871,,2026-01-30 19:30:04.630258
254,547,SUCCESS,1311,,2026-01-30 19:30:04.630258
255,997,SUCCESS,2665,,2026-01-30 19:30:04.630258
256,952,FAILED,1576,Network provisioning failure,2026-01-30 19:30:04.630258
257,1118,SUCCESS,2693,,2026-01-30 19:30:04.630258
258,977,SUCCESS,1265,,2026-01-30 19:30:04.630258
259,578,SUCCESS,356,,2026-01-30 19:30:04.630258
260,1699,SUCCESS,409,,2026-01-30 19:30:04.630258
261,1123,SUCCESS,1834,,2026-01-30 19:30:04.630258
262,556,SUCCESS,1389,,2026-01-30 19:30:04.630258
263,376,SUCCESS,2487,,2026-01-30 19:30:04.630258
264,879,SUCCESS,2923,,2026-01-30 19:30:04.630258
265,723,SUCCESS,1239,,2026-01-30 19:30:04.630258
266,1372,FAILED,1926,Network provisioning failure,2026-01-30 19:30:04.630258
267,1427,SUCCESS,1439,,2026-01-30 19:30:04.630258
268,566,SUCCESS,1491,,2026-01-30 19:30:04.630258
269,515,SUCCESS,2606,,2026-01-30 19:30:04.630258
270,695,SUCCESS,824,,2026-01-30 19:30:04.630258
271,737,SUCCESS,1451,,2026-01-30 19:30:04.630258
272,1542,SUCCESS,2479,,2026-01-30 19:30:04.630258
273,1698,SUCCESS,1193,,2026-01-30 19:30:04.630258
274,303,SUCCESS,1527,,2026-01-30 19:30:04.630258
275,1551,SUCCESS,1425,,2026-01-30 19:30:04.630258
276,1296,SUCCESS,376,,2026-01-30 19:30:04.630258
277,1611,SUCCESS,1441,,2026-01-30 19:30:04.630258
278,782,FAILED,1341,Network provisioning failure,2026-01-30 19:30:04.630258
279,610,SUCCESS,1218,,2026-01-30 19:30:04.630258
280,1131,FAILED,802,Network provisioning failure,2026-01-30 19:30:04.630258
281,287,SUCCESS,1138,,2026-01-30 19:30:04.630258
282,165,SUCCESS,2525,,2026-01-30 19:30:04.630258
283,1792,SUCCESS,2130,,2026-01-30 19:30:04.630258
284,748,SUCCESS,2323,,2026-01-30 19:30:04.630258
285,21,SUCCESS,1522,,2026-01-30 19:30:04.630258
286,1630,SUCCESS,1480,,2026-01-30 19:30:04.630258
287,1607,SUCCESS,1916,,2026-01-30 19:30:04.630258
288,1056,SUCCESS,971,,2026-01-30 19:30:04.630258
289,1729,SUCCESS,277,,2026-01-30 19:30:04.630258
290,1672,SUCCESS,2355,,2026-01-30 19:30:04.630258
291,1156,SUCCESS,2953,,2026-01-30 19:30:04.630258
292,401,SUCCESS,2990,,2026-01-30 19:30:04.630258
293,281,SUCCESS,2132,,2026-01-30 19:30:04.630258
294,1274,SUCCESS,842,,2026-01-30 19:30:04.630258
295,301,SUCCESS,1177,,2026-01-30 19:30:04.630258
296,181,SUCCESS,2547,,2026-01-30 19:30:04.630258
297,1830,SUCCESS,1072,,2026-01-30 19:30:04.630258
298,1412,SUCCESS,668,,2026-01-30 19:30:04.630258
299,1701,SUCCESS,1284,,2026-01-30 19:30:04.630258
300,1137,SUCCESS,1360,,2026-01-30 19:30:04.630258
301,367,SUCCESS,746,,2026-01-30 19:30:04.630258
302,1516,SUCCESS,606,,2026-01-30 19:30:04.630258
303,822,FAILED,974,Network provisioning failure,2026-01-30 19:30:04.630258
304,983,SUCCESS,501,,2026-01-30 19:30:04.630258
305,896,SUCCESS,1879,,2026-01-30 19:30:04.630258
306,1486,SUCCESS,2298,,2026-01-30 19:30:04.630258
307,429,SUCCESS,497,,2026-01-30 19:30:04.630258
308,718,SUCCESS,2351,,2026-01-30 19:30:04.630258
309,1242,SUCCESS,2584,,2026-01-30 19:30:04.630258
310,690,SUCCESS,1043,,2026-01-30 19:30:04.630258
311,112,SUCCESS,880,,2026-01-30 19:30:04.630258
312,1806,SUCCESS,1951,,2026-01-30 19:30:04.630258
313,694,SUCCESS,2085,,2026-01-30 19:30:04.630258
314,1460,SUCCESS,2463,,2026-01-30 19:30:04.630258
315,1211,SUCCESS,1640,,2026-01-30 19:30:04.630258
316,863,SUCCESS,568,,2026-01-30 19:30:04.630258
317,1706,SUCCESS,1969,,2026-01-30 19:30:04.630258
318,1491,SUCCESS,1112,,2026-01-30 19:30:04.630258
319,1136,FAILED,1897,Network provisioning failure,2026-01-30 19:30:04.630258
320,954,SUCCESS,1646,,2026-01-30 19:30:04.630258
321,1776,SUCCESS,931,,2026-01-30 19:30:04.630258
322,1575,SUCCESS,303,,2026-01-30 19:30:04.630258
323,1561,SUCCESS,2428,,2026-01-30 19:30:04.630258
324,600,SUCCESS,2053,,2026-01-30 19:30:04.630258
325,319,SUCCESS,356,,2026-01-30 19:30:04.630258
326,530,SUCCESS,1762,,2026-01-30 19:30:04.630258
327,1790,SUCCESS,397,,2026-01-30 19:30:04.630258
328,221,SUCCESS,1244,,2026-01-30 19:30:04.630258
329,889,SUCCESS,1043,,2026-01-30 19:30:04.630258
330,435,SUCCESS,1114,,2026-01-30 19:30:04.630258
331,653,SUCCESS,2079,,2026-01-30 19:30:04.630258
332,1405,SUCCESS,2258,,2026-01-30 19:30:04.630258
333,913,SUCCESS,2336,,2026-01-30 19:30:04.630258
334,589,SUCCESS,1557,,2026-01-30 19:30:04.630258
335,108,SUCCESS,1595,,2026-01-30 19:30:04.630258
336,1051,SUCCESS,2709,,2026-01-30 19:30:04.630258
337,1089,SUCCESS,2283,,2026-01-30 19:30:04.630258
338,65,SUCCESS,575,,2026-01-30 19:30:04.630258
339,52,SUCCESS,2201,,2026-01-30 19:30:04.630258
340,1475,SUCCESS,2036,,2026-01-30 19:30:04.630258
341,366,SUCCESS,2124,,2026-01-30 19:30:04.630258
342,440,SUCCESS,1906,,2026-01-30 19:30:04.630258
343,1017,SUCCESS,800,,2026-01-30 19:30:04.630258
344,85,SUCCESS,1461,,2026-01-30 19:30:04.630258
345,1832,SUCCESS,1136,,2026-01-30 19:30:04.630258
346,1022,SUCCESS,2251,,2026-01-30 19:30:04.630258
347,1798,SUCCESS,715,,2026-01-30 19:30:04.630258
348,1122,SUCCESS,1382,,2026-01-30 19:30:04.630258
349,1452,SUCCESS,1148,,2026-01-30 19:30:04.630258
350,1382,SUCCESS,1770,,2026-01-30 19:30:04.630258
351,1381,SUCCESS,2607,,2026-01-30 19:30:04.630258
352,1102,SUCCESS,2297,,2026-01-30 19:30:04.630258
353,546,SUCCESS,1335,,2026-01-30 19:30:04.630258
354,358,SUCCESS,1683,,2026-01-30 19:30:04.630258
355,1537,SUCCESS,1909,,2026-01-30 19:30:04.630258
356,701,SUCCESS,1650,,2026-01-30 19:30:04.630258
357,1505,SUCCESS,2433,,2026-01-30 19:30:04.630258
358,736,SUCCESS,1280,,2026-01-30 19:30:04.630258
359,1006,SUCCESS,1794,,2026-01-30 19:30:04.630258
360,278,SUCCESS,462,,2026-01-30 19:30:04.630258
361,1181,SUCCESS,1006,,2026-01-30 19:30:04.630258
362,941,SUCCESS,2188,,2026-01-30 19:30:04.630258
363,875,SUCCESS,2648,,2026-01-30 19:30:04.630258
364,603,SUCCESS,637,,2026-01-30 19:30:04.630258
365,289,SUCCESS,1238,,2026-01-30 19:30:04.630258
366,1602,SUCCESS,1461,,2026-01-30 19:30:04.630258
367,1819,SUCCESS,1447,,2026-01-30 19:30:04.630258
368,443,SUCCESS,1649,,2026-01-30 19:30:04.630258
369,892,SUCCESS,1393,,2026-01-30 19:30:04.630258
370,804,SUCCESS,1298,,2026-01-30 19:30:04.630258
371,758,SUCCESS,1171,,2026-01-30 19:30:04.630258
372,416,SUCCESS,905,,2026-01-30 19:30:04.630258
373,692,SUCCESS,2491,,2026-01-30 19:30:04.630258
374,232,SUCCESS,2687,,2026-01-30 19:30:04.630258
375,1658,SUCCESS,1464,,2026-01-30 19:30:04.630258
376,427,SUCCESS,593,,2026-01-30 19:30:04.630258
377,803,SUCCESS,1534,,2026-01-30 19:30:04.630258
378,739,SUCCESS,2523,,2026-01-30 19:30:04.630258
379,113,FAILED,2147,Network provisioning failure,2026-01-30 19:30:04.630258
380,377,SUCCESS,2530,,2026-01-30 19:30:04.630258
381,1517,SUCCESS,774,,2026-01-30 19:30:04.630258
382,1091,SUCCESS,1210,,2026-01-30 19:30:04.630258
383,184,SUCCESS,461,,2026-01-30 19:30:04.630258
384,24,SUCCESS,573,,2026-01-30 19:30:04.630258
385,1639,SUCCESS,2532,,2026-01-30 19:30:04.630258
386,1235,SUCCESS,1934,,2026-01-30 19:30:04.630258
387,68,SUCCESS,1362,,2026-01-30 19:30:04.630258
388,1265,SUCCESS,538,,2026-01-30 19:30:04.630258
389,652,SUCCESS,695,,2026-01-30 19:30:04.630258
390,535,SUCCESS,1063,,2026-01-30 19:30:04.630258
391,1233,SUCCESS,1314,,2026-01-30 19:30:04.630258
392,565,SUCCESS,2064,,2026-01-30 19:30:04.630258
393,728,SUCCESS,2692,,2026-01-30 19:30:04.630258
394,456,SUCCESS,359,,2026-01-30 19:30:04.630258
395,300,SUCCESS,2848,,2026-01-30 19:30:04.630258
396,1812,SUCCESS,740,,2026-01-30 19:30:04.630258
397,928,SUCCESS,2365,,2026-01-30 19:30:04.630258
398,1052,SUCCESS,2989,,2026-01-30 19:30:04.630258
399,1629,SUCCESS,460,,2026-01-30 19:30:04.630258
400,256,SUCCESS,699,,2026-01-30 19:30:04.630258
401,1733,FAILED,723,Network provisioning failure,2026-01-30 19:30:04.630258
402,216,SUCCESS,2762,,2026-01-30 19:30:04.630258
403,202,SUCCESS,2518,,2026-01-30 19:30:04.630258
404,987,SUCCESS,422,,2026-01-30 19:30:04.630258
405,865,SUCCESS,1609,,2026-01-30 19:30:04.630258
406,266,SUCCESS,2149,,2026-01-30 19:30:04.630258
407,1755,SUCCESS,2020,,2026-01-30 19:30:04.630258
408,809,SUCCESS,2701,,2026-01-30 19:30:04.630258
409,8,SUCCESS,630,,2026-01-30 19:30:04.630258
410,483,SUCCESS,2388,,2026-01-30 19:30:04.630258
411,1839,SUCCESS,2490,,2026-01-30 19:30:04.630258
412,1815,SUCCESS,1857,,2026-01-30 19:30:04.630258
413,1432,SUCCESS,2188,,2026-01-30 19:30:04.630258
414,305,SUCCESS,1761,,2026-01-30 19:30:04.630258
415,1501,SUCCESS,2774,,2026-01-30 19:30:04.630258
416,80,SUCCESS,2022,,2026-01-30 19:30:04.630258
417,1721,SUCCESS,735,,2026-01-30 19:30:04.630258
418,881,SUCCESS,438,,2026-01-30 19:30:04.630258
419,1595,SUCCESS,217,,2026-01-30 19:30:04.630258
420,318,SUCCESS,757,,2026-01-30 19:30:04.630258
421,683,SUCCESS,2052,,2026-01-30 19:30:04.630258
422,312,SUCCESS,2217,,2026-01-30 19:30:04.630258
423,542,SUCCESS,218,,2026-01-30 19:30:04.630258
424,1341,SUCCESS,1608,,2026-01-30 19:30:04.630258
425,1270,SUCCESS,2946,,2026-01-30 19:30:04.630258
426,876,SUCCESS,2152,,2026-01-30 19:30:04.630258
427,685,SUCCESS,1613,,2026-01-30 19:30:04.630258
428,1525,SUCCESS,2203,,2026-01-30 19:30:04.630258
429,1213,SUCCESS,2528,,2026-01-30 19:30:04.630258
430,1564,SUCCESS,573,,2026-01-30 19:30:04.630258
431,1415,SUCCESS,1772,,2026-01-30 19:30:04.630258
432,1301,SUCCESS,2565,,2026-01-30 19:30:04.630258
433,1753,SUCCESS,252,,2026-01-30 19:30:04.630258
434,110,SUCCESS,1004,,2026-01-30 19:30:04.630258
435,175,SUCCESS,2989,,2026-01-30 19:30:04.630258
436,1418,SUCCESS,681,,2026-01-30 19:30:04.630258
437,1342,SUCCESS,1857,,2026-01-30 19:30:04.630258
438,1128,SUCCESS,1790,,2026-01-30 19:30:04.630258
439,99,SUCCESS,733,,2026-01-30 19:30:04.630258
440,28,FAILED,2396,Network provisioning failure,2026-01-30 19:30:04.630258
441,699,SUCCESS,2459,,2026-01-30 19:30:04.630258
442,313,SUCCESS,2846,,2026-01-30 19:30:04.630258
443,94,SUCCESS,1804,,2026-01-30 19:30:04.630258
444,1762,SUCCESS,659,,2026-01-30 19:30:04.630258
445,1322,SUCCESS,2415,,2026-01-30 19:30:04.630258
446,1588,SUCCESS,586,,2026-01-30 19:30:04.630258
447,162,SUCCESS,2224,,2026-01-30 19:30:04.630258
448,30,SUCCESS,1227,,2026-01-30 19:30:04.630258
449,1778,SUCCESS,2243,,2026-01-30 19:30:04.630258
450,1684,SUCCESS,1552,,2026-01-30 19:30:04.630258
451,1271,FAILED,621,Network provisioning failure,2026-01-30 19:30:04.630258
452,1050,SUCCESS,1437,,2026-01-30 19:30:04.630258
453,585,SUCCESS,903,,2026-01-30 19:30:04.630258
454,1764,SUCCESS,490,,2026-01-30 19:30:04.630258
455,122,SUCCESS,659,,2026-01-30 19:30:04.630258
456,1267,SUCCESS,2206,,2026-01-30 19:30:04.630258
457,514,FAILED,1516,Network provisioning failure,2026-01-30 19:30:04.630258
458,62,SUCCESS,1559,,2026-01-30 19:30:04.630258
459,762,SUCCESS,2185,,2026-01-30 19:30:04.630258
460,531,SUCCESS,2077,,2026-01-30 19:30:04.630258
461,1040,SUCCESS,2078,,2026-01-30 19:30:04.630258
462,1581,SUCCESS,2319,,2026-01-30 19:30:04.630258
463,390,SUCCESS,2360,,2026-01-30 19:30:04.630258
464,1426,SUCCESS,1492,,2026-01-30 19:30:04.630258
465,1244,SUCCESS,697,,2026-01-30 19:30:04.630258
466,1511,SUCCESS,2533,,2026-01-30 19:30:04.630258
467,1130,SUCCESS,417,,2026-01-30 19:30:04.630258
468,988,SUCCESS,2147,,2026-01-30 19:30:04.630258
469,670,FAILED,212,Network provisioning failure,2026-01-30 19:30:04.630258
470,560,SUCCESS,2328,,2026-01-30 19:30:04.630258
471,185,SUCCESS,1556,,2026-01-30 19:30:04.630258
472,1492,SUCCESS,1820,,2026-01-30 19:30:04.630258
473,1057,SUCCESS,2493,,2026-01-30 19:30:04.630258
474,545,SUCCESS,1451,,2026-01-30 19:30:04.630258
475,940,SUCCESS,1047,,2026-01-30 19:30:04.630258
476,697,SUCCESS,499,,2026-01-30 19:30:04.630258
477,487,SUCCESS,1055,,2026-01-30 19:30:04.630258
478,1761,SUCCESS,1925,,2026-01-30 19:30:04.630258
479,1767,SUCCESS,1660,,2026-01-30 19:30:04.630258
480,1433,SUCCESS,2704,,2026-01-30 19:30:04.630258
481,553,SUCCESS,991,,2026-01-30 19:30:04.630258
482,1730,SUCCESS,2105,,2026-01-30 19:30:04.630258
483,1190,SUCCESS,1173,,2026-01-30 19:30:04.630258
484,1696,FAILED,1626,Network provisioning failure,2026-01-30 19:30:04.630258
485,1339,SUCCESS,2833,,2026-01-30 19:30:04.630258
486,831,SUCCESS,730,,2026-01-30 19:30:04.630258
487,811,SUCCESS,2123,,2026-01-30 19:30:04.630258
488,1198,SUCCESS,1854,,2026-01-30 19:30:04.630258
489,446,SUCCESS,2845,,2026-01-30 19:30:04.630258
490,155,SUCCESS,1260,,2026-01-30 19:30:04.630258
491,434,SUCCESS,1644,,2026-01-30 19:30:04.630258
492,417,SUCCESS,288,,2026-01-30 19:30:04.630258
493,1115,SUCCESS,2509,,2026-01-30 19:30:04.630258
494,710,SUCCESS,2446,,2026-01-30 19:30:04.630258
495,605,SUCCESS,1028,,2026-01-30 19:30:04.630258
496,587,SUCCESS,741,,2026-01-30 19:30:04.630258
497,1327,SUCCESS,1917,,2026-01-30 19:30:04.630258
498,1240,SUCCESS,2323,,2026-01-30 19:30:04.630258
499,1646,SUCCESS,296,,2026-01-30 19:30:04.630258
500,604,SUCCESS,2209,,2026-01-30 19:30:04.630258
501,1262,SUCCESS,1920,,2026-01-30 19:30:04.630258
502,842,SUCCESS,2389,,2026-01-30 19:30:04.630258
503,961,SUCCESS,2037,,2026-01-30 19:30:04.630258
504,97,SUCCESS,802,,2026-01-30 19:30:04.630258
505,1438,SUCCESS,1041,,2026-01-30 19:30:04.630258
506,639,SUCCESS,773,,2026-01-30 19:30:04.630258
507,187,SUCCESS,1238,,2026-01-30 19:30:04.630258
508,1843,FAILED,707,Network provisioning failure,2026-01-30 19:30:04.630258
509,1367,SUCCESS,385,,2026-01-30 19:30:04.630258
510,1770,SUCCESS,1627,,2026-01-30 19:30:04.630258
511,1623,SUCCESS,874,,2026-01-30 19:30:04.630258
512,1669,FAILED,301,Network provisioning failure,2026-01-30 19:30:04.630258
513,1504,SUCCESS,2573,,2026-01-30 19:30:04.630258
514,351,SUCCESS,1796,,2026-01-30 19:30:04.630258
515,1142,SUCCESS,537,,2026-01-30 19:30:04.630258
516,386,SUCCESS,2427,,2026-01-30 19:30:04.630258
517,302,SUCCESS,864,,2026-01-30 19:30:04.630258
518,126,SUCCESS,868,,2026-01-30 19:30:04.630258
519,1615,FAILED,1919,Network provisioning failure,2026-01-30 19:30:04.630258
520,1313,SUCCESS,1877,,2026-01-30 19:30:04.630258
521,506,SUCCESS,2084,,2026-01-30 19:30:04.630258
522,968,SUCCESS,1502,,2026-01-30 19:30:04.630258
523,336,SUCCESS,1579,,2026-01-30 19:30:04.630258
524,378,SUCCESS,1578,,2026-01-30 19:30:04.630258
525,369,SUCCESS,214,,2026-01-30 19:30:04.630258
526,1176,SUCCESS,2348,,2026-01-30 19:30:04.630258
527,788,SUCCESS,1787,,2026-01-30 19:30:04.630258
528,1413,SUCCESS,1422,,2026-01-30 19:30:04.630258
529,1008,SUCCESS,503,,2026-01-30 19:30:04.630258
530,1423,SUCCESS,2281,,2026-01-30 19:30:04.630258
531,1055,SUCCESS,1479,,2026-01-30 19:30:04.630258
532,849,FAILED,649,Network provisioning failure,2026-01-30 19:30:04.630258
533,826,SUCCESS,967,,2026-01-30 19:30:04.630258
534,1652,SUCCESS,2659,,2026-01-30 19:30:04.630258
535,1406,SUCCESS,1232,,2026-01-30 19:30:04.630258
536,464,SUCCESS,393,,2026-01-30 19:30:04.630258
537,1745,SUCCESS,1299,,2026-01-30 19:30:04.630258
538,1392,SUCCESS,347,,2026-01-30 19:30:04.630258
539,1440,FAILED,1321,Network provisioning failure,2026-01-30 19:30:04.630258
540,477,SUCCESS,2200,,2026-01-30 19:30:04.630258
541,1169,SUCCESS,1253,,2026-01-30 19:30:04.630258
542,1165,SUCCESS,769,,2026-01-30 19:30:04.630258
543,1075,SUCCESS,3000,,2026-01-30 19:30:04.630258
544,973,SUCCESS,1699,,2026-01-30 19:30:04.630258
545,845,SUCCESS,1920,,2026-01-30 19:30:04.630258
546,1291,SUCCESS,1092,,2026-01-30 19:30:04.630258
547,1813,SUCCESS,2536,,2026-01-30 19:30:04.630258
548,1441,SUCCESS,493,,2026-01-30 19:30:04.630258
549,406,SUCCESS,2833,,2026-01-30 19:30:04.630258
550,76,SUCCESS,2814,,2026-01-30 19:30:04.630258
551,1163,SUCCESS,1058,,2026-01-30 19:30:04.630258
552,334,SUCCESS,2402,,2026-01-30 19:30:04.630258
553,1098,SUCCESS,1489,,2026-01-30 19:30:04.630258
554,1238,SUCCESS,2526,,2026-01-30 19:30:04.630258
555,591,SUCCESS,2461,,2026-01-30 19:30:04.630258
556,273,SUCCESS,686,,2026-01-30 19:30:04.630258
557,521,SUCCESS,2723,,2026-01-30 19:30:04.630258
558,1461,SUCCESS,742,,2026-01-30 19:30:04.630258
559,79,SUCCESS,2423,,2026-01-30 19:30:04.630258
560,450,SUCCESS,391,,2026-01-30 19:30:04.630258
561,715,SUCCESS,2219,,2026-01-30 19:30:04.630258
562,1823,FAILED,2511,Network provisioning failure,2026-01-30 19:30:04.630258
563,1711,SUCCESS,1363,,2026-01-30 19:30:04.630258
564,481,SUCCESS,2484,,2026-01-30 19:30:04.630258
565,134,FAILED,1740,Network provisioning failure,2026-01-30 19:30:04.630258
566,1309,SUCCESS,1339,,2026-01-30 19:30:04.630258
567,1234,SUCCESS,789,,2026-01-30 19:30:04.630258
568,192,SUCCESS,2071,,2026-01-30 19:30:04.630258
569,1648,SUCCESS,1378,,2026-01-30 19:30:04.630258
570,338,FAILED,2152,Network provisioning failure,2026-01-30 19:30:04.630258
571,271,SUCCESS,415,,2026-01-30 19:30:04.630258
572,1221,SUCCESS,2561,,2026-01-30 19:30:04.630258
573,1347,SUCCESS,2128,,2026-01-30 19:30:04.630258
574,1716,SUCCESS,2192,,2026-01-30 19:30:04.630258
575,794,SUCCESS,2597,,2026-01-30 19:30:04.630258
576,1459,SUCCESS,1025,,2026-01-30 19:30:04.630258
577,1535,SUCCESS,2636,,2026-01-30 19:30:04.630258
578,607,SUCCESS,1929,,2026-01-30 19:30:04.630258
579,1683,SUCCESS,1991,,2026-01-30 19:30:04.630258
580,387,SUCCESS,575,,2026-01-30 19:30:04.630258
581,932,SUCCESS,919,,2026-01-30 19:30:04.630258
582,84,SUCCESS,542,,2026-01-30 19:30:04.630258
583,1610,SUCCESS,2883,,2026-01-30 19:30:04.630258
584,1634,SUCCESS,1838,,2026-01-30 19:30:04.630258
585,1641,SUCCESS,623,,2026-01-30 19:30:04.630258
586,1560,SUCCESS,2656,,2026-01-30 19:30:04.630258
587,74,SUCCESS,1820,,2026-01-30 19:30:04.630258
588,509,SUCCESS,2546,,2026-01-30 19:30:04.630258
589,6,SUCCESS,296,,2026-01-30 19:30:04.630258
590,488,SUCCESS,257,,2026-01-30 19:30:04.630258
591,29,SUCCESS,1202,,2026-01-30 19:30:04.630258
592,1182,SUCCESS,1042,,2026-01-30 19:30:04.630258
593,41,SUCCESS,2240,,2026-01-30 19:30:04.630258
594,713,SUCCESS,661,,2026-01-30 19:30:04.630258
595,516,SUCCESS,2835,,2026-01-30 19:30:04.630258
596,1237,FAILED,1571,Network provisioning failure,2026-01-30 19:30:04.630258
597,830,SUCCESS,1518,,2026-01-30 19:30:04.630258
598,580,SUCCESS,1378,,2026-01-30 19:30:04.630258
599,1041,SUCCESS,1867,,2026-01-30 19:30:04.630258
600,999,SUCCESS,2273,,2026-01-30 19:30:04.630258
601,840,SUCCESS,1319,,2026-01-30 19:30:04.630258
602,769,SUCCESS,283,,2026-01-30 19:30:04.630258
603,720,SUCCESS,311,,2026-01-30 19:30:04.630258
604,1714,SUCCESS,2783,,2026-01-30 19:30:04.630258
605,564,SUCCESS,1588,,2026-01-30 19:30:04.630258
606,904,SUCCESS,2949,,2026-01-30 19:30:04.630258
607,1126,SUCCESS,956,,2026-01-30 19:30:04.630258
608,171,SUCCESS,2264,,2026-01-30 19:30:04.630258
609,1579,SUCCESS,2879,,2026-01-30 19:30:04.630258
610,227,SUCCESS,280,,2026-01-30 19:30:04.630258
611,1278,SUCCESS,1930,,2026-01-30 19:30:04.630258
612,1654,SUCCESS,2898,,2026-01-30 19:30:04.630258
613,311,SUCCESS,2089,,2026-01-30 19:30:04.630258
614,858,SUCCESS,2486,,2026-01-30 19:30:04.630258
615,766,SUCCESS,2433,,2026-01-30 19:30:04.630258
616,680,SUCCESS,1100,,2026-01-30 19:30:04.630258
617,54,SUCCESS,1187,,2026-01-30 19:30:04.630258
618,1445,SUCCESS,723,,2026-01-30 19:30:04.630258
619,1155,SUCCESS,2045,,2026-01-30 19:30:04.630258
620,1643,SUCCESS,1506,,2026-01-30 19:30:04.630258
621,103,SUCCESS,1545,,2026-01-30 19:30:04.630258
622,525,SUCCESS,1929,,2026-01-30 19:30:04.630258
623,115,SUCCESS,270,,2026-01-30 19:30:04.630258
624,1724,SUCCESS,1774,,2026-01-30 19:30:04.630258
625,1636,SUCCESS,2572,,2026-01-30 19:30:04.630258
626,1147,SUCCESS,1070,,2026-01-30 19:30:04.630258
627,810,SUCCESS,1290,,2026-01-30 19:30:04.630258
628,322,SUCCESS,2534,,2026-01-30 19:30:04.630258
629,1668,SUCCESS,1681,,2026-01-30 19:30:04.630258
630,1398,SUCCESS,1749,,2026-01-30 19:30:04.630258
631,1311,SUCCESS,1263,,2026-01-30 19:30:04.630258
632,1494,SUCCESS,1610,,2026-01-30 19:30:04.630258
633,857,SUCCESS,445,,2026-01-30 19:30:04.630258
634,1205,SUCCESS,1862,,2026-01-30 19:30:04.630258
635,1493,SUCCESS,1041,,2026-01-30 19:30:04.630258
636,36,SUCCESS,676,,2026-01-30 19:30:04.630258
637,1559,SUCCESS,284,,2026-01-30 19:30:04.630258
638,1227,SUCCESS,2534,,2026-01-30 19:30:04.630258
639,451,SUCCESS,1462,,2026-01-30 19:30:04.630258
640,1268,SUCCESS,716,,2026-01-30 19:30:04.630258
641,1675,SUCCESS,2808,,2026-01-30 19:30:04.630258
642,1566,SUCCESS,1332,,2026-01-30 19:30:04.630258
643,1743,SUCCESS,337,,2026-01-30 19:30:04.630258
644,1544,SUCCESS,1583,,2026-01-30 19:30:04.630258
645,53,SUCCESS,2410,,2026-01-30 19:30:04.630258
646,1336,SUCCESS,840,,2026-01-30 19:30:04.630258
647,1679,SUCCESS,683,,2026-01-30 19:30:04.630258
648,222,SUCCESS,993,,2026-01-30 19:30:04.630258
649,92,SUCCESS,1988,,2026-01-30 19:30:04.630258
650,1039,SUCCESS,201,,2026-01-30 19:30:04.630258
651,528,SUCCESS,1494,,2026-01-30 19:30:04.630258
652,23,FAILED,1673,Network provisioning failure,2026-01-30 19:30:04.630258
653,1286,SUCCESS,1792,,2026-01-30 19:30:04.630258
654,1255,SUCCESS,2060,,2026-01-30 19:30:04.630258
655,1751,SUCCESS,1368,,2026-01-30 19:30:04.630258
656,1170,SUCCESS,2640,,2026-01-30 19:30:04.630258
657,1474,SUCCESS,915,,2026-01-30 19:30:04.630258
658,44,FAILED,2848,Network provisioning failure,2026-01-30 19:30:04.630258
659,814,SUCCESS,521,,2026-01-30 19:30:04.630258
660,1685,SUCCESS,415,,2026-01-30 19:30:04.630258
661,1196,SUCCESS,1745,,2026-01-30 19:30:04.630258
662,791,SUCCESS,1239,,2026-01-30 19:30:04.630258
663,1172,SUCCESS,1152,,2026-01-30 19:30:04.630258
664,1113,SUCCESS,1031,,2026-01-30 19:30:04.630258
665,1601,SUCCESS,1832,,2026-01-30 19:30:04.630258
666,890,SUCCESS,1526,,2026-01-30 19:30:04.630258
667,290,SUCCESS,340,,2026-01-30 19:30:04.630258
668,1356,SUCCESS,2684,,2026-01-30 19:30:04.630258
669,1012,SUCCESS,2592,,2026-01-30 19:30:04.630258
670,619,SUCCESS,2691,,2026-01-30 19:30:04.630258
671,562,SUCCESS,2053,,2026-01-30 19:30:04.630258
672,206,SUCCESS,1842,,2026-01-30 19:30:04.630258
673,111,SUCCESS,1639,,2026-01-30 19:30:04.630258
674,1846,SUCCESS,2638,,2026-01-30 19:30:04.630258
675,237,SUCCESS,1848,,2026-01-30 19:30:04.630258
676,1256,SUCCESS,2031,,2026-01-30 19:30:04.630258
677,86,SUCCESS,1922,,2026-01-30 19:30:04.630258
678,1149,SUCCESS,723,,2026-01-30 19:30:04.630258
679,360,SUCCESS,2922,,2026-01-30 19:30:04.630258
680,1297,SUCCESS,207,,2026-01-30 19:30:04.630258
681,1617,SUCCESS,1484,,2026-01-30 19:30:04.630258
682,1404,SUCCESS,1538,,2026-01-30 19:30:04.630258
683,906,SUCCESS,2422,,2026-01-30 19:30:04.630258
684,1583,SUCCESS,2927,,2026-01-30 19:30:04.630258
685,1485,SUCCESS,575,,2026-01-30 19:30:04.630258
686,945,FAILED,1874,Network provisioning failure,2026-01-30 19:30:04.630258
687,495,SUCCESS,2249,,2026-01-30 19:30:04.630258
688,1731,SUCCESS,2078,,2026-01-30 19:30:04.630258
689,981,SUCCESS,1157,,2026-01-30 19:30:04.630258
690,1719,SUCCESS,1777,,2026-01-30 19:30:04.630258
691,975,SUCCESS,896,,2026-01-30 19:30:04.630258
692,618,SUCCESS,2462,,2026-01-30 19:30:04.630258
693,1393,SUCCESS,1376,,2026-01-30 19:30:04.630258
694,668,SUCCESS,1631,,2026-01-30 19:30:04.630258
695,1277,FAILED,1962,Network provisioning failure,2026-01-30 19:30:04.630258
696,75,SUCCESS,1189,,2026-01-30 19:30:04.630258
697,1521,SUCCESS,2278,,2026-01-30 19:30:04.630258
698,1094,SUCCESS,1705,,2026-01-30 19:30:04.630258
699,124,SUCCESS,2983,,2026-01-30 19:30:04.630258
700,1121,FAILED,2530,Network provisioning failure,2026-01-30 19:30:04.630258
701,561,SUCCESS,2206,,2026-01-30 19:30:04.630258
702,1272,SUCCESS,2512,,2026-01-30 19:30:04.630258
703,229,SUCCESS,1667,,2026-01-30 19:30:04.630258
704,1179,SUCCESS,2371,,2026-01-30 19:30:04.630258
705,1044,SUCCESS,972,,2026-01-30 19:30:04.630258
706,425,SUCCESS,2026,,2026-01-30 19:30:04.630258
707,415,SUCCESS,1644,,2026-01-30 19:30:04.630258
708,43,SUCCESS,2190,,2026-01-30 19:30:04.630258
709,1077,SUCCESS,1558,,2026-01-30 19:30:04.630258
710,220,SUCCESS,2580,,2026-01-30 19:30:04.630258
711,482,SUCCESS,2734,,2026-01-30 19:30:04.630258
712,1464,SUCCESS,2415,,2026-01-30 19:30:04.630258
713,1010,SUCCESS,2332,,2026-01-30 19:30:04.630258
714,1016,SUCCESS,276,,2026-01-30 19:30:04.630258
715,1086,SUCCESS,1713,,2026-01-30 19:30:04.630258
716,166,SUCCESS,1212,,2026-01-30 19:30:04.630258
717,924,SUCCESS,450,,2026-01-30 19:30:04.630258
718,1650,SUCCESS,2387,,2026-01-30 19:30:04.630258
719,1756,SUCCESS,741,,2026-01-30 19:30:04.630258
720,1218,SUCCESS,2296,,2026-01-30 19:30:04.630258
721,731,SUCCESS,780,,2026-01-30 19:30:04.630258
722,1713,SUCCESS,1137,,2026-01-30 19:30:04.630258
723,1558,SUCCESS,1796,,2026-01-30 19:30:04.630258
724,1471,SUCCESS,399,,2026-01-30 19:30:04.630258
725,1257,SUCCESS,2320,,2026-01-30 19:30:04.630258
726,1585,SUCCESS,963,,2026-01-30 19:30:04.630258
727,746,SUCCESS,2739,,2026-01-30 19:30:04.630258
728,431,SUCCESS,252,,2026-01-30 19:30:04.630258
729,597,SUCCESS,1861,,2026-01-30 19:30:04.630258
730,176,SUCCESS,2849,,2026-01-30 19:30:04.630258
731,1444,SUCCESS,2380,,2026-01-30 19:30:04.630258
732,87,SUCCESS,2059,,2026-01-30 19:30:04.630258
733,1515,SUCCESS,1155,,2026-01-30 19:30:04.630258
734,388,SUCCESS,1572,,2026-01-30 19:30:04.630258
735,169,SUCCESS,430,,2026-01-30 19:30:04.630258
736,884,SUCCESS,2480,,2026-01-30 19:30:04.630258
737,598,SUCCESS,813,,2026-01-30 19:30:04.630258
738,344,SUCCESS,2401,,2026-01-30 19:30:04.630258
739,824,SUCCESS,1373,,2026-01-30 19:30:04.630258
740,776,SUCCESS,537,,2026-01-30 19:30:04.630258
741,1193,SUCCESS,1670,,2026-01-30 19:30:04.630258
742,1305,SUCCESS,2434,,2026-01-30 19:30:04.630258
743,472,SUCCESS,820,,2026-01-30 19:30:04.630258
744,1616,FAILED,2732,Network provisioning failure,2026-01-30 19:30:04.630258
745,649,SUCCESS,2647,,2026-01-30 19:30:04.630258
746,902,SUCCESS,394,,2026-01-30 19:30:04.630258
747,147,SUCCESS,2394,,2026-01-30 19:30:04.630258
748,873,SUCCESS,2964,,2026-01-30 19:30:04.630258
749,634,SUCCESS,2373,,2026-01-30 19:30:04.630258
750,121,SUCCESS,1156,,2026-01-30 19:30:04.630258
751,1189,SUCCESS,2161,,2026-01-30 19:30:04.630258
752,1334,SUCCESS,960,,2026-01-30 19:30:04.630258
753,1192,FAILED,853,Network provisioning failure,2026-01-30 19:30:04.630258
754,944,SUCCESS,1748,,2026-01-30 19:30:04.630258
755,911,SUCCESS,649,,2026-01-30 19:30:04.630258
756,787,SUCCESS,827,,2026-01-30 19:30:04.630258
757,916,SUCCESS,2220,,2026-01-30 19:30:04.630258
758,716,SUCCESS,921,,2026-01-30 19:30:04.630258
759,1036,SUCCESS,2903,,2026-01-30 19:30:04.630258
760,161,SUCCESS,494,,2026-01-30 19:30:04.630258
761,1436,SUCCESS,1550,,2026-01-30 19:30:04.630258
762,1360,SUCCESS,1513,,2026-01-30 19:30:04.630258
763,154,SUCCESS,2305,,2026-01-30 19:30:04.630258
764,1760,SUCCESS,2275,,2026-01-30 19:30:04.630258
765,35,SUCCESS,2269,,2026-01-30 19:30:04.630258
766,1722,SUCCESS,1636,,2026-01-30 19:30:04.630258
767,1609,SUCCESS,523,,2026-01-30 19:30:04.630258
768,602,SUCCESS,939,,2026-01-30 19:30:04.630258
769,1689,SUCCESS,1806,,2026-01-30 19:30:04.630258
770,657,SUCCESS,2381,,2026-01-30 19:30:04.630258
771,1245,SUCCESS,1574,,2026-01-30 19:30:04.630258
772,1455,SUCCESS,1970,,2026-01-30 19:30:04.630258
773,963,SUCCESS,1675,,2026-01-30 19:30:04.630258
774,1687,SUCCESS,412,,2026-01-30 19:30:04.630258
775,375,SUCCESS,2653,,2026-01-30 19:30:04.630258
776,188,SUCCESS,2752,,2026-01-30 19:30:04.630258
777,1395,SUCCESS,1856,,2026-01-30 19:30:04.630258
778,592,SUCCESS,277,,2026-01-30 19:30:04.630258
779,1145,SUCCESS,873,,2026-01-30 19:30:04.630258
780,448,SUCCESS,2773,,2026-01-30 19:30:04.630258
781,1540,SUCCESS,2572,,2026-01-30 19:30:04.630258
782,1239,SUCCESS,1720,,2026-01-30 19:30:04.630258
783,491,SUCCESS,2006,,2026-01-30 19:30:04.630258
784,1212,SUCCESS,635,,2026-01-30 19:30:04.630258
785,907,SUCCESS,2695,,2026-01-30 19:30:04.630258
786,1159,SUCCESS,607,,2026-01-30 19:30:04.630258
787,933,SUCCESS,2971,,2026-01-30 19:30:04.630258
788,757,SUCCESS,2993,,2026-01-30 19:30:04.630258
789,306,SUCCESS,974,,2026-01-30 19:30:04.630258
790,1608,FAILED,2933,Network provisioning failure,2026-01-30 19:30:04.630258
791,1503,SUCCESS,1355,,2026-01-30 19:30:04.630258
792,1027,SUCCESS,2432,,2026-01-30 19:30:04.630258
793,783,SUCCESS,2305,,2026-01-30 19:30:04.630258
794,773,SUCCESS,2023,,2026-01-30 19:30:04.630258
795,527,FAILED,1219,Network provisioning failure,2026-01-30 19:30:04.630258
796,1570,SUCCESS,2536,,2026-01-30 19:30:04.630258
797,345,SUCCESS,796,,2026-01-30 19:30:04.630258
798,436,SUCCESS,2965,,2026-01-30 19:30:04.630258
799,1030,SUCCESS,1773,,2026-01-30 19:30:04.630258
800,308,SUCCESS,812,,2026-01-30 19:30:04.630258
801,1456,FAILED,654,Network provisioning failure,2026-01-30 19:30:04.630258
802,1421,FAILED,2622,Network provisioning failure,2026-01-30 19:30:04.630258
803,420,SUCCESS,2356,,2026-01-30 19:30:04.630258
804,1482,SUCCESS,1459,,2026-01-30 19:30:04.630258
805,1208,SUCCESS,2467,,2026-01-30 19:30:04.630258
806,1173,SUCCESS,2532,,2026-01-30 19:30:04.630258
807,63,SUCCESS,2408,,2026-01-30 19:30:04.630258
808,1827,SUCCESS,2395,,2026-01-30 19:30:04.630258
809,917,SUCCESS,1572,,2026-01-30 19:30:04.630258
810,711,SUCCESS,2032,,2026-01-30 19:30:04.630258
811,183,SUCCESS,232,,2026-01-30 19:30:04.630258
812,260,SUCCESS,2870,,2026-01-30 19:30:04.630258
813,1785,SUCCESS,2903,,2026-01-30 19:30:04.630258
814,749,SUCCESS,1876,,2026-01-30 19:30:04.630258
815,118,SUCCESS,1582,,2026-01-30 19:30:04.630258
816,272,SUCCESS,960,,2026-01-30 19:30:04.630258
817,130,FAILED,1224,Network provisioning failure,2026-01-30 19:30:04.630258
818,223,SUCCESS,1972,,2026-01-30 19:30:04.630258
819,283,SUCCESS,1121,,2026-01-30 19:30:04.630258
820,1088,SUCCESS,1499,,2026-01-30 19:30:04.630258
821,772,SUCCESS,389,,2026-01-30 19:30:04.630258
822,548,SUCCESS,2202,,2026-01-30 19:30:04.630258
823,231,SUCCESS,1790,,2026-01-30 19:30:04.630258
824,1424,SUCCESS,2106,,2026-01-30 19:30:04.630258
825,1454,SUCCESS,2623,,2026-01-30 19:30:04.630258
826,1195,SUCCESS,485,,2026-01-30 19:30:04.630258
827,212,SUCCESS,2781,,2026-01-30 19:30:04.630258
828,328,SUCCESS,709,,2026-01-30 19:30:04.630258
829,1791,SUCCESS,397,,2026-01-30 19:30:04.630258
830,1534,SUCCESS,1727,,2026-01-30 19:30:04.630258
831,962,SUCCESS,2542,,2026-01-30 19:30:04.630258
832,1434,SUCCESS,316,,2026-01-30 19:30:04.630258
833,1331,SUCCESS,2185,,2026-01-30 19:30:04.630258
834,1379,SUCCESS,2321,,2026-01-30 19:30:04.630258
835,953,SUCCESS,2689,,2026-01-30 19:30:04.630258
836,740,SUCCESS,539,,2026-01-30 19:30:04.630258
837,263,SUCCESS,259,,2026-01-30 19:30:04.630258
838,1671,SUCCESS,2805,,2026-01-30 19:30:04.630258
839,615,SUCCESS,2445,,2026-01-30 19:30:04.630258
840,144,SUCCESS,2539,,2026-01-30 19:30:04.630258
841,7,FAILED,1018,Network provisioning failure,2026-01-30 19:30:04.630258
842,106,SUCCESS,2706,,2026-01-30 19:30:04.630258
843,681,SUCCESS,260,,2026-01-30 19:30:04.630258
844,285,SUCCESS,215,,2026-01-30 19:30:04.630258
845,120,SUCCESS,2971,,2026-01-30 19:30:04.630258
846,866,SUCCESS,2728,,2026-01-30 19:30:04.630258
847,664,SUCCESS,2629,,2026-01-30 19:30:04.630258
848,601,SUCCESS,1711,,2026-01-30 19:30:04.630258
849,647,SUCCESS,987,,2026-01-30 19:30:04.630258
850,497,SUCCESS,2532,,2026-01-30 19:30:04.630258
851,1351,SUCCESS,574,,2026-01-30 19:30:04.630258
852,1046,SUCCESS,1015,,2026-01-30 19:30:04.630258
853,1674,SUCCESS,384,,2026-01-30 19:30:04.630258
854,1191,SUCCESS,1912,,2026-01-30 19:30:04.630258
855,452,SUCCESS,1349,,2026-01-30 19:30:04.630258
856,1167,SUCCESS,2974,,2026-01-30 19:30:04.630258
857,1042,SUCCESS,952,,2026-01-30 19:30:04.630258
858,1468,SUCCESS,1447,,2026-01-30 19:30:04.630258
859,665,SUCCESS,1085,,2026-01-30 19:30:04.630258
860,577,SUCCESS,384,,2026-01-30 19:30:04.630258
861,1848,SUCCESS,376,,2026-01-30 19:30:04.630258
862,550,SUCCESS,2977,,2026-01-30 19:30:04.630258
863,1728,SUCCESS,1206,,2026-01-30 19:30:04.630258
864,1439,SUCCESS,280,,2026-01-30 19:30:04.630258
865,1676,SUCCESS,2137,,2026-01-30 19:30:04.630258
866,1838,SUCCESS,1080,,2026-01-30 19:30:04.630258
867,807,SUCCESS,1794,,2026-01-30 19:30:04.630258
868,384,SUCCESS,227,,2026-01-30 19:30:04.630258
869,1692,SUCCESS,2268,,2026-01-30 19:30:04.630258
870,1076,SUCCESS,882,,2026-01-30 19:30:04.630258
871,700,SUCCESS,2753,,2026-01-30 19:30:04.630258
872,399,SUCCESS,1376,,2026-01-30 19:30:04.630258
873,852,SUCCESS,420,,2026-01-30 19:30:04.630258
874,1143,SUCCESS,1414,,2026-01-30 19:30:04.630258
875,1831,SUCCESS,1012,,2026-01-30 19:30:04.630258
876,1539,SUCCESS,1078,,2026-01-30 19:30:04.630258
877,1174,SUCCESS,228,,2026-01-30 19:30:04.630258
878,620,SUCCESS,965,,2026-01-30 19:30:04.630258
879,518,SUCCESS,236,,2026-01-30 19:30:04.630258
880,1512,SUCCESS,1023,,2026-01-30 19:30:04.630258
881,549,SUCCESS,279,,2026-01-30 19:30:04.630258
882,268,SUCCESS,2007,,2026-01-30 19:30:04.630258
883,1680,SUCCESS,904,,2026-01-30 19:30:04.630258
884,1092,SUCCESS,341,,2026-01-30 19:30:04.630258
885,214,SUCCESS,2729,,2026-01-30 19:30:04.630258
886,1614,FAILED,1710,Network provisioning failure,2026-01-30 19:30:04.630258
887,1541,SUCCESS,1569,,2026-01-30 19:30:04.630258
888,1845,SUCCESS,570,,2026-01-30 19:30:04.630258
889,1369,SUCCESS,623,,2026-01-30 19:30:04.630258
890,397,SUCCESS,2914,,2026-01-30 19:30:04.630258
891,1659,SUCCESS,2510,,2026-01-30 19:30:04.630258
892,1490,SUCCESS,694,,2026-01-30 19:30:04.630258
893,836,SUCCESS,1853,,2026-01-30 19:30:04.630258
894,1114,SUCCESS,2209,,2026-01-30 19:30:04.630258
895,20,SUCCESS,2601,,2026-01-30 19:30:04.630258
896,1519,SUCCESS,2331,,2026-01-30 19:30:04.630258
897,486,SUCCESS,2018,,2026-01-30 19:30:04.630258
898,330,SUCCESS,1055,,2026-01-30 19:30:04.630258
899,1419,SUCCESS,1239,,2026-01-30 19:30:04.630258
900,1476,SUCCESS,2076,,2026-01-30 19:30:04.630258
901,1462,SUCCESS,2743,,2026-01-30 19:30:04.630258
902,1069,SUCCESS,948,,2026-01-30 19:30:04.630258
903,1818,SUCCESS,1646,,2026-01-30 19:30:04.630258
904,137,SUCCESS,2956,,2026-01-30 19:30:04.630258
905,1250,SUCCESS,1053,,2026-01-30 19:30:04.630258
906,957,SUCCESS,2954,,2026-01-30 19:30:04.630258
907,745,SUCCESS,1037,,2026-01-30 19:30:04.630258
908,1162,SUCCESS,824,,2026-01-30 19:30:04.630258
909,996,SUCCESS,2755,,2026-01-30 19:30:04.630258
910,265,SUCCESS,1216,,2026-01-30 19:30:04.630258
911,405,SUCCESS,1540,,2026-01-30 19:30:04.630258
912,379,SUCCESS,257,,2026-01-30 19:30:04.630258
913,1105,SUCCESS,1960,,2026-01-30 19:30:04.630258
914,292,SUCCESS,1350,,2026-01-30 19:30:04.630258
915,168,SUCCESS,2906,,2026-01-30 19:30:04.630258
916,1383,SUCCESS,250,,2026-01-30 19:30:04.630258
917,1546,SUCCESS,2562,,2026-01-30 19:30:04.630258
918,1273,SUCCESS,2666,,2026-01-30 19:30:04.630258
919,1707,SUCCESS,1421,,2026-01-30 19:30:04.630258
920,238,SUCCESS,2901,,2026-01-30 19:30:04.630258
921,1802,SUCCESS,1101,,2026-01-30 19:30:04.630258
922,1496,SUCCESS,2754,,2026-01-30 19:30:04.630258
923,1396,SUCCESS,2176,,2026-01-30 19:30:04.630258
924,883,SUCCESS,1038,,2026-01-30 19:30:04.630258
925,765,SUCCESS,2092,,2026-01-30 19:30:04.630258
926,942,SUCCESS,2002,,2026-01-30 19:30:04.630258
927,1299,SUCCESS,1874,,2026-01-30 19:30:04.630258
928,1093,SUCCESS,1276,,2026-01-30 19:30:04.630258
929,733,SUCCESS,1557,,2026-01-30 19:30:04.630258
930,1502,SUCCESS,2458,,2026-01-30 19:30:04.630258
931,382,SUCCESS,1872,,2026-01-30 19:30:04.630258
932,825,SUCCESS,2327,,2026-01-30 19:30:04.630258
933,335,SUCCESS,2101,,2026-01-30 19:30:04.630258
934,1835,SUCCESS,2795,,2026-01-30 19:30:04.630258
935,838,SUCCESS,366,,2026-01-30 19:30:04.630258
936,555,SUCCESS,2838,,2026-01-30 19:30:04.630258
937,1073,SUCCESS,1915,,2026-01-30 19:30:04.630258
938,805,SUCCESS,2142,,2026-01-30 19:30:04.630258
939,554,SUCCESS,254,,2026-01-30 19:30:04.630258
940,1777,SUCCESS,1395,,2026-01-30 19:30:04.630258
941,1388,SUCCESS,1700,,2026-01-30 19:30:04.630258
942,191,SUCCESS,1647,,2026-01-30 19:30:04.630258
943,815,SUCCESS,1519,,2026-01-30 19:30:04.630258
944,833,SUCCESS,2098,,2026-01-30 19:30:04.630258
945,1178,SUCCESS,1462,,2026-01-30 19:30:04.630258
946,295,SUCCESS,2471,,2026-01-30 19:30:04.630258
947,228,SUCCESS,1552,,2026-01-30 19:30:04.630258
948,135,SUCCESS,2508,,2026-01-30 19:30:04.630258
949,1573,SUCCESS,1800,,2026-01-30 19:30:04.630258
950,1047,SUCCESS,748,,2026-01-30 19:30:04.630258
951,1821,SUCCESS,2875,,2026-01-30 19:30:04.630258
952,1210,SUCCESS,2495,,2026-01-30 19:30:04.630258
953,882,SUCCESS,902,,2026-01-30 19:30:04.630258
954,834,SUCCESS,1784,,2026-01-30 19:30:04.630258
955,508,SUCCESS,1283,,2026-01-30 19:30:04.630258
956,662,SUCCESS,213,,2026-01-30 19:30:04.630258
957,1718,SUCCESS,881,,2026-01-30 19:30:04.630258
958,1222,SUCCESS,2850,,2026-01-30 19:30:04.630258
959,1031,SUCCESS,2995,,2026-01-30 19:30:04.630258
960,471,SUCCESS,2261,,2026-01-30 19:30:04.630258
961,1833,SUCCESS,1871,,2026-01-30 19:30:04.630258
962,1033,SUCCESS,2055,,2026-01-30 19:30:04.630258
963,255,SUCCESS,2815,,2026-01-30 19:30:04.630258
964,1811,SUCCESS,1365,,2026-01-30 19:30:04.630258
965,1125,SUCCESS,1047,,2026-01-30 19:30:04.630258
966,465,SUCCESS,1498,,2026-01-30 19:30:04.630258
967,1304,SUCCESS,1186,,2026-01-30 19:30:04.630258
968,1377,SUCCESS,752,,2026-01-30 19:30:04.630258
969,66,SUCCESS,2474,,2026-01-30 19:30:04.630258
970,1400,SUCCESS,1920,,2026-01-30 19:30:04.630258
971,479,SUCCESS,1502,,2026-01-30 19:30:04.630258
972,640,SUCCESS,1863,,2026-01-30 19:30:04.630258
973,160,SUCCESS,806,,2026-01-30 19:30:04.630258
974,89,SUCCESS,2814,,2026-01-30 19:30:04.630258
975,284,SUCCESS,2971,,2026-01-30 19:30:04.630258
976,512,SUCCESS,2602,,2026-01-30 19:30:04.630258
977,1104,SUCCESS,2279,,2026-01-30 19:30:04.630258
978,1556,SUCCESS,1010,,2026-01-30 19:30:04.630258
979,779,SUCCESS,717,,2026-01-30 19:30:04.630258
980,1085,SUCCESS,235,,2026-01-30 19:30:04.630258
981,442,SUCCESS,1837,,2026-01-30 19:30:04.630258
982,57,SUCCESS,806,,2026-01-30 19:30:04.630258
983,1243,SUCCESS,2439,,2026-01-30 19:30:04.630258
984,239,SUCCESS,598,,2026-01-30 19:30:04.630258
985,288,SUCCESS,1595,,2026-01-30 19:30:04.630258
986,1584,SUCCESS,1972,,2026-01-30 19:30:04.630258
987,738,SUCCESS,337,,2026-01-30 19:30:04.630258
988,1744,SUCCESS,2799,,2026-01-30 19:30:04.630258
989,1592,SUCCESS,1748,,2026-01-30 19:30:04.630258
990,1375,SUCCESS,2075,,2026-01-30 19:30:04.630258
991,817,SUCCESS,409,,2026-01-30 19:30:04.630258
992,949,SUCCESS,2265,,2026-01-30 19:30:04.630258
993,1308,SUCCESS,954,,2026-01-30 19:30:04.630258
994,505,SUCCESS,2840,,2026-01-30 19:30:04.630258
995,12,FAILED,509,Network provisioning failure,2026-01-30 19:30:04.630258
996,1469,SUCCESS,2697,,2026-01-30 19:30:04.630258
997,321,SUCCESS,1631,,2026-01-30 19:30:04.630258
998,324,SUCCESS,295,,2026-01-30 19:30:04.630258
999,684,SUCCESS,2234,,2026-01-30 19:30:04.630258
1000,1337,SUCCESS,1043,,2026-01-30 19:30:04.630258
1001,18,SUCCESS,335,,2026-01-30 19:30:04.630258
1002,614,SUCCESS,1922,,2026-01-30 19:30:04.630258
1003,139,SUCCESS,2614,,2026-01-30 19:30:04.630258
1004,848,SUCCESS,452,,2026-01-30 19:30:04.630258
1005,1207,SUCCESS,723,,2026-01-30 19:30:04.630258
1006,143,SUCCESS,1355,,2026-01-30 19:30:04.630258
1007,594,SUCCESS,834,,2026-01-30 19:30:04.630258
1008,424,SUCCESS,1321,,2026-01-30 19:30:04.630258
1009,381,SUCCESS,1024,,2026-01-30 19:30:04.630258
1010,1437,SUCCESS,862,,2026-01-30 19:30:04.630258
1011,927,SUCCESS,1205,,2026-01-30 19:30:04.630258
1012,1656,SUCCESS,461,,2026-01-30 19:30:04.630258
1013,408,SUCCESS,2339,,2026-01-30 19:30:04.630258
1014,466,FAILED,506,Network provisioning failure,2026-01-30 19:30:04.630258
1015,1771,SUCCESS,732,,2026-01-30 19:30:04.630258
1016,1809,SUCCESS,1814,,2026-01-30 19:30:04.630258
1017,1704,SUCCESS,2315,,2026-01-30 19:30:04.630258
1018,1479,SUCCESS,2876,,2026-01-30 19:30:04.630258
1019,250,SUCCESS,1268,,2026-01-30 19:30:04.630258
1020,1225,SUCCESS,481,,2026-01-30 19:30:04.630258
1021,918,SUCCESS,796,,2026-01-30 19:30:04.630258
1022,64,SUCCESS,1673,,2026-01-30 19:30:04.630258
1023,1200,SUCCESS,542,,2026-01-30 19:30:04.630258
1024,1109,SUCCESS,1266,,2026-01-30 19:30:04.630258
1025,1298,SUCCESS,367,,2026-01-30 19:30:04.630258
1026,777,SUCCESS,2021,,2026-01-30 19:30:04.630258
1027,1826,SUCCESS,1801,,2026-01-30 19:30:04.630258
1028,898,SUCCESS,2916,,2026-01-30 19:30:04.630258
1029,102,SUCCESS,749,,2026-01-30 19:30:04.630258
1030,1784,SUCCESS,361,,2026-01-30 19:30:04.630258
1031,315,SUCCESS,653,,2026-01-30 19:30:04.630258
1032,1014,SUCCESS,885,,2026-01-30 19:30:04.630258
1033,1498,SUCCESS,1721,,2026-01-30 19:30:04.630258
1034,796,SUCCESS,2074,,2026-01-30 19:30:04.630258
1035,2,SUCCESS,581,,2026-01-30 19:30:04.630258
1036,72,SUCCESS,2243,,2026-01-30 19:30:04.630258
1037,177,SUCCESS,293,,2026-01-30 19:30:04.630258
1038,1841,SUCCESS,1914,,2026-01-30 19:30:04.630258
1039,1567,SUCCESS,719,,2026-01-30 19:30:04.630258
1040,1598,SUCCESS,2604,,2026-01-30 19:30:04.630258
1041,1263,SUCCESS,2425,,2026-01-30 19:30:04.630258
1042,1373,SUCCESS,2265,,2026-01-30 19:30:04.630258
1043,843,FAILED,2239,Network provisioning failure,2026-01-30 19:30:04.630258
1044,1509,SUCCESS,811,,2026-01-30 19:30:04.630258
1045,346,SUCCESS,2996,,2026-01-30 19:30:04.630258
1046,841,SUCCESS,2472,,2026-01-30 19:30:04.630258
1047,1451,SUCCESS,2044,,2026-01-30 19:30:04.630258
1048,1394,SUCCESS,2391,,2026-01-30 19:30:04.630258
1049,1281,SUCCESS,2177,,2026-01-30 19:30:04.630258
1050,1150,SUCCESS,227,,2026-01-30 19:30:04.630258
1051,1772,SUCCESS,1470,,2026-01-30 19:30:04.630258
1052,696,SUCCESS,2331,,2026-01-30 19:30:04.630258
1053,1782,SUCCESS,406,,2026-01-30 19:30:04.630258
1054,459,SUCCESS,735,,2026-01-30 19:30:04.630258
1055,938,SUCCESS,2047,,2026-01-30 19:30:04.630258
1056,1063,SUCCESS,388,,2026-01-30 19:30:04.630258
1057,627,SUCCESS,1741,,2026-01-30 19:30:04.630258
1058,444,SUCCESS,2445,,2026-01-30 19:30:04.630258
1059,391,FAILED,558,Network provisioning failure,2026-01-30 19:30:04.630258
1060,1842,SUCCESS,2934,,2026-01-30 19:30:04.630258
1061,1702,SUCCESS,355,,2026-01-30 19:30:04.630258
1062,1531,SUCCESS,1159,,2026-01-30 19:30:04.630258
1063,274,SUCCESS,1364,,2026-01-30 19:30:04.630258
1064,1023,SUCCESS,704,,2026-01-30 19:30:04.630258
1065,1754,SUCCESS,1848,,2026-01-30 19:30:04.630258
1066,1518,FAILED,2444,Network provisioning failure,2026-01-30 19:30:04.630258
1067,320,SUCCESS,1827,,2026-01-30 19:30:04.630258
1068,1840,SUCCESS,2131,,2026-01-30 19:30:04.630258
1069,426,SUCCESS,1271,,2026-01-30 19:30:04.630258
1070,412,SUCCESS,2083,,2026-01-30 19:30:04.630258
1071,1571,SUCCESS,2915,,2026-01-30 19:30:04.630258
1072,1194,SUCCESS,2942,,2026-01-30 19:30:04.630258
1073,741,SUCCESS,995,,2026-01-30 19:30:04.630258
1074,651,SUCCESS,357,,2026-01-30 19:30:04.630258
1075,1758,SUCCESS,1912,,2026-01-30 19:30:04.630258
1076,1428,SUCCESS,248,,2026-01-30 19:30:04.630258
1077,46,SUCCESS,2711,,2026-01-30 19:30:04.630258
1078,851,SUCCESS,907,,2026-01-30 19:30:04.630258
1079,1681,SUCCESS,2102,,2026-01-30 19:30:04.630258
1080,1219,SUCCESS,1237,,2026-01-30 19:30:04.630258
1081,1246,SUCCESS,1637,,2026-01-30 19:30:04.630258
1082,1386,SUCCESS,2859,,2026-01-30 19:30:04.630258
1083,687,SUCCESS,2668,,2026-01-30 19:30:04.630258
1084,631,SUCCESS,1776,,2026-01-30 19:30:04.630258
1085,355,SUCCESS,2001,,2026-01-30 19:30:04.630258
1086,1407,SUCCESS,245,,2026-01-30 19:30:04.630258
1087,1748,SUCCESS,1459,,2026-01-30 19:30:04.630258
1088,277,SUCCESS,2327,,2026-01-30 19:30:04.630258
1089,261,FAILED,1979,Network provisioning failure,2026-01-30 19:30:04.630258
1090,348,SUCCESS,2955,,2026-01-30 19:30:04.630258
1091,984,SUCCESS,1268,,2026-01-30 19:30:04.630258
1092,1064,SUCCESS,2591,,2026-01-30 19:30:04.630258
1093,1215,SUCCESS,758,,2026-01-30 19:30:04.630258
1094,868,SUCCESS,1541,,2026-01-30 19:30:04.630258
1095,965,SUCCESS,1788,,2026-01-30 19:30:04.630258
1096,332,SUCCESS,2724,,2026-01-30 19:30:04.630258
1097,1712,SUCCESS,1456,,2026-01-30 19:30:04.630258
1098,1500,SUCCESS,2421,,2026-01-30 19:30:04.630258
1099,1232,SUCCESS,1097,,2026-01-30 19:30:04.630258
1100,484,SUCCESS,1153,,2026-01-30 19:30:04.630258
1101,1358,SUCCESS,2262,,2026-01-30 19:30:04.630258
1102,569,SUCCESS,2393,,2026-01-30 19:30:04.630258
1103,507,SUCCESS,496,,2026-01-30 19:30:04.630258
1104,1673,SUCCESS,1135,,2026-01-30 19:30:04.630258
1105,1276,SUCCESS,1277,,2026-01-30 19:30:04.630258
1106,596,SUCCESS,1479,,2026-01-30 19:30:04.630258
1107,233,SUCCESS,1719,,2026-01-30 19:30:04.630258
1108,1082,SUCCESS,1721,,2026-01-30 19:30:04.630258
1109,1258,FAILED,812,Network provisioning failure,2026-01-30 19:30:04.630258
1110,226,FAILED,2418,Network provisioning failure,2026-01-30 19:30:04.630258
1111,500,SUCCESS,552,,2026-01-30 19:30:04.630258
1112,1152,SUCCESS,2853,,2026-01-30 19:30:04.630258
1113,13,SUCCESS,1759,,2026-01-30 19:30:04.630258
1114,1226,SUCCESS,222,,2026-01-30 19:30:04.630258
1115,1810,SUCCESS,2437,,2026-01-30 19:30:04.630258
1116,91,SUCCESS,2044,,2026-01-30 19:30:04.630258
1117,642,SUCCESS,1144,,2026-01-30 19:30:04.630258
1118,1359,SUCCESS,568,,2026-01-30 19:30:04.630258
1119,770,SUCCESS,813,,2026-01-30 19:30:04.630258
1120,1605,SUCCESS,2381,,2026-01-30 19:30:04.630258
1121,433,SUCCESS,328,,2026-01-30 19:30:04.630258
1122,540,SUCCESS,2787,,2026-01-30 19:30:04.630258
1123,1828,SUCCESS,745,,2026-01-30 19:30:04.630258
1124,293,SUCCESS,2293,,2026-01-30 19:30:04.630258
1125,1450,SUCCESS,740,,2026-01-30 19:30:04.630258
1126,1449,SUCCESS,252,,2026-01-30 19:30:04.630258
1127,543,SUCCESS,2741,,2026-01-30 19:30:04.630258
1128,869,SUCCESS,2999,,2026-01-30 19:30:04.630258
1129,532,SUCCESS,1916,,2026-01-30 19:30:04.630258
1130,1691,SUCCESS,2027,,2026-01-30 19:30:04.630258
1131,1524,SUCCESS,2841,,2026-01-30 19:30:04.630258
1132,1705,SUCCESS,1094,,2026-01-30 19:30:04.630258
1133,1780,SUCCESS,2212,,2026-01-30 19:30:04.630258
1134,837,SUCCESS,997,,2026-01-30 19:30:04.630258
1135,976,FAILED,1054,Network provisioning failure,2026-01-30 19:30:04.630258
1136,1522,SUCCESS,816,,2026-01-30 19:30:04.630258
1137,897,SUCCESS,415,,2026-01-30 19:30:04.630258
1138,152,SUCCESS,457,,2026-01-30 19:30:04.630258
1139,719,SUCCESS,557,,2026-01-30 19:30:04.630258
1140,536,SUCCESS,332,,2026-01-30 19:30:04.630258
1141,475,SUCCESS,1480,,2026-01-30 19:30:04.630258
1142,1599,SUCCESS,2927,,2026-01-30 19:30:04.630258
1143,462,SUCCESS,359,,2026-01-30 19:30:04.630258
1144,5,FAILED,1621,Network provisioning failure,2026-01-30 19:30:04.630258
1145,461,SUCCESS,2856,,2026-01-30 19:30:04.630258
1146,499,SUCCESS,305,,2026-01-30 19:30:04.630258
1147,340,SUCCESS,1792,,2026-01-30 19:30:04.630258
1148,593,SUCCESS,1659,,2026-01-30 19:30:04.630258
1149,1007,SUCCESS,1089,,2026-01-30 19:30:04.630258
1150,498,SUCCESS,2304,,2026-01-30 19:30:04.630258
1151,661,SUCCESS,1454,,2026-01-30 19:30:04.630258
1152,1321,SUCCESS,798,,2026-01-30 19:30:04.630258
1153,1340,SUCCESS,814,,2026-01-30 19:30:04.630258
1154,392,SUCCESS,738,,2026-01-30 19:30:04.630258
1155,1417,SUCCESS,555,,2026-01-30 19:30:04.630258
1156,1766,SUCCESS,1715,,2026-01-30 19:30:04.630258
1157,994,SUCCESS,230,,2026-01-30 19:30:04.630258
1158,1435,SUCCESS,2384,,2026-01-30 19:30:04.630258
1159,1357,SUCCESS,691,,2026-01-30 19:30:04.630258
1160,1184,SUCCESS,2181,,2026-01-30 19:30:04.630258
1161,1186,SUCCESS,1543,,2026-01-30 19:30:04.630258
1162,519,SUCCESS,2028,,2026-01-30 19:30:04.630258
1163,846,SUCCESS,855,,2026-01-30 19:30:04.630258
1164,432,SUCCESS,2558,,2026-01-30 19:30:04.630258
1165,673,SUCCESS,750,,2026-01-30 19:30:04.630258
1166,931,SUCCESS,2065,,2026-01-30 19:30:04.630258
1167,656,SUCCESS,1949,,2026-01-30 19:30:04.630258
1168,625,SUCCESS,2429,,2026-01-30 19:30:04.630258
1169,254,SUCCESS,203,,2026-01-30 19:30:04.630258
1170,1292,SUCCESS,1018,,2026-01-30 19:30:04.630258
1171,1203,SUCCESS,786,,2026-01-30 19:30:04.630258
1172,96,SUCCESS,2211,,2026-01-30 19:30:04.630258
1173,818,SUCCESS,945,,2026-01-30 19:30:04.630258
1174,396,SUCCESS,2260,,2026-01-30 19:30:04.630258
1175,1613,SUCCESS,859,,2026-01-30 19:30:04.630258
1176,820,SUCCESS,428,,2026-01-30 19:30:04.630258
1177,679,SUCCESS,1453,,2026-01-30 19:30:04.630258
1178,107,FAILED,1121,Network provisioning failure,2026-01-30 19:30:04.630258
1179,935,SUCCESS,746,,2026-01-30 19:30:04.630258
1180,493,SUCCESS,1931,,2026-01-30 19:30:04.630258
1181,1148,FAILED,376,Network provisioning failure,2026-01-30 19:30:04.630258
1182,937,SUCCESS,2395,,2026-01-30 19:30:04.630258
1183,1795,SUCCESS,233,,2026-01-30 19:30:04.630258
1184,1506,FAILED,698,Network provisioning failure,2026-01-30 19:30:04.630258
1185,1816,SUCCESS,2686,,2026-01-30 19:30:04.630258
1186,1378,SUCCESS,2467,,2026-01-30 19:30:04.630258
1187,654,SUCCESS,445,,2026-01-30 19:30:04.630258
1188,1536,SUCCESS,234,,2026-01-30 19:30:04.630258
1189,576,SUCCESS,2690,,2026-01-30 19:30:04.630258
1190,1779,SUCCESS,855,,2026-01-30 19:30:04.630258
1191,1001,SUCCESS,490,,2026-01-30 19:30:04.630258
1192,759,FAILED,1019,Network provisioning failure,2026-01-30 19:30:04.630258
1193,1183,SUCCESS,2166,,2026-01-30 19:30:04.630258
1194,258,FAILED,1357,Network provisioning failure,2026-01-30 19:30:04.630258
1195,398,SUCCESS,1721,,2026-01-30 19:30:04.630258
1196,19,SUCCESS,468,,2026-01-30 19:30:04.630258
1197,1799,SUCCESS,385,,2026-01-30 19:30:04.630258
1198,966,SUCCESS,909,,2026-01-30 19:30:04.630258
1199,215,SUCCESS,1739,,2026-01-30 19:30:04.630258
1200,1370,SUCCESS,2681,,2026-01-30 19:30:04.630258
1201,1735,SUCCESS,2483,,2026-01-30 19:30:04.630258
1202,1457,FAILED,2699,Network provisioning failure,2026-01-30 19:30:04.630258
1203,635,SUCCESS,780,,2026-01-30 19:30:04.630258
1204,317,SUCCESS,1704,,2026-01-30 19:30:04.630258
1205,1678,SUCCESS,2430,,2026-01-30 19:30:04.630258
1206,1477,SUCCESS,1093,,2026-01-30 19:30:04.630258
1207,1621,SUCCESS,2547,,2026-01-30 19:30:04.630258
1208,1552,SUCCESS,972,,2026-01-30 19:30:04.630258
1209,37,SUCCESS,2246,,2026-01-30 19:30:04.630258
1210,1549,SUCCESS,1157,,2026-01-30 19:30:04.630258
1211,1533,SUCCESS,1908,,2026-01-30 19:30:04.630258
1212,1135,SUCCESS,1341,,2026-01-30 19:30:04.630258
1213,421,SUCCESS,2758,,2026-01-30 19:30:04.630258
1214,1817,SUCCESS,225,,2026-01-30 19:30:04.630258
1215,1653,SUCCESS,2516,,2026-01-30 19:30:04.630258
1216,1062,SUCCESS,1856,,2026-01-30 19:30:04.630258
1217,1626,SUCCESS,2944,,2026-01-30 19:30:04.630258
1218,164,SUCCESS,1861,,2026-01-30 19:30:04.630258
1219,1448,SUCCESS,1059,,2026-01-30 19:30:04.630258
1220,326,SUCCESS,1313,,2026-01-30 19:30:04.630258
1221,704,SUCCESS,294,,2026-01-30 19:30:04.630258
1222,78,SUCCESS,1830,,2026-01-30 19:30:04.630258
1223,1328,SUCCESS,2446,,2026-01-30 19:30:04.630258
1224,1644,FAILED,2768,Network provisioning failure,2026-01-30 19:30:04.630258
1225,133,SUCCESS,1830,,2026-01-30 19:30:04.630258
1226,1107,SUCCESS,1742,,2026-01-30 19:30:04.630258
1227,100,SUCCESS,371,,2026-01-30 19:30:04.630258
1228,1739,SUCCESS,2491,,2026-01-30 19:30:04.630258
1229,755,SUCCESS,2600,,2026-01-30 19:30:04.630258
1230,638,SUCCESS,1397,,2026-01-30 19:30:04.630258
1231,492,SUCCESS,1471,,2026-01-30 19:30:04.630258
1232,1220,SUCCESS,1018,,2026-01-30 19:30:04.630258
1233,158,SUCCESS,1153,,2026-01-30 19:30:04.630258
1234,172,SUCCESS,235,,2026-01-30 19:30:04.630258
1235,403,SUCCESS,1227,,2026-01-30 19:30:04.630258
1236,170,SUCCESS,437,,2026-01-30 19:30:04.630258
1237,55,SUCCESS,1319,,2026-01-30 19:30:04.630258
1238,374,FAILED,2068,Network provisioning failure,2026-01-30 19:30:04.630258
1239,244,SUCCESS,2257,,2026-01-30 19:30:04.630258
1240,1657,SUCCESS,2802,,2026-01-30 19:30:04.630258
1241,1361,SUCCESS,240,,2026-01-30 19:30:04.630258
1242,128,SUCCESS,482,,2026-01-30 19:30:04.630258
1243,38,SUCCESS,2689,,2026-01-30 19:30:04.630258
1244,1236,SUCCESS,762,,2026-01-30 19:30:04.630258
1245,353,SUCCESS,920,,2026-01-30 19:30:04.630258
1246,1622,SUCCESS,973,,2026-01-30 19:30:04.630258
1247,1663,SUCCESS,1925,,2026-01-30 19:30:04.630258
1248,722,SUCCESS,1303,,2026-01-30 19:30:04.630258
1249,1330,SUCCESS,1772,,2026-01-30 19:30:04.630258
1250,1078,SUCCESS,2155,,2026-01-30 19:30:04.630258
1251,1824,SUCCESS,649,,2026-01-30 19:30:04.630258
1252,646,SUCCESS,2892,,2026-01-30 19:30:04.630258
1253,1157,SUCCESS,1114,,2026-01-30 19:30:04.630258
1254,725,SUCCESS,1147,,2026-01-30 19:30:04.630258
1255,195,SUCCESS,2332,,2026-01-30 19:30:04.630258
1256,129,SUCCESS,512,,2026-01-30 19:30:04.630258
1257,1106,SUCCESS,1294,,2026-01-30 19:30:04.630258
1258,744,SUCCESS,2664,,2026-01-30 19:30:04.630258
1259,985,SUCCESS,612,,2026-01-30 19:30:04.630258
1260,1230,SUCCESS,960,,2026-01-30 19:30:04.630258
1261,1430,SUCCESS,814,,2026-01-30 19:30:04.630258
1262,707,SUCCESS,1791,,2026-01-30 19:30:04.630258
1263,1402,SUCCESS,1810,,2026-01-30 19:30:04.630258
1264,971,SUCCESS,2681,,2026-01-30 19:30:04.630258
1265,930,FAILED,2208,Network provisioning failure,2026-01-30 19:30:04.630258
1266,551,SUCCESS,489,,2026-01-30 19:30:04.630258
1267,1332,SUCCESS,397,,2026-01-30 19:30:04.630258
1268,903,SUCCESS,855,,2026-01-30 19:30:04.630258
1269,179,SUCCESS,1841,,2026-01-30 19:30:04.630258
1270,855,SUCCESS,2729,,2026-01-30 19:30:04.630258
1271,1138,SUCCESS,2366,,2026-01-30 19:30:04.630258
1272,571,SUCCESS,1206,,2026-01-30 19:30:04.630258
1273,1825,SUCCESS,1742,,2026-01-30 19:30:04.630258
1274,1625,SUCCESS,233,,2026-01-30 19:30:04.630258
1275,693,SUCCESS,2383,,2026-01-30 19:30:04.630258
1276,1368,SUCCESS,2148,,2026-01-30 19:30:04.630258
1277,370,SUCCESS,299,,2026-01-30 19:30:04.630258
1278,1563,FAILED,2853,Network provisioning failure,2026-01-30 19:30:04.630258
1279,1590,SUCCESS,2721,,2026-01-30 19:30:04.630258
1280,48,SUCCESS,2346,,2026-01-30 19:30:04.630258
1281,967,SUCCESS,1822,,2026-01-30 19:30:04.630258
1282,821,SUCCESS,1544,,2026-01-30 19:30:04.630258
1283,1099,SUCCESS,1413,,2026-01-30 19:30:04.630258
1284,204,SUCCESS,2955,,2026-01-30 19:30:04.630258
1285,356,SUCCESS,2246,,2026-01-30 19:30:04.630258
1286,299,SUCCESS,721,,2026-01-30 19:30:04.630258
1287,871,SUCCESS,1615,,2026-01-30 19:30:04.630258
1288,623,SUCCESS,1158,,2026-01-30 19:30:04.630258
1289,329,SUCCESS,1663,,2026-01-30 19:30:04.630258
1290,751,SUCCESS,2604,,2026-01-30 19:30:04.630258
1291,1224,SUCCESS,1122,,2026-01-30 19:30:04.630258
1292,828,SUCCESS,1074,,2026-01-30 19:30:04.630258
1293,454,SUCCESS,2559,,2026-01-30 19:30:04.630258
1294,180,SUCCESS,2284,,2026-01-30 19:30:04.630258
1295,127,SUCCESS,642,,2026-01-30 19:30:04.630258
1296,939,SUCCESS,2689,,2026-01-30 19:30:04.630258
1297,1529,SUCCESS,1621,,2026-01-30 19:30:04.630258
1298,1133,SUCCESS,1009,,2026-01-30 19:30:04.630258
1299,1631,SUCCESS,1823,,2026-01-30 19:30:04.630258
1300,1422,SUCCESS,2257,,2026-01-30 19:30:04.630258
1301,1612,SUCCESS,2881,,2026-01-30 19:30:04.630258
1302,1303,SUCCESS,2620,,2026-01-30 19:30:04.630258
1303,439,SUCCESS,2873,,2026-01-30 19:30:04.630258
1304,1568,SUCCESS,1263,,2026-01-30 19:30:04.630258
1305,669,SUCCESS,727,,2026-01-30 19:30:04.630258
1306,675,SUCCESS,2253,,2026-01-30 19:30:04.630258
1307,1480,SUCCESS,2036,,2026-01-30 19:30:04.630258
1308,1765,SUCCESS,2206,,2026-01-30 19:30:04.630258
1309,991,SUCCESS,2863,,2026-01-30 19:30:04.630258
1310,117,SUCCESS,923,,2026-01-30 19:30:04.630258
1311,1338,SUCCESS,1413,,2026-01-30 19:30:04.630258
1312,709,SUCCESS,2445,,2026-01-30 19:30:04.630258
1313,438,SUCCESS,1572,,2026-01-30 19:30:04.630258
1314,1470,SUCCESS,2786,,2026-01-30 19:30:04.630258
1315,1737,SUCCESS,420,,2026-01-30 19:30:04.630258
1316,1110,SUCCESS,2012,,2026-01-30 19:30:04.630258
1317,1151,SUCCESS,974,,2026-01-30 19:30:04.630258
1318,309,SUCCESS,1361,,2026-01-30 19:30:04.630258
1319,1651,SUCCESS,1527,,2026-01-30 19:30:04.630258
1320,795,SUCCESS,1730,,2026-01-30 19:30:04.630258
1321,349,FAILED,2084,Network provisioning failure,2026-01-30 19:30:04.630258
1322,363,SUCCESS,461,,2026-01-30 19:30:04.630258
1323,341,SUCCESS,1958,,2026-01-30 19:30:04.630258
1324,1096,SUCCESS,2446,,2026-01-30 19:30:04.630258
1325,632,SUCCESS,1269,,2026-01-30 19:30:04.630258
1326,286,SUCCESS,477,,2026-01-30 19:30:04.630258
1327,409,SUCCESS,2204,,2026-01-30 19:30:04.630258
1328,1154,SUCCESS,2155,,2026-01-30 19:30:04.630258
1329,676,SUCCESS,1389,,2026-01-30 19:30:04.630258
1330,1376,SUCCESS,2519,,2026-01-30 19:30:04.630258
1331,986,SUCCESS,1514,,2026-01-30 19:30:04.630258
1332,950,SUCCESS,2521,,2026-01-30 19:30:04.630258
1333,717,SUCCESS,1148,,2026-01-30 19:30:04.630258
1334,1697,SUCCESS,1957,,2026-01-30 19:30:04.630258
1335,799,SUCCESS,2338,,2026-01-30 19:30:04.630258
1336,691,SUCCESS,2573,,2026-01-30 19:30:04.630258
1337,767,SUCCESS,2041,,2026-01-30 19:30:04.630258
1338,641,SUCCESS,1954,,2026-01-30 19:30:04.630258
1339,702,SUCCESS,2918,,2026-01-30 19:30:04.630258
1340,1844,SUCCESS,1423,,2026-01-30 19:30:04.630258
1341,205,SUCCESS,2487,,2026-01-30 19:30:04.630258
1342,1067,SUCCESS,645,,2026-01-30 19:30:04.630258
1343,197,FAILED,1131,Network provisioning failure,2026-01-30 19:30:04.630258
1344,1103,SUCCESS,2105,,2026-01-30 19:30:04.630258
1345,750,SUCCESS,516,,2026-01-30 19:30:04.630258
1346,447,SUCCESS,261,,2026-01-30 19:30:04.630258
1347,114,SUCCESS,623,,2026-01-30 19:30:04.630258
1348,1814,SUCCESS,2100,,2026-01-30 19:30:04.630258
1349,558,SUCCESS,1708,,2026-01-30 19:30:04.630258
1350,1670,SUCCESS,1529,,2026-01-30 19:30:04.630258
1351,1385,SUCCESS,2644,,2026-01-30 19:30:04.630258
1352,951,SUCCESS,1143,,2026-01-30 19:30:04.630258
1353,934,SUCCESS,585,,2026-01-30 19:30:04.630258
1354,269,SUCCESS,2333,,2026-01-30 19:30:04.630258
1355,249,SUCCESS,1127,,2026-01-30 19:30:04.630258
1356,1446,SUCCESS,2001,,2026-01-30 19:30:04.630258
1357,534,SUCCESS,1204,,2026-01-30 19:30:04.630258
1358,430,SUCCESS,2440,,2026-01-30 19:30:04.630258
1359,964,SUCCESS,1165,,2026-01-30 19:30:04.630258
1360,844,SUCCESS,219,,2026-01-30 19:30:04.630258
1361,835,SUCCESS,1548,,2026-01-30 19:30:04.630258
1362,688,SUCCESS,2589,,2026-01-30 19:30:04.630258
1363,520,SUCCESS,1222,,2026-01-30 19:30:04.630258
1364,132,SUCCESS,1951,,2026-01-30 19:30:04.630258
1365,1216,SUCCESS,1820,,2026-01-30 19:30:04.630258
1366,721,SUCCESS,306,,2026-01-30 19:30:04.630258
1367,1072,SUCCESS,2526,,2026-01-30 19:30:04.630258
1368,1362,SUCCESS,623,,2026-01-30 19:30:04.630258
1369,1550,SUCCESS,2062,,2026-01-30 19:30:04.630258
1370,457,SUCCESS,2177,,2026-01-30 19:30:04.630258
1371,352,SUCCESS,799,,2026-01-30 19:30:04.630258
1372,395,SUCCESS,332,,2026-01-30 19:30:04.630258
1373,1796,SUCCESS,327,,2026-01-30 19:30:04.630258
1374,1786,SUCCESS,947,,2026-01-30 19:30:04.630258
1375,947,SUCCESS,1408,,2026-01-30 19:30:04.630258
1376,761,SUCCESS,322,,2026-01-30 19:30:04.630258
1377,703,SUCCESS,801,,2026-01-30 19:30:04.630258
1378,1066,SUCCESS,1484,,2026-01-30 19:30:04.630258
1379,567,SUCCESS,1015,,2026-01-30 19:30:04.630258
1380,224,SUCCESS,1132,,2026-01-30 19:30:04.630258
1381,735,SUCCESS,1440,,2026-01-30 19:30:04.630258
1382,1763,SUCCESS,877,,2026-01-30 19:30:04.630258
1383,660,SUCCESS,452,,2026-01-30 19:30:04.630258
1384,658,SUCCESS,1056,,2026-01-30 19:30:04.630258
1385,1686,FAILED,2830,Network provisioning failure,2026-01-30 19:30:04.630258
1386,1325,SUCCESS,2213,,2026-01-30 19:30:04.630258
1387,1247,SUCCESS,996,,2026-01-30 19:30:04.630258
1388,955,FAILED,587,Network provisioning failure,2026-01-30 19:30:04.630258
1389,50,SUCCESS,1880,,2026-01-30 19:30:04.630258
1390,586,SUCCESS,1627,,2026-01-30 19:30:04.630258
1391,513,SUCCESS,1393,,2026-01-30 19:30:04.630258
1392,51,SUCCESS,2213,,2026-01-30 19:30:04.630258
1393,1132,SUCCESS,898,,2026-01-30 19:30:04.630258
1394,1655,SUCCESS,1051,,2026-01-30 19:30:04.630258
1395,460,SUCCESS,366,,2026-01-30 19:30:04.630258
1396,529,SUCCESS,2072,,2026-01-30 19:30:04.630258
1397,203,SUCCESS,1802,,2026-01-30 19:30:04.630258
1398,441,SUCCESS,1682,,2026-01-30 19:30:04.630258
1399,393,SUCCESS,1340,,2026-01-30 19:30:04.630258
1400,81,SUCCESS,642,,2026-01-30 19:30:04.630258
1401,557,SUCCESS,1397,,2026-01-30 19:30:04.630258
1402,778,SUCCESS,1107,,2026-01-30 19:30:04.630258
1403,1197,FAILED,1201,Network provisioning failure,2026-01-30 19:30:04.630258
1404,870,SUCCESS,839,,2026-01-30 19:30:04.630258
1405,1596,SUCCESS,1046,,2026-01-30 19:30:04.630258
1406,502,SUCCESS,700,,2026-01-30 19:30:04.630258
1407,42,SUCCESS,1695,,2026-01-30 19:30:04.630258
1408,1472,SUCCESS,1158,,2026-01-30 19:30:04.630258
1409,90,FAILED,689,Network provisioning failure,2026-01-30 19:30:04.630258
1410,1604,SUCCESS,485,,2026-01-30 19:30:04.630258
1411,1013,SUCCESS,472,,2026-01-30 19:30:04.630258
1412,59,FAILED,2159,Network provisioning failure,2026-01-30 19:30:04.630258
1413,1254,SUCCESS,2610,,2026-01-30 19:30:04.630258
1414,1700,SUCCESS,1770,,2026-01-30 19:30:04.630258
1415,621,SUCCESS,1876,,2026-01-30 19:30:04.630258
1416,734,SUCCESS,2503,,2026-01-30 19:30:04.630258
1417,1068,SUCCESS,2857,,2026-01-30 19:30:04.630258
1418,1807,SUCCESS,1259,,2026-01-30 19:30:04.630258
1419,350,SUCCESS,2189,,2026-01-30 19:30:04.630258
1420,116,SUCCESS,2580,,2026-01-30 19:30:04.630258
1421,1677,SUCCESS,1510,,2026-01-30 19:30:04.630258
1422,1574,SUCCESS,2805,,2026-01-30 19:30:04.630258
1423,1287,SUCCESS,2261,,2026-01-30 19:30:04.630258
1424,394,SUCCESS,2613,,2026-01-30 19:30:04.630258
1425,248,SUCCESS,2234,,2026-01-30 19:30:04.630258
1426,862,SUCCESS,1576,,2026-01-30 19:30:04.630258
1427,1637,SUCCESS,1056,,2026-01-30 19:30:04.630258
1428,1507,SUCCESS,825,,2026-01-30 19:30:04.630258
1429,1481,SUCCESS,2076,,2026-01-30 19:30:04.630258
1430,501,SUCCESS,2573,,2026-01-30 19:30:04.630258
1431,207,SUCCESS,382,,2026-01-30 19:30:04.630258
1432,1664,SUCCESS,2698,,2026-01-30 19:30:04.630258
1433,1319,SUCCESS,247,,2026-01-30 19:30:04.630258
1434,1523,SUCCESS,2875,,2026-01-30 19:30:04.630258
1435,1217,SUCCESS,2955,,2026-01-30 19:30:04.630258
1436,418,SUCCESS,1507,,2026-01-30 19:30:04.630258
1437,1514,SUCCESS,350,,2026-01-30 19:30:04.630258
1438,1354,SUCCESS,2363,,2026-01-30 19:30:04.630258
1439,463,SUCCESS,362,,2026-01-30 19:30:04.630258
1440,246,SUCCESS,2319,,2026-01-30 19:30:04.630258
1441,1788,SUCCESS,2199,,2026-01-30 19:30:04.630258
1442,354,SUCCESS,2901,,2026-01-30 19:30:04.630258
1443,267,SUCCESS,957,,2026-01-30 19:30:04.630258
1444,1111,SUCCESS,1231,,2026-01-30 19:30:04.630258
1445,1279,SUCCESS,1593,,2026-01-30 19:30:04.630258
1446,1619,SUCCESS,1813,,2026-01-30 19:30:04.630258
1447,1594,SUCCESS,2090,,2026-01-30 19:30:04.630258
1448,141,SUCCESS,335,,2026-01-30 19:30:04.630258
1449,539,SUCCESS,2481,,2026-01-30 19:30:04.630258
1450,467,SUCCESS,1658,,2026-01-30 19:30:04.630258
1451,402,SUCCESS,1587,,2026-01-30 19:30:04.630258
1452,648,SUCCESS,2912,,2026-01-30 19:30:04.630258
1453,1095,SUCCESS,825,,2026-01-30 19:30:04.630258
1454,992,SUCCESS,2024,,2026-01-30 19:30:04.630258
1455,380,SUCCESS,674,,2026-01-30 19:30:04.630258
1456,1090,SUCCESS,2143,,2026-01-30 19:30:04.630258
1457,347,SUCCESS,1564,,2026-01-30 19:30:04.630258
1458,1769,SUCCESS,253,,2026-01-30 19:30:04.630258
1459,517,SUCCESS,736,,2026-01-30 19:30:04.630258
1460,410,SUCCESS,2745,,2026-01-30 19:30:04.630258
1461,242,SUCCESS,2532,,2026-01-30 19:30:04.630258
1462,138,SUCCESS,1780,,2026-01-30 19:30:04.630258
1463,1380,SUCCESS,1802,,2026-01-30 19:30:04.630258
1464,1290,SUCCESS,455,,2026-01-30 19:30:04.630258
1465,1349,SUCCESS,359,,2026-01-30 19:30:04.630258
1466,190,SUCCESS,2585,,2026-01-30 19:30:04.630258
1467,16,SUCCESS,589,,2026-01-30 19:30:04.630258
1468,342,SUCCESS,2989,,2026-01-30 19:30:04.630258
1469,574,SUCCESS,495,,2026-01-30 19:30:04.630258
1470,854,SUCCESS,1472,,2026-01-30 19:30:04.630258
1471,1028,SUCCESS,1392,,2026-01-30 19:30:04.630258
1472,1526,SUCCESS,2573,,2026-01-30 19:30:04.630258
1473,1775,SUCCESS,1674,,2026-01-30 19:30:04.630258
1474,1808,SUCCESS,1716,,2026-01-30 19:30:04.630258
1475,1442,SUCCESS,512,,2026-01-30 19:30:04.630258
1476,888,SUCCESS,2848,,2026-01-30 19:30:04.630258
1477,236,SUCCESS,2014,,2026-01-30 19:30:04.630258
1478,148,SUCCESS,632,,2026-01-30 19:30:04.630258
1479,678,SUCCESS,756,,2026-01-30 19:30:04.630258
1480,323,SUCCESS,294,,2026-01-30 19:30:04.630258
1481,1204,SUCCESS,1244,,2026-01-30 19:30:04.630258
1482,1214,SUCCESS,2441,,2026-01-30 19:30:04.630258
1483,1397,SUCCESS,2830,,2026-01-30 19:30:04.630258
1484,368,SUCCESS,1908,,2026-01-30 19:30:04.630258
1485,1038,SUCCESS,1913,,2026-01-30 19:30:04.630258
1486,407,SUCCESS,1172,,2026-01-30 19:30:04.630258
1487,4,SUCCESS,2807,,2026-01-30 19:30:04.630258
1488,1666,SUCCESS,2023,,2026-01-30 19:30:04.630258
1489,257,SUCCESS,2872,,2026-01-30 19:30:04.630258
1490,200,SUCCESS,851,,2026-01-30 19:30:04.630258
1491,1645,SUCCESS,1913,,2026-01-30 19:30:04.630258
1492,1703,FAILED,373,Network provisioning failure,2026-01-30 19:30:04.630258
1493,1409,SUCCESS,2844,,2026-01-30 19:30:04.630258
1494,275,SUCCESS,736,,2026-01-30 19:30:04.630258
1495,948,SUCCESS,518,,2026-01-30 19:30:04.630258
1496,613,SUCCESS,2896,,2026-01-30 19:30:04.630258
1497,583,SUCCESS,1900,,2026-01-30 19:30:04.630258
1498,990,SUCCESS,2413,,2026-01-30 19:30:04.630258
1499,650,SUCCESS,1608,,2026-01-30 19:30:04.630258
1500,371,SUCCESS,2237,,2026-01-30 19:30:04.630258
1501,936,SUCCESS,293,,2026-01-30 19:30:04.630258
1502,726,SUCCESS,679,,2026-01-30 19:30:04.630258
1503,568,SUCCESS,1723,,2026-01-30 19:30:04.630258
1504,1520,SUCCESS,1995,,2026-01-30 19:30:04.630258
1505,1166,SUCCESS,2810,,2026-01-30 19:30:04.630258
1506,1391,SUCCESS,1104,,2026-01-30 19:30:04.630258
1507,998,SUCCESS,1373,,2026-01-30 19:30:04.630258
1508,754,SUCCESS,1766,,2026-01-30 19:30:04.630258
1509,1097,SUCCESS,1134,,2026-01-30 19:30:04.630258
1510,677,SUCCESS,1736,,2026-01-30 19:30:04.630258
1511,58,SUCCESS,819,,2026-01-30 19:30:04.630258
1512,1,SUCCESS,1031,,2026-01-30 19:30:04.630258
1513,666,SUCCESS,2086,,2026-01-30 19:30:04.630258
1514,1352,SUCCESS,1417,,2026-01-30 19:30:04.630258
1515,1260,SUCCESS,1887,,2026-01-30 19:30:04.630258
1516,1144,SUCCESS,1027,,2026-01-30 19:30:04.630258
1517,1797,SUCCESS,2895,,2026-01-30 19:30:04.630258
1518,682,SUCCESS,2584,,2026-01-30 19:30:04.630258
1519,608,SUCCESS,368,,2026-01-30 19:30:04.630258
1520,364,SUCCESS,1604,,2026-01-30 19:30:04.630258
1521,372,SUCCESS,835,,2026-01-30 19:30:04.630258
1522,1822,SUCCESS,235,,2026-01-30 19:30:04.630258
1523,1803,SUCCESS,584,,2026-01-30 19:30:04.630258
1524,1580,SUCCESS,1381,,2026-01-30 19:30:04.630258
1525,1363,SUCCESS,2578,,2026-01-30 19:30:04.630258
1526,768,SUCCESS,1005,,2026-01-30 19:30:04.630258
1527,1365,SUCCESS,2802,,2026-01-30 19:30:04.630258
1528,860,SUCCESS,255,,2026-01-30 19:30:04.630258
1529,572,SUCCESS,1062,,2026-01-30 19:30:04.630258
1530,49,SUCCESS,2763,,2026-01-30 19:30:04.630258
1531,978,SUCCESS,1351,,2026-01-30 19:30:04.630258
1532,22,FAILED,1013,Network provisioning failure,2026-01-30 19:30:04.630258
1533,1620,SUCCESS,848,,2026-01-30 19:30:04.630258
1534,1576,SUCCESS,558,,2026-01-30 19:30:04.630258
1535,912,SUCCESS,2880,,2026-01-30 19:30:04.630258
1536,1058,SUCCESS,1626,,2026-01-30 19:30:04.630258
1537,70,SUCCESS,1863,,2026-01-30 19:30:04.630258
1538,45,SUCCESS,1982,,2026-01-30 19:30:04.630258
1539,760,SUCCESS,2835,,2026-01-30 19:30:04.630258
1540,225,SUCCESS,710,,2026-01-30 19:30:04.630258
1541,199,SUCCESS,478,,2026-01-30 19:30:04.630258
1542,829,SUCCESS,373,,2026-01-30 19:30:04.630258
1543,1061,SUCCESS,2597,,2026-01-30 19:30:04.630258
1544,1750,SUCCESS,1482,,2026-01-30 19:30:04.630258
1545,1410,SUCCESS,2441,,2026-01-30 19:30:04.630258
1546,611,SUCCESS,442,,2026-01-30 19:30:04.630258
1547,60,SUCCESS,2406,,2026-01-30 19:30:04.630258
1548,671,SUCCESS,1970,,2026-01-30 19:30:04.630258
1549,1638,SUCCESS,1972,,2026-01-30 19:30:04.630258
1550,895,SUCCESS,2798,,2026-01-30 19:30:04.630258
1551,1054,SUCCESS,1261,,2026-01-30 19:30:04.630258
1552,894,SUCCESS,338,,2026-01-30 19:30:04.630258
1553,1773,SUCCESS,853,,2026-01-30 19:30:04.630258
1554,422,SUCCESS,1396,,2026-01-30 19:30:04.630258
1555,327,SUCCESS,1049,,2026-01-30 19:30:04.630258
1556,105,SUCCESS,1791,,2026-01-30 19:30:04.630258
1557,909,SUCCESS,1372,,2026-01-30 19:30:04.630258
1558,790,SUCCESS,544,,2026-01-30 19:30:04.630258
1559,1053,SUCCESS,1630,,2026-01-30 19:30:04.630258
1560,469,SUCCESS,799,,2026-01-30 19:30:04.630258
1561,1024,SUCCESS,1342,,2026-01-30 19:30:04.630258
1562,1660,SUCCESS,787,,2026-01-30 19:30:04.630258
1563,905,SUCCESS,1942,,2026-01-30 19:30:04.630258
1564,510,SUCCESS,2740,,2026-01-30 19:30:04.630258
1565,245,SUCCESS,1020,,2026-01-30 19:30:04.630258
1566,747,FAILED,897,Network provisioning failure,2026-01-30 19:30:04.630258
1567,982,SUCCESS,2948,,2026-01-30 19:30:04.630258
1568,771,SUCCESS,567,,2026-01-30 19:30:04.630258
1569,1401,SUCCESS,2487,,2026-01-30 19:30:04.630258
1570,1259,SUCCESS,2250,,2026-01-30 19:30:04.630258
1571,1266,SUCCESS,1493,,2026-01-30 19:30:04.630258
1572,259,SUCCESS,1533,,2026-01-30 19:30:04.630258
1573,1015,SUCCESS,2031,,2026-01-30 19:30:04.630258
1574,573,SUCCESS,731,,2026-01-30 19:30:04.630258
1575,1710,SUCCESS,1255,,2026-01-30 19:30:04.630258
1576,1371,SUCCESS,723,,2026-01-30 19:30:04.630258
1577,864,SUCCESS,1665,,2026-01-30 19:30:04.630258
1578,1187,SUCCESS,2811,,2026-01-30 19:30:04.630258
1579,920,SUCCESS,249,,2026-01-30 19:30:04.630258
1580,522,SUCCESS,2376,,2026-01-30 19:30:04.630258
1581,291,SUCCESS,253,,2026-01-30 19:30:04.630258
1582,423,FAILED,1403,Network provisioning failure,2026-01-30 19:30:04.630258
1583,3,SUCCESS,545,,2026-01-30 19:30:04.630258
1584,61,SUCCESS,1082,,2026-01-30 19:30:04.630258
1585,797,SUCCESS,1351,,2026-01-30 19:30:04.630258
1586,901,SUCCESS,2234,,2026-01-30 19:30:04.630258
1587,14,SUCCESS,253,,2026-01-30 19:30:04.630258
1588,476,SUCCESS,1331,,2026-01-30 19:30:04.630258
1589,1649,SUCCESS,2365,,2026-01-30 19:30:04.630258
1590,1693,SUCCESS,823,,2026-01-30 19:30:04.630258
1591,1794,SUCCESS,768,,2026-01-30 19:30:04.630258
1592,1059,SUCCESS,1917,,2026-01-30 19:30:04.630258
1593,1431,SUCCESS,1751,,2026-01-30 19:30:04.630258
1594,1300,FAILED,1286,Network provisioning failure,2026-01-30 19:30:04.630258
1595,1206,SUCCESS,2531,,2026-01-30 19:30:04.630258
1596,1318,SUCCESS,831,,2026-01-30 19:30:04.630258
1597,859,SUCCESS,2817,,2026-01-30 19:30:04.630258
1598,1562,SUCCESS,2439,,2026-01-30 19:30:04.630258
1599,659,SUCCESS,1807,,2026-01-30 19:30:04.630258
1600,210,SUCCESS,1631,,2026-01-30 19:30:04.630258
1601,1384,SUCCESS,682,,2026-01-30 19:30:04.630258
1602,157,SUCCESS,2542,,2026-01-30 19:30:04.630258
1603,584,SUCCESS,2827,,2026-01-30 19:30:04.630258
1604,1127,SUCCESS,1784,,2026-01-30 19:30:04.630258
1605,1329,SUCCESS,934,,2026-01-30 19:30:04.630258
1606,1316,SUCCESS,1189,,2026-01-30 19:30:04.630258
1607,503,SUCCESS,2706,,2026-01-30 19:30:04.630258
1608,1249,SUCCESS,443,,2026-01-30 19:30:04.630258
1609,173,FAILED,1770,Network provisioning failure,2026-01-30 19:30:04.630258
1610,1168,SUCCESS,2723,,2026-01-30 19:30:04.630258
1611,878,SUCCESS,1472,,2026-01-30 19:30:04.630258
1612,867,SUCCESS,1098,,2026-01-30 19:30:04.630258
1613,784,SUCCESS,1783,,2026-01-30 19:30:04.630258
1614,753,SUCCESS,2142,,2026-01-30 19:30:04.630258
1615,1682,SUCCESS,2213,,2026-01-30 19:30:04.630258
1616,1177,SUCCESS,1850,,2026-01-30 19:30:04.630258
1617,1034,SUCCESS,2129,,2026-01-30 19:30:04.630258
1618,1466,SUCCESS,671,,2026-01-30 19:30:04.630258
1619,1326,SUCCESS,916,,2026-01-30 19:30:04.630258
1620,972,SUCCESS,2994,,2026-01-30 19:30:04.630258
1621,1411,SUCCESS,794,,2026-01-30 19:30:04.630258
1622,1228,SUCCESS,381,,2026-01-30 19:30:04.630258
1623,943,SUCCESS,1671,,2026-01-30 19:30:04.630258
1624,150,SUCCESS,424,,2026-01-30 19:30:04.630258
1625,1294,SUCCESS,2240,,2026-01-30 19:30:04.630258
1626,926,SUCCESS,2717,,2026-01-30 19:30:04.630258
1627,808,SUCCESS,1037,,2026-01-30 19:30:04.630258
1628,490,SUCCESS,972,,2026-01-30 19:30:04.630258
1629,798,SUCCESS,859,,2026-01-30 19:30:04.630258
1630,874,SUCCESS,1225,,2026-01-30 19:30:04.630258
1631,1695,SUCCESS,528,,2026-01-30 19:30:04.630258
1632,9,SUCCESS,2668,,2026-01-30 19:30:04.630258
1633,1302,SUCCESS,803,,2026-01-30 19:30:04.630258
1634,445,SUCCESS,880,,2026-01-30 19:30:04.630258
1635,411,SUCCESS,759,,2026-01-30 19:30:04.630258
1636,1160,SUCCESS,2944,,2026-01-30 19:30:04.630258
1637,832,SUCCESS,1231,,2026-01-30 19:30:04.630258
1638,908,SUCCESS,783,,2026-01-30 19:30:04.630258
1639,88,SUCCESS,2745,,2026-01-30 19:30:04.630258
1640,1667,SUCCESS,2529,,2026-01-30 19:30:04.630258
1641,1161,SUCCESS,1112,,2026-01-30 19:30:04.630258
1642,1084,SUCCESS,2276,,2026-01-30 19:30:04.630258
1643,240,SUCCESS,2284,,2026-01-30 19:30:04.630258
1644,1774,SUCCESS,2338,,2026-01-30 19:30:04.630258
1645,1497,SUCCESS,901,,2026-01-30 19:30:04.630258
1646,1199,SUCCESS,686,,2026-01-30 19:30:04.630258
1647,217,FAILED,1532,Network provisioning failure,2026-01-30 19:30:04.630258
1648,538,SUCCESS,1799,,2026-01-30 19:30:04.630258
1649,383,SUCCESS,814,,2026-01-30 19:30:04.630258
1650,925,SUCCESS,1928,,2026-01-30 19:30:04.630258
1651,1119,SUCCESS,681,,2026-01-30 19:30:04.630258
1652,1709,SUCCESS,804,,2026-01-30 19:30:04.630258
1653,1801,SUCCESS,551,,2026-01-30 19:30:04.630258
1654,616,SUCCESS,1478,,2026-01-30 19:30:04.630258
1655,453,SUCCESS,1320,,2026-01-30 19:30:04.630258
