service_id,order_id,customer_id,product_id,activation_date,service_status
1,1074,117,2,2026-01-22 18:40:09,ACTIVE
2,251,57,3,2026-01-12 21:55:53,ACTIVE
3,887,224,1,2026-01-09 04:39:17,ACTIVE
4,264,250,2,2026-01-24 07:58:32,ACTIVE
5,802,266,2,2026-01-06 05:18:53,ACTIVE
6,1513,235,3,2026-01-16 08:23:59,ACTIVE
7,1070,224,4,2026-01-25 16:13:03,ACTIVE
8,1080,74,2,2026-01-26 04:32:21,ACTIVE
9,496,217,1,2026-01-23 14:13:44,ACTIVE
10,1420,220,4,2026-01-09 21:13:56,ACTIVE
11,455,294,2,2026-01-24 12:09:51,ACTIVE
12,1087,105,2,2026-01-14 19:17:47,ACTIVE
13,630,118,2,2026-01-03 09:54:55,ACTIVE
14,1532,123,4,2026-01-29 02:54:46,ACTIVE
15,1101,218,4,2026-01-21 04:52:12,ACTIVE
16,606,279,3,2026-01-26 10:27:43,ACTIVE
17,850,222,4,2026-01-10 07:22:50,ACTIVE
18,599,136,4,2026-01-27 01:35:42,ACTIVE
19,1083,69,4,2026-01-12 23:02:06,ACTIVE
20,856,293,3,2026-01-05 16:40:57,ACTIVE
21,1789,169,1,2026-01-17 16:19:49,ACTIVE
22,756,221,3,2026-01-24 09:33:35,ACTIVE
23,1124,96,2,2026-01-03 14:53:49,ACTIVE
24,1231,277,4,2026-01-06 15:00:48,ACTIVE
25,872,29,3,2026-01-11 09:56:32,ACTIVE
26,151,166,1,2025-12-31 22:59:27,ACTIVE
27,921,296,1,2026-01-18 14:43:57,ACTIVE
28,253,57,3,2026-01-15 11:48:11,ACTIVE
29,119,104,4,2026-01-27 23:10:08,ACTIVE
30,270,134,3,2026-01-27 16:54:45,ACTIVE
31,1269,43,1,2026-01-24 04:31:07,ACTIVE
32,437,185,3,2026-01-13 13:24:06,ACTIVE
33,1283,70,1,2026-01-12 21:27:31,ACTIVE
34,339,5,1,2026-01-21 18:52:49,ACTIVE
35,847,224,2,2026-01-04 12:47:01,ACTIVE
36,1314,128,1,2026-01-22 21:00:15,ACTIVE
37,82,245,4,2026-01-17 21:02:50,ACTIVE
38,1465,52,4,2026-01-17 00:23:30,ACTIVE
39,1048,255,2,2026-01-29 06:04:03,ACTIVE
40,25,115,3,2026-01-17 12:30:46,ACTIVE
41,1253,269,1,2026-01-28 14:14:59,ACTIVE
42,359,264,4,2026-01-02 10:23:58,ACTIVE
43,1348,255,3,2026-01-12 10:01:47,ACTIVE
44,1060,132,3,2026-01-29 00:36:26,ACTIVE
45,1732,140,2,2026-01-03 02:22:23,ACTIVE
46,213,113,1,2026-01-02 15:41:45,ACTIVE
47,26,260,3,2026-01-10 13:22:08,ACTIVE
48,1478,212,2,2026-01-10 03:24:02,ACTIVE
49,1543,217,1,2026-01-06 16:05:26,ACTIVE
50,1640,41,1,2026-01-05 22:23:16,ACTIVE
51,1229,82,3,2026-01-08 11:13:12,ACTIVE
52,1662,153,3,2026-01-11 21:49:22,ACTIVE
53,136,193,4,2026-01-15 17:58:19,ACTIVE
54,218,137,3,2026-01-24 05:36:01,ACTIVE
55,196,135,2,2026-01-17 06:29:31,ACTIVE
56,373,160,1,2026-01-15 07:53:44,ACTIVE
57,1741,62,4,2026-01-18 03:20:48,ACTIVE
58,1726,91,4,2026-01-23 12:07:26,ACTIVE
59,969,286,1,2026-01-18 11:33:52,ACTIVE
60,1171,4,1,2026-01-04 08:29:44,ACTIVE
61,1587,109,2,2026-01-13 11:07:06,ACTIVE
62,230,251,2,2026-01-15 06:46:45,ACTIVE
63,1578,114,3,2026-01-08 14:44:35,ACTIVE
64,1146,105,4,2026-01-15 11:55:51,ACTIVE
65,667,232,3,2026-01-12 12:34:05,ACTIVE
66,449,267,3,2026-01-09 13:11:44,ACTIVE
67,1487,212,3,2026-01-17 20:55:21,ACTIVE
68,1108,31,3,2026-01-01 06:50:30,ACTIVE
69,1600,297,1,2026-01-10 14:52:13,ACTIVE
70,1120,132,4,2026-01-06 15:39:16,ACTIVE
71,786,13,4,2026-01-14 20:04:22,ACTIVE
72,1665,106,3,2026-01-04 03:52:13,ACTIVE
73,149,14,2,2026-01-23 00:43:41,ACTIVE
74,93,34,3,2026-01-30 11:24:25,ACTIVE
75,307,144,4,2026-01-06 03:42:11,ACTIVE
76,706,252,3,2026-01-24 18:22:41,ACTIVE
77,1009,118,4,2026-01-26 17:59:21,ACTIVE
78,541,60,2,2026-01-27 07:47:14,ACTIVE
79,1582,69,1,2026-01-11 16:53:29,ACTIVE
80,1100,59,3,2026-01-28 19:02:22,ACTIVE
81,1335,214,4,2026-01-29 03:32:19,ACTIVE
82,774,63,3,2026-01-19 21:26:20,ACTIVE
83,714,111,1,2026-01-03 00:27:40,ACTIVE
84,1408,227,3,2026-01-08 04:58:48,ACTIVE
85,1065,14,2,2026-01-14 12:50:04,ACTIVE
86,523,242,4,2026-01-28 10:49:49,ACTIVE
87,252,88,3,2026-01-18 18:57:43,ACTIVE
88,1742,261,4,2026-01-13 17:47:51,ACTIVE
89,839,36,4,2026-01-12 02:24:07,ACTIVE
90,1829,282,2,2026-01-07 08:05:50,ACTIVE
91,526,31,2,2026-01-22 07:33:16,ACTIVE
92,559,190,2,2026-01-16 23:11:30,ACTIVE
93,1425,238,1,2026-01-12 16:27:51,ACTIVE
94,1293,229,2,2026-01-21 03:25:59,ACTIVE
95,131,235,1,2026-01-12 21:33:18,ACTIVE
96,1473,188,1,2026-01-03 11:46:58,ACTIVE
97,974,124,3,2026-01-22 21:46:27,ACTIVE
98,1757,253,3,2026-01-11 18:38:47,ACTIVE
99,178,230,2,2026-01-18 16:22:00,ACTIVE
100,1320,175,4,2026-01-05 02:41:32,ACTIVE
101,357,215,1,2026-01-08 15:19:17,ACTIVE
102,241,167,1,2026-01-23 03:05:28,ACTIVE
103,958,15,1,2026-01-29 05:55:02,ACTIVE
104,812,277,4,2026-01-25 02:24:27,ACTIVE
105,325,143,4,2026-01-28 20:18:44,ACTIVE
106,17,187,2,2026-01-28 04:45:15,ACTIVE
107,1021,262,1,2026-01-16 18:57:55,ACTIVE
108,1768,209,1,2026-01-27 10:25:17,ACTIVE
109,142,132,3,2026-01-21 19:56:37,ACTIVE
110,980,42,4,2026-01-08 04:41:14,ACTIVE
111,861,277,3,2026-01-13 09:38:11,ACTIVE
112,504,7,2,2026-01-27 03:08:29,ACTIVE
113,1749,91,3,2026-01-08 11:54:56,ACTIVE
114,33,237,2,2026-01-07 11:51:34,ACTIVE
115,1188,203,3,2026-01-20 07:32:52,ACTIVE
116,1003,266,3,2026-01-19 18:18:42,ACTIVE
117,633,27,2,2026-01-22 05:23:32,ACTIVE
118,1333,190,2,2026-01-24 11:09:17,ACTIVE
119,816,118,2,2026-01-04 20:15:20,ACTIVE
120,900,228,1,2026-01-27 19:18:37,ACTIVE
121,1783,210,3,2026-01-11 06:06:58,ACTIVE
122,1079,209,1,2026-01-25 08:38:31,ACTIVE
123,109,250,3,2026-01-26 23:38:01,ACTIVE
124,914,183,4,2026-01-23 01:55:04,ACTIVE
125,524,191,1,2026-01-20 21:46:08,ACTIVE
126,1489,20,4,2026-01-03 22:26:07,ACTIVE
127,1129,66,1,2026-01-05 17:12:28,ACTIVE
128,644,49,4,2026-01-25 07:50:46,ACTIVE
129,763,28,3,2026-01-03 14:47:24,ACTIVE
130,686,269,2,2026-01-06 20:58:12,ACTIVE
131,282,11,4,2026-01-01 20:52:06,ACTIVE
132,1117,120,3,2026-01-21 23:39:47,ACTIVE
133,428,196,3,2026-01-07 22:41:21,ACTIVE
134,10,58,4,2026-01-24 07:36:43,ACTIVE
135,1847,29,2,2026-01-24 06:25:45,ACTIVE
136,146,83,3,2026-01-30 16:00:58,ACTIVE
137,752,78,3,2026-01-16 10:58:01,ACTIVE
138,98,202,1,2026-01-04 23:04:21,ACTIVE
139,193,153,4,2026-01-06 19:01:01,ACTIVE
140,1389,15,2,2026-01-02 01:40:34,ACTIVE
141,1364,14,4,2026-01-08 06:03:06,ACTIVE
142,655,47,3,2026-01-02 11:13:51,ACTIVE
143,853,176,1,2026-01-04 21:23:44,ACTIVE
144,243,266,2,2026-01-05 09:01:08,ACTIVE
145,617,120,1,2026-01-20 21:12:10,ACTIVE
146,674,230,2,2026-01-01 12:10:19,ACTIVE
147,995,56,3,2026-01-14 10:33:08,ACTIVE
148,167,32,3,2026-01-28 10:45:34,ACTIVE
149,1569,4,4,2026-01-07 09:30:01,ACTIVE
150,1416,54,3,2026-01-26 04:38:43,ACTIVE
151,672,281,4,2026-01-23 02:52:00,ACTIVE
152,1275,14,1,2026-01-16 12:53:38,ACTIVE
153,1736,142,2,2026-01-16 16:34:47,ACTIVE
154,1708,147,4,2026-01-24 20:05:38,ACTIVE
155,1488,162,3,2026-01-24 07:59:43,ACTIVE
156,1280,156,2,2026-01-13 15:32:55,ACTIVE
157,956,3,4,2026-01-27 10:13:24,ACTIVE
158,1366,199,2,2026-01-16 13:52:54,ACTIVE
159,1715,104,4,2026-01-25 07:41:09,ACTIVE
160,458,295,2,2026-01-16 05:20:59,ACTIVE
161,198,147,2,2025-12-31 22:39:27,ACTIVE
162,629,161,2,2026-01-20 06:45:04,ACTIVE
163,413,241,2,2026-01-11 20:31:00,ACTIVE
164,1134,97,3,2026-01-22 01:55:20,ACTIVE
165,1175,296,1,2026-01-23 03:29:04,ACTIVE
166,533,243,3,2026-01-19 18:31:58,ACTIVE
167,71,201,3,2026-01-18 12:10:38,ACTIVE
168,588,106,2,2026-01-29 22:14:27,ACTIVE
169,1606,97,3,2026-01-03 20:18:10,ACTIVE
170,1026,34,2,2026-01-02 16:55:07,ACTIVE
171,1555,152,3,2026-01-02 09:05:37,ACTIVE
172,1153,190,4,2026-01-17 04:07:17,ACTIVE
173,1317,174,4,2026-01-22 23:23:34,ACTIVE
174,624,202,3,2026-01-07 07:08:11,ACTIVE
175,186,125,4,2026-01-18 21:11:54,ACTIVE
176,626,196,4,2026-01-27 15:49:19,ACTIVE
177,1264,68,3,2026-01-30 06:37:09,ACTIVE
178,1528,223,1,2026-01-02 12:46:28,ACTIVE
179,705,23,2,2026-01-16 17:11:45,ACTIVE
180,480,245,3,2026-01-04 04:37:39,ACTIVE
181,727,32,2,2026-01-08 12:10:29,ACTIVE
182,280,69,2,2026-01-29 02:51:10,ACTIVE
183,886,217,2,2026-01-27 19:11:32,ACTIVE
184,1527,170,1,2026-01-29 23:32:28,ACTIVE
185,781,189,2,2026-01-21 23:48:29,ACTIVE
186,297,93,2,2026-01-25 15:18:43,ACTIVE
187,1164,275,4,2026-01-18 18:35:08,ACTIVE
188,419,165,1,2026-01-12 18:30:46,ACTIVE
189,314,127,1,2026-01-13 17:08:03,ACTIVE
190,1804,42,1,2026-01-16 12:10:23,ACTIVE
191,1345,198,4,2026-01-24 07:16:10,ACTIVE
192,893,155,2,2026-01-29 03:22:14,ACTIVE
193,400,78,1,2026-01-24 10:13:43,ACTIVE
194,1139,166,4,2026-01-11 18:23:50,ACTIVE
195,636,256,3,2026-01-19 20:40:30,ACTIVE
196,473,33,1,2026-01-14 13:57:15,ACTIVE
197,1000,154,3,2026-01-02 21:13:09,ACTIVE
198,595,84,3,2026-01-16 03:28:02,ACTIVE
199,47,215,1,2026-01-18 07:47:03,ACTIVE
200,1723,123,1,2026-01-13 07:34:36,ACTIVE
201,1717,13,1,2026-01-13 12:32:14,ACTIVE
202,813,9,4,2026-01-06 06:48:13,ACTIVE
203,1458,185,3,2026-01-21 07:44:57,ACTIVE
204,211,176,1,2026-01-15 14:24:15,ACTIVE
205,1252,38,2,2026-01-01 09:30:30,ACTIVE
206,970,67,3,2026-01-07 01:11:31,ACTIVE
207,304,265,1,2026-01-14 19:34:29,ACTIVE
208,15,30,1,2026-01-22 20:13:48,ACTIVE
209,1800,92,3,2026-01-21 06:54:51,ACTIVE
210,125,205,4,2026-01-09 20:52:56,ACTIVE
211,77,134,1,2026-01-06 01:14:17,ACTIVE
212,1632,193,3,2026-01-21 18:04:06,ACTIVE
213,1285,113,4,2026-01-08 13:47:00,ACTIVE
214,153,217,4,2026-01-26 03:51:51,ACTIVE
215,1747,34,2,2026-01-23 17:12:53,ACTIVE
216,806,115,3,2026-01-24 19:16:47,ACTIVE
217,1201,183,4,2026-01-21 07:22:42,ACTIVE
218,56,297,1,2026-01-18 19:32:14,ACTIVE
219,590,149,4,2026-01-09 02:08:24,ACTIVE
220,1628,281,2,2026-01-14 14:53:42,ACTIVE
221,579,112,2,2026-01-13 04:52:48,ACTIVE
222,946,285,2,2026-01-05 12:17:22,ACTIVE
223,123,170,4,2026-01-25 03:58:50,ACTIVE
224,1647,277,1,2026-01-10 18:12:21,ACTIVE
225,1836,16,4,2026-01-16 17:00:38,ACTIVE
226,1414,212,1,2026-01-26 18:04:07,ACTIVE
227,885,289,3,2026-01-02 11:54:30,ACTIVE
228,1045,131,3,2026-01-16 12:17:20,ACTIVE
229,891,283,3,2026-01-09 11:31:02,ACTIVE
230,468,57,2,2026-01-10 21:08:54,ACTIVE
231,575,212,1,2026-01-14 22:57:10,ACTIVE
232,333,279,1,2026-01-27 17:09:18,ACTIVE
233,1429,71,1,2026-01-04 10:02:23,ACTIVE
234,915,265,3,2026-01-29 07:36:32,ACTIVE
235,189,97,4,2026-01-10 18:01:58,ACTIVE
236,1346,128,1,2026-01-26 06:34:35,ACTIVE
237,1306,203,3,2026-01-03 21:05:41,ACTIVE
238,1141,125,3,2026-01-23 04:18:50,ACTIVE
239,404,203,1,2026-01-25 16:59:31,ACTIVE
240,1453,178,3,2026-01-23 08:12:10,ACTIVE
241,923,170,4,2026-01-16 20:35:49,ACTIVE
242,547,204,3,2026-01-29 15:17:38,ACTIVE
243,997,214,1,2026-01-04 05:44:09,ACTIVE
244,1118,5,1,2026-01-05 15:13:24,ACTIVE
245,977,257,4,2026-01-03 00:49:58,ACTIVE
246,578,126,3,2026-01-21 01:04:53,ACTIVE
247,1699,251,3,2026-01-12 06:47:56,ACTIVE
248,1123,82,2,2026-01-19 13:36:41,ACTIVE
249,556,87,2,2026-01-16 17:08:24,ACTIVE
250,376,41,4,2026-01-24 13:59:12,ACTIVE
251,879,78,1,2026-01-14 06:03:57,ACTIVE
252,723,160,2,2026-01-12 01:02:09,ACTIVE
253,1427,236,4,2026-01-10 10:26:52,ACTIVE
254,566,156,4,2026-01-08 20:51:19,ACTIVE
255,515,119,1,2026-01-11 16:21:46,ACTIVE
256,695,94,3,2026-01-28 13:50:43,ACTIVE
257,737,231,3,2026-01-05 12:13:39,ACTIVE
258,1542,193,4,2026-01-28 23:19:08,ACTIVE
259,1698,17,3,2026-01-20 14:45:23,ACTIVE
260,303,223,1,2026-01-20 15:01:19,ACTIVE
261,1551,220,3,2026-01-16 11:31:22,ACTIVE
262,1296,244,4,2026-01-27 18:13:59,ACTIVE
263,1611,130,1,2026-01-16 04:04:52,ACTIVE
264,610,170,2,2026-01-24 12:06:04,ACTIVE
265,287,209,3,2026-01-20 12:53:07,ACTIVE
266,165,173,1,2026-01-29 20:20:34,ACTIVE
267,1792,77,4,2026-01-08 14:24:11,ACTIVE
268,748,280,1,2026-01-24 22:34:06,ACTIVE
269,21,8,4,2026-01-22 22:33:52,ACTIVE
270,1630,264,4,2025-12-31 20:13:55,ACTIVE
271,1607,143,4,2026-01-02 16:32:31,ACTIVE
272,1056,253,3,2026-01-21 12:28:34,ACTIVE
273,1729,212,3,2026-01-02 00:56:53,ACTIVE
274,1672,42,1,2026-01-17 12:20:19,ACTIVE
275,1156,206,3,2026-01-29 10:28:16,ACTIVE
276,401,63,1,2026-01-07 07:48:52,ACTIVE
277,281,264,2,2026-01-21 02:31:52,ACTIVE
278,1274,285,1,2026-01-13 21:53:35,ACTIVE
279,301,294,1,2026-01-28 08:54:23,ACTIVE
280,181,94,4,2026-01-05 03:17:07,ACTIVE
281,1830,214,2,2026-01-03 01:54:22,ACTIVE
282,1412,168,3,2026-01-15 09:12:54,ACTIVE
283,1701,48,2,2026-01-10 11:34:48,ACTIVE
284,1137,92,4,2026-01-13 10:02:00,ACTIVE
285,367,187,3,2026-01-15 06:38:24,ACTIVE
286,1516,108,1,2026-01-15 16:47:45,ACTIVE
287,983,122,3,2026-01-09 05:55:49,ACTIVE
288,896,10,3,2026-01-11 14:20:36,ACTIVE
289,1486,279,3,2026-01-08 13:57:00,ACTIVE
290,429,203,3,2026-01-19 08:27:15,ACTIVE
291,718,68,3,2026-01-07 06:41:29,ACTIVE
292,1242,295,3,2026-01-20 07:45:38,ACTIVE
293,690,62,2,2026-01-30 11:29:30,ACTIVE
294,112,214,1,2026-01-07 20:59:46,ACTIVE
295,1806,126,3,2026-01-26 00:36:58,ACTIVE
296,694,80,3,2026-01-21 21:45:54,ACTIVE
297,1460,62,4,2026-01-02 13:06:43,ACTIVE
298,1211,156,2,2026-01-05 14:40:05,ACTIVE
299,863,17,1,2026-01-18 07:15:43,ACTIVE
300,1706,20,2,2026-01-04 21:22:22,ACTIVE
301,1491,269,3,2026-01-26 04:55:59,ACTIVE
302,954,232,1,2026-01-17 19:45:32,ACTIVE
303,1776,141,4,2026-01-04 10:15:44,ACTIVE
304,1575,103,4,2026-01-27 16:09:14,ACTIVE
305,1561,158,4,2026-01-06 01:25:56,ACTIVE
306,600,55,1,2026-01-22 06:57:04,ACTIVE
307,319,133,4,2026-01-23 03:12:43,ACTIVE
308,530,99,2,2026-01-27 18:22:51,ACTIVE
309,1790,214,1,2026-01-24 18:25:19,ACTIVE
310,221,209,2,2026-01-22 12:06:08,ACTIVE
311,889,4,3,2026-01-19 03:31:42,ACTIVE
312,435,262,4,2026-01-18 12:13:16,ACTIVE
313,653,111,2,2026-01-05 00:41:12,ACTIVE
314,1405,15,3,2026-01-25 11:45:26,ACTIVE
315,913,222,3,2026-01-10 17:12:13,ACTIVE
316,589,227,3,2026-01-17 00:15:04,ACTIVE
317,108,139,1,2026-01-06 21:28:25,ACTIVE
318,1051,275,2,2026-01-06 13:47:47,ACTIVE
319,1089,94,2,2026-01-08 13:40:41,ACTIVE
320,65,168,4,2026-01-08 16:55:33,ACTIVE
321,52,192,4,2026-01-27 01:37:54,ACTIVE
322,1475,237,1,2026-01-14 14:37:02,ACTIVE
323,366,22,2,2026-01-22 11:32:34,ACTIVE
324,440,203,1,2026-01-26 06:49:53,ACTIVE
325,1017,11,3,2026-01-30 07:25:31,ACTIVE
326,85,155,3,2026-01-22 21:12:37,ACTIVE
327,1832,72,3,2026-01-13 15:46:48,ACTIVE
328,1022,31,3,2026-01-03 10:38:07,ACTIVE
329,1798,36,4,2026-01-03 15:56:54,ACTIVE
330,1122,284,3,2026-01-22 01:55:52,ACTIVE
331,1452,127,3,2026-01-01 03:58:58,ACTIVE
332,1382,188,1,2026-01-17 15:49:26,ACTIVE
333,1381,104,2,2026-01-09 18:40:12,ACTIVE
334,1102,52,3,2026-01-01 02:33:05,ACTIVE
335,546,159,3,2026-01-26 20:55:45,ACTIVE
336,358,62,3,2026-01-27 15:18:23,ACTIVE
337,1537,117,4,2026-01-25 12:59:09,ACTIVE
338,701,83,3,2026-01-29 19:05:41,ACTIVE
339,1505,257,4,2026-01-30 14:13:33,ACTIVE
340,736,153,2,2026-01-26 17:50:08,ACTIVE
341,1006,188,4,2026-01-17 10:43:51,ACTIVE
342,278,280,4,2026-01-23 03:24:04,ACTIVE
343,1181,19,3,2026-01-18 05:03:19,ACTIVE
344,941,111,3,2026-01-11 12:33:16,ACTIVE
345,875,288,4,2026-01-30 01:09:01,ACTIVE
346,603,38,3,2026-01-16 08:18:43,ACTIVE
347,289,36,2,2026-01-25 12:37:45,ACTIVE
348,1602,51,1,2026-01-18 13:56:58,ACTIVE
349,1819,36,1,2026-01-13 17:46:14,ACTIVE
350,443,95,4,2026-01-24 00:05:37,ACTIVE
351,892,34,4,2026-01-09 03:50:35,ACTIVE
352,804,292,4,2026-01-05 01:35:14,ACTIVE
353,758,211,1,2026-01-24 17:32:30,ACTIVE
354,416,37,4,2026-01-14 06:22:54,ACTIVE
355,692,206,3,2026-01-04 06:39:56,ACTIVE
356,232,22,4,2026-01-05 09:54:01,ACTIVE
357,1658,72,4,2026-01-09 18:41:35,ACTIVE
358,427,86,1,2026-01-03 12:45:52,ACTIVE
359,803,17,3,2026-01-10 13:56:42,ACTIVE
360,739,49,3,2026-01-16 13:38:13,ACTIVE
361,377,150,2,2026-01-19 11:34:30,ACTIVE
362,1517,44,1,2026-01-24 16:10:25,ACTIVE
363,1091,46,3,2026-01-06 16:53:53,ACTIVE
364,184,76,3,2026-01-24 10:00:08,ACTIVE
365,24,144,2,2026-01-27 05:07:40,ACTIVE
366,1639,138,2,2026-01-29 05:16:44,ACTIVE
367,1235,140,2,2026-01-12 06:34:36,ACTIVE
368,68,227,3,2026-01-25 23:36:05,ACTIVE
369,1265,50,2,2026-01-02 18:41:29,ACTIVE
370,652,266,4,2026-01-26 16:26:26,ACTIVE
371,535,72,1,2026-01-20 11:03:38,ACTIVE
372,1233,227,2,2026-01-02 09:17:27,ACTIVE
373,565,16,3,2026-01-19 15:34:21,ACTIVE
374,728,159,2,2026-01-28 08:23:35,ACTIVE
375,456,204,2,2026-01-25 22:14:35,ACTIVE
376,300,49,4,2026-01-11 21:25:26,ACTIVE
377,1812,7,1,2026-01-12 20:35:43,ACTIVE
378,928,265,4,2026-01-02 06:34:17,ACTIVE
379,1052,16,3,2026-01-20 08:39:28,ACTIVE
380,1629,275,4,2026-01-25 14:03:17,ACTIVE
381,256,244,3,2026-01-11 18:41:55,ACTIVE
382,216,169,2,2026-01-17 10:22:45,ACTIVE
383,202,225,1,2026-01-10 04:58:08,ACTIVE
384,987,214,3,2026-01-18 16:43:28,ACTIVE
385,865,282,2,2026-01-10 19:19:26,ACTIVE
386,266,183,4,2026-01-20 17:45:59,ACTIVE
387,1755,158,1,2026-01-24 15:37:24,ACTIVE
388,809,245,1,2026-01-19 15:21:34,ACTIVE
389,8,297,4,2026-01-07 13:05:27,ACTIVE
390,483,136,2,2026-01-14 12:23:26,ACTIVE
391,1839,241,2,2026-01-22 17:08:44,ACTIVE
392,1815,139,4,2026-01-28 20:35:09,ACTIVE
393,1432,183,3,2026-01-05 10:33:56,ACTIVE
394,305,60,2,2026-01-20 12:04:02,ACTIVE
395,1501,3,4,2026-01-07 12:34:24,ACTIVE
396,80,228,2,2026-01-19 02:57:33,ACTIVE
397,1721,239,1,2026-01-06 07:31:54,ACTIVE
398,881,180,4,2026-01-22 16:55:22,ACTIVE
399,1595,277,3,2026-01-18 09:07:24,ACTIVE
400,318,152,3,2026-01-27 18:24:13,ACTIVE
401,683,85,2,2026-01-07 19:59:05,ACTIVE
402,312,181,1,2026-01-09 10:51:30,ACTIVE
403,542,293,1,2026-01-05 08:03:46,ACTIVE
404,1341,150,4,2026-01-27 23:22:36,ACTIVE
405,1270,152,4,2026-01-19 19:16:52,ACTIVE
406,876,47,1,2026-01-20 19:46:25,ACTIVE
407,685,42,2,2026-01-04 22:17:25,ACTIVE
408,1525,213,2,2026-01-04 08:17:48,ACTIVE
409,1213,15,2,2026-01-02 11:45:33,ACTIVE
410,1564,119,3,2026-01-01 21:16:58,ACTIVE
411,1415,291,3,2026-01-24 14:21:52,ACTIVE
412,1301,7,1,2026-01-29 03:41:48,ACTIVE
413,1753,13,1,2026-01-24 04:50:21,ACTIVE
414,110,275,2,2026-01-01 16:01:14,ACTIVE
415,175,45,2,2026-01-07 09:26:36,ACTIVE
416,1418,151,1,2026-01-19 05:35:13,ACTIVE
417,1342,169,1,2026-01-24 14:39:45,ACTIVE
418,1128,251,3,2026-01-16 11:10:36,ACTIVE
419,99,235,3,2026-01-16 21:44:51,ACTIVE
420,699,264,3,2026-01-29 06:42:53,ACTIVE
421,313,22,4,2026-01-20 19:53:54,ACTIVE
422,94,282,1,2026-01-19 05:48:28,ACTIVE
423,1762,80,2,2026-01-02 19:36:08,ACTIVE
424,1322,75,1,2026-01-27 05:29:02,ACTIVE
425,1588,122,1,2026-01-01 03:40:32,ACTIVE
426,162,15,4,2026-01-01 14:41:04,ACTIVE
427,30,282,2,2026-01-12 09:00:01,ACTIVE
428,1778,10,4,2026-01-24 16:04:02,ACTIVE
429,1684,219,2,2026-01-14 22:44:57,ACTIVE
430,1050,79,4,2026-01-04 11:28:31,ACTIVE
431,585,101,3,2026-01-26 13:53:12,ACTIVE
432,1764,77,3,2026-01-02 10:20:07,ACTIVE
433,122,139,4,2026-01-20 14:50:00,ACTIVE
434,1267,44,3,2026-01-16 04:00:00,ACTIVE
435,62,9,3,2026-01-13 21:06:40,ACTIVE
436,762,272,3,2026-01-29 03:50:00,ACTIVE
437,531,202,4,2026-01-28 19:19:29,ACTIVE
438,1040,32,3,2026-01-26 05:07:19,ACTIVE
439,1581,98,3,2026-01-10 11:52:50,ACTIVE
440,390,136,2,2026-01-17 15:41:53,ACTIVE
441,1426,230,2,2026-01-20 10:10:56,ACTIVE
442,1244,63,3,2026-01-30 06:48:24,ACTIVE
443,1511,154,3,2026-01-21 03:40:38,ACTIVE
444,1130,145,4,2026-01-11 02:45:59,ACTIVE
445,988,52,2,2026-01-12 18:27:48,ACTIVE
446,560,251,3,2026-01-23 22:59:12,ACTIVE
447,185,206,1,2026-01-19 17:39:47,ACTIVE
448,1492,295,4,2026-01-10 11:26:17,ACTIVE
449,1057,122,3,2026-01-21 15:24:42,ACTIVE
450,545,155,3,2026-01-27 22:13:01,ACTIVE
451,940,55,1,2026-01-05 17:07:06,ACTIVE
452,697,118,1,2026-01-05 02:27:53,ACTIVE
453,487,258,2,2026-01-01 12:09:56,ACTIVE
454,1761,44,4,2026-01-14 10:35:52,ACTIVE
455,1767,145,2,2026-01-27 11:14:07,ACTIVE
456,1433,256,2,2026-01-26 04:03:54,ACTIVE
457,553,276,3,2026-01-08 06:28:43,ACTIVE
458,1730,20,4,2026-01-13 15:28:18,ACTIVE
459,1190,42,1,2026-01-23 11:49:41,ACTIVE
460,1339,184,2,2026-01-03 14:38:12,ACTIVE
461,831,58,1,2026-01-07 17:18:38,ACTIVE
462,811,210,4,2026-01-30 10:07:16,ACTIVE
463,1198,128,1,2026-01-26 05:11:44,ACTIVE
464,446,288,4,2026-01-27 11:33:11,ACTIVE
465,155,72,2,2026-01-28 07:06:34,ACTIVE
466,434,194,1,2026-01-17 07:20:59,ACTIVE
467,417,234,1,2026-01-11 06:30:05,ACTIVE
468,1115,133,1,2026-01-06 00:39:41,ACTIVE
469,710,290,2,2026-01-15 05:07:49,ACTIVE
470,605,72,3,2026-01-04 20:48:32,ACTIVE
471,587,295,2,2026-01-09 20:01:31,ACTIVE
472,1327,216,1,2026-01-01 22:19:26,ACTIVE
473,1240,297,2,2026-01-25 19:33:46,ACTIVE
474,1646,21,2,2026-01-22 22:57:53,ACTIVE
475,604,74,1,2026-01-21 15:44:39,ACTIVE
476,1262,151,1,2026-01-06 15:40:53,ACTIVE
477,842,12,4,2026-01-01 01:59:40,ACTIVE
478,961,115,3,2026-01-05 02:12:22,ACTIVE
479,97,69,3,2026-01-06 23:16:29,ACTIVE
480,1438,103,1,2026-01-20 08:41:37,ACTIVE
481,639,124,4,2026-01-27 22:22:13,ACTIVE
482,187,202,3,2026-01-11 17:14:32,ACTIVE
483,1367,2,4,2026-01-03 22:39:12,ACTIVE
484,1770,39,4,2026-01-19 10:40:27,ACTIVE
485,1623,276,4,2026-01-14 18:15:12,ACTIVE
486,1504,31,1,2026-01-07 11:13:47,ACTIVE
487,351,239,3,2026-01-08 17:36:26,ACTIVE
488,1142,277,1,2026-01-04 21:51:06,ACTIVE
489,386,289,3,2026-01-17 00:02:50,ACTIVE
490,302,41,2,2026-01-10 08:22:55,ACTIVE
491,126,268,2,2026-01-13 00:30:42,ACTIVE
492,1313,255,4,2026-01-05 12:17:56,ACTIVE
493,506,16,4,2026-01-13 12:05:27,ACTIVE
494,968,179,1,2026-01-08 01:50:13,ACTIVE
495,336,154,2,2026-01-07 23:03:59,ACTIVE
496,378,253,4,2026-01-09 06:37:48,ACTIVE
497,369,191,3,2026-01-11 17:02:43,ACTIVE
498,1176,6,2,2026-01-25 12:32:28,ACTIVE
499,788,184,1,2026-01-08 10:15:35,ACTIVE
500,1413,10,3,2026-01-05 11:30:26,ACTIVE
501,1008,45,2,2026-01-03 08:00:56,ACTIVE
502,1423,217,3,2026-01-01 00:44:29,ACTIVE
503,1055,59,2,2026-01-03 03:07:01,ACTIVE
504,826,245,1,2026-01-02 19:49:11,ACTIVE
505,1652,256,1,2026-01-20 16:47:41,ACTIVE
506,1406,214,3,2026-01-29 13:43:35,ACTIVE
507,464,178,3,2026-01-04 15:59:20,ACTIVE
508,1745,34,3,2026-01-16 23:27:50,ACTIVE
509,1392,184,3,2026-01-12 21:11:07,ACTIVE
510,477,176,4,2026-01-28 16:48:26,ACTIVE
511,1169,150,2,2026-01-29 07:27:17,ACTIVE
512,1165,49,3,2026-01-15 18:05:37,ACTIVE
513,1075,114,4,2026-01-20 04:27:03,ACTIVE
514,973,292,3,2026-01-19 09:13:46,ACTIVE
515,845,219,3,2026-01-03 06:55:50,ACTIVE
516,1291,186,3,2026-01-07 07:10:54,ACTIVE
517,1813,221,1,2026-01-25 16:55:43,ACTIVE
518,1441,188,4,2026-01-18 07:34:15,ACTIVE
519,406,70,1,2026-01-22 00:01:41,ACTIVE
520,76,97,4,2026-01-12 20:34:32,ACTIVE
521,1163,279,1,2026-01-05 16:07:03,ACTIVE
522,334,107,3,2026-01-23 18:14:21,ACTIVE
523,1098,29,4,2026-01-15 16:11:44,ACTIVE
524,1238,64,2,2026-01-26 14:20:20,ACTIVE
525,591,214,1,2026-01-08 15:14:22,ACTIVE
526,273,300,1,2026-01-10 11:25:02,ACTIVE
527,521,21,4,2026-01-25 05:48:41,ACTIVE
528,1461,201,4,2026-01-03 05:39:49,ACTIVE
529,79,152,4,2026-01-27 02:12:49,ACTIVE
530,450,146,3,2026-01-26 06:16:54,ACTIVE
531,715,140,2,2026-01-27 04:11:11,ACTIVE
532,1711,294,3,2026-01-27 09:54:19,ACTIVE
533,481,157,2,2026-01-13 16:34:48,ACTIVE
534,1309,248,3,2026-01-19 17:03:07,ACTIVE
535,1234,257,4,2026-01-04 02:11:03,ACTIVE
536,192,13,2,2026-01-21 13:32:46,ACTIVE
537,1648,108,3,2026-01-07 09:23:32,ACTIVE
538,271,200,1,2026-01-03 17:41:07,ACTIVE
539,1221,57,4,2026-01-09 00:37:21,ACTIVE
540,1347,17,3,2026-01-24 12:00:08,ACTIVE
541,1716,18,2,2026-01-02 01:11:05,ACTIVE
542,794,23,3,2026-01-28 10:03:45,ACTIVE
543,1459,43,2,2026-01-29 17:28:13,ACTIVE
544,1535,161,2,2026-01-25 20:04:25,ACTIVE
545,607,253,4,2026-01-25 22:02:51,ACTIVE
546,1683,51,4,2026-01-14 06:09:50,ACTIVE
547,387,130,4,2026-01-16 23:48:02,ACTIVE
548,932,31,3,2026-01-12 18:36:55,ACTIVE
549,84,158,1,2026-01-08 18:16:13,ACTIVE
550,1610,177,3,2026-01-17 05:41:29,ACTIVE
551,1634,100,3,2026-01-20 23:33:05,ACTIVE
552,1641,76,2,2026-01-20 03:40:14,ACTIVE
553,1560,217,1,2026-01-09 05:01:48,ACTIVE
554,74,240,4,2026-01-28 03:29:01,ACTIVE
555,509,82,1,2026-01-10 09:51:10,ACTIVE
556,6,163,3,2026-01-27 12:38:35,ACTIVE
557,488,239,4,2026-01-06 03:26:53,ACTIVE
558,29,2,1,2026-01-25 22:30:14,ACTIVE
559,1182,290,1,2026-01-09 09:45:35,ACTIVE
560,41,31,1,2026-01-05 03:05:21,ACTIVE
561,713,239,3,2026-01-26 03:07:18,ACTIVE
562,516,140,1,2026-01-17 11:56:30,ACTIVE
563,830,186,1,2026-01-28 18:50:20,ACTIVE
564,580,20,4,2026-01-02 18:49:58,ACTIVE
565,1041,10,3,2026-01-22 08:54:21,ACTIVE
566,999,119,1,2026-01-03 23:31:11,ACTIVE
567,840,194,3,2026-01-06 03:01:12,ACTIVE
568,769,130,2,2026-01-12 12:53:54,ACTIVE
569,720,17,2,2026-01-09 18:10:15,ACTIVE
570,1714,172,2,2026-01-08 01:53:45,ACTIVE
571,564,1,2,2026-01-12 03:56:30,ACTIVE
572,904,284,1,2026-01-21 20:50:39,ACTIVE
573,1126,118,1,2026-01-28 04:35:37,ACTIVE
574,171,167,4,2026-01-10 21:20:31,ACTIVE
575,1579,64,4,2026-01-01 07:39:24,ACTIVE
576,227,234,4,2026-01-07 21:08:31,ACTIVE
577,1278,96,4,2026-01-15 13:14:14,ACTIVE
578,1654,37,1,2026-01-11 01:22:03,ACTIVE
579,311,62,2,2026-01-10 15:18:35,ACTIVE
580,858,295,4,2026-01-03 23:16:16,ACTIVE
581,766,169,1,2026-01-15 11:38:26,ACTIVE
582,680,191,3,2026-01-27 02:15:05,ACTIVE
583,54,192,4,2026-01-03 05:54:41,ACTIVE
584,1445,74,2,2026-01-24 17:10:26,ACTIVE
585,1155,236,2,2026-01-25 03:10:59,ACTIVE
586,1643,183,1,2026-01-19 17:29:59,ACTIVE
587,103,176,1,2026-01-19 16:32:25,ACTIVE
588,525,252,2,2026-01-12 16:59:01,ACTIVE
589,115,290,1,2026-01-01 04:21:17,ACTIVE
590,1724,216,1,2026-01-20 03:48:34,ACTIVE
591,1636,145,4,2026-01-06 23:07:05,ACTIVE
592,1147,217,3,2026-01-19 23:56:28,ACTIVE
593,810,111,4,2026-01-03 00:47:47,ACTIVE
594,322,97,3,2026-01-11 06:21:24,ACTIVE
595,1668,231,4,2026-01-11 10:29:03,ACTIVE
596,1398,112,1,2025-12-31 22:11:43,ACTIVE
597,1311,235,2,2026-01-28 20:40:20,ACTIVE
598,1494,201,1,2026-01-23 09:16:44,ACTIVE
599,857,119,3,2026-01-16 17:40:47,ACTIVE
600,1205,257,2,2026-01-06 02:57:21,ACTIVE
601,1493,177,2,2026-01-04 17:41:48,ACTIVE
602,36,5,2,2026-01-19 11:37:30,ACTIVE
603,1559,35,3,2026-01-03 19:53:53,ACTIVE
604,1227,16,4,2026-01-09 12:01:11,ACTIVE
605,451,73,3,2026-01-11 03:15:25,ACTIVE
606,1268,95,3,2026-01-06 17:34:28,ACTIVE
607,1675,89,4,2026-01-08 18:46:48,ACTIVE
608,1566,129,1,2026-01-21 10:51:20,ACTIVE
609,1743,151,4,2026-01-10 23:05:39,ACTIVE
610,1544,173,4,2026-01-12 01:23:49,ACTIVE
611,53,226,3,2026-01-03 00:43:48,ACTIVE
612,1336,57,4,2026-01-04 06:27:47,ACTIVE
613,1679,98,3,2026-01-08 20:25:26,ACTIVE
614,222,212,3,2026-01-25 21:10:40,ACTIVE
615,92,286,2,2026-01-03 15:55:46,ACTIVE
616,1039,168,2,2026-01-13 04:36:17,ACTIVE
617,528,11,4,2026-01-06 23:59:42,ACTIVE
618,1286,117,1,2026-01-28 16:23:51,ACTIVE
619,1255,117,2,2026-01-01 22:36:59,ACTIVE
620,1751,75,1,2026-01-30 09:31:40,ACTIVE
621,1170,239,4,2026-01-13 14:18:40,ACTIVE
622,1474,177,3,2026-01-08 18:46:27,ACTIVE
623,814,19,2,2026-01-13 00:05:20,ACTIVE
624,1685,95,1,2026-01-24 02:21:30,ACTIVE
625,1196,65,1,2026-01-05 01:32:47,ACTIVE
626,791,55,2,2026-01-27 14:30:49,ACTIVE
627,1172,263,4,2026-01-23 08:54:30,ACTIVE
628,1113,260,4,2026-01-04 23:34:17,ACTIVE
629,1601,43,2,2026-01-26 16:03:28,ACTIVE
630,890,254,2,2026-01-26 02:10:48,ACTIVE
631,290,241,3,2026-01-05 22:57:38,ACTIVE
632,1356,144,4,2026-01-17 01:19:28,ACTIVE
633,1012,33,3,2026-01-17 10:10:56,ACTIVE
634,619,209,2,2026-01-28 06:47:37,ACTIVE
635,562,200,3,2026-01-15 23:33:54,ACTIVE
636,206,291,2,2026-01-24 06:48:49,ACTIVE
637,111,176,4,2026-01-22 21:35:11,ACTIVE
638,1846,60,4,2026-01-17 16:08:27,ACTIVE
639,237,48,4,2026-01-01 01:08:25,ACTIVE
640,1256,195,1,2026-01-27 15:36:14,ACTIVE
641,86,102,1,2026-01-15 23:00:16,ACTIVE
642,1149,257,1,2026-01-10 01:57:38,ACTIVE
643,360,108,3,2026-01-14 08:04:14,ACTIVE
644,1297,41,2,2026-01-27 18:41:04,ACTIVE
645,1617,33,1,2026-01-23 07:41:16,ACTIVE
646,1404,187,4,2026-01-05 22:53:34,ACTIVE
647,906,42,4,2026-01-12 06:32:36,ACTIVE
648,1583,179,3,2026-01-02 22:27:29,ACTIVE
649,1485,288,1,2026-01-24 09:19:32,ACTIVE
650,495,76,2,2026-01-12 02:57:45,ACTIVE
651,1731,8,1,2026-01-27 20:12:13,ACTIVE
652,981,23,3,2026-01-11 23:40:13,ACTIVE
653,1719,266,4,2026-01-21 08:20:56,ACTIVE
654,975,133,2,2026-01-11 18:05:40,ACTIVE
655,618,67,1,2026-01-07 03:32:14,ACTIVE
656,1393,240,3,2026-01-23 18:07:55,ACTIVE
657,668,106,4,2026-01-25 20:26:06,ACTIVE
658,75,57,4,2026-01-16 13:54:04,ACTIVE
659,1521,61,2,2026-01-11 04:48:37,ACTIVE
660,1094,59,4,2026-01-28 03:38:19,ACTIVE
661,124,6,3,2026-01-07 13:19:22,ACTIVE
662,561,280,2,2026-01-07 09:09:32,ACTIVE
663,1272,131,2,2026-01-10 21:40:19,ACTIVE
664,229,176,1,2026-01-20 20:31:05,ACTIVE
665,1179,65,1,2026-01-07 05:55:03,ACTIVE
666,1044,270,4,2026-01-05 17:18:14,ACTIVE
667,425,202,1,2026-01-12 17:32:45,ACTIVE
668,415,25,4,2026-01-08 21:28:18,ACTIVE
669,43,232,4,2026-01-18 09:53:08,ACTIVE
670,1077,146,1,2026-01-20 18:06:37,ACTIVE
671,220,126,2,2026-01-24 22:37:00,ACTIVE
672,482,12,3,2026-01-13 02:48:36,ACTIVE
673,1464,146,2,2026-01-08 13:07:36,ACTIVE
674,1010,25,3,2026-01-15 02:57:37,ACTIVE
675,1016,120,2,2026-01-14 13:36:05,ACTIVE
676,1086,168,3,2026-01-20 10:57:23,ACTIVE
677,166,43,3,2026-01-23 11:57:42,ACTIVE
678,924,58,4,2026-01-13 15:00:16,ACTIVE
679,1650,147,1,2026-01-26 17:35:58,ACTIVE
680,1756,58,3,2026-01-14 15:48:06,ACTIVE
681,1218,16,1,2026-01-03 16:32:24,ACTIVE
682,731,227,4,2026-01-26 15:28:51,ACTIVE
683,1713,81,1,2026-01-04 15:15:52,ACTIVE
684,1558,41,2,2026-01-24 14:05:36,ACTIVE
685,1471,2,2,2026-01-15 14:01:31,ACTIVE
686,1257,146,1,2026-01-16 05:39:24,ACTIVE
687,1585,153,2,2026-01-21 17:13:50,ACTIVE
688,746,110,1,2026-01-13 00:56:43,ACTIVE
689,431,149,1,2026-01-15 04:29:33,ACTIVE
690,597,80,2,2026-01-18 20:04:39,ACTIVE
691,176,11,4,2026-01-26 17:16:18,ACTIVE
692,1444,161,2,2026-01-12 00:44:31,ACTIVE
693,87,24,4,2026-01-27 01:03:58,ACTIVE
694,1515,97,2,2026-01-28 13:38:19,ACTIVE
695,388,74,2,2026-01-20 09:41:45,ACTIVE
696,169,250,3,2026-01-24 19:04:05,ACTIVE
697,884,235,2,2026-01-24 02:17:43,ACTIVE
698,598,139,1,2026-01-24 15:52:51,ACTIVE
699,344,127,3,2026-01-13 00:53:15,ACTIVE
700,824,36,1,2026-01-15 21:44:46,ACTIVE
701,776,243,4,2026-01-28 17:13:48,ACTIVE
702,1193,30,3,2026-01-23 11:10:31,ACTIVE
703,1305,47,3,2026-01-15 15:45:06,ACTIVE
704,472,242,1,2026-01-29 03:08:38,ACTIVE
705,649,212,4,2026-01-02 17:58:15,ACTIVE
706,902,56,4,2026-01-06 10:44:17,ACTIVE
707,147,179,4,2026-01-07 22:39:20,ACTIVE
708,873,227,3,2026-01-23 15:00:19,ACTIVE
709,634,184,3,2026-01-09 02:25:36,ACTIVE
710,121,45,4,2026-01-25 08:43:18,ACTIVE
711,1189,254,4,2026-01-18 15:59:01,ACTIVE
712,1334,217,4,2026-01-20 21:00:28,ACTIVE
713,944,181,2,2026-01-04 22:36:21,ACTIVE
714,911,88,2,2026-01-09 12:03:54,ACTIVE
715,787,222,1,2026-01-15 12:30:20,ACTIVE
716,916,193,4,2026-01-24 13:36:17,ACTIVE
717,716,64,1,2026-01-07 02:56:46,ACTIVE
718,1036,118,1,2026-01-25 18:33:54,ACTIVE
719,161,187,3,2026-01-30 10:15:05,ACTIVE
720,1436,210,1,2026-01-05 08:04:46,ACTIVE
721,1360,97,1,2026-01-24 17:06:21,ACTIVE
722,154,264,2,2026-01-01 22:08:47,ACTIVE
723,1760,265,2,2026-01-09 09:08:00,ACTIVE
724,35,33,1,2026-01-04 16:17:58,ACTIVE
725,1722,87,2,2026-01-25 09:48:38,ACTIVE
726,1609,86,2,2026-01-09 03:18:48,ACTIVE
727,602,26,4,2026-01-19 19:10:29,ACTIVE
728,1689,6,4,2026-01-14 07:21:14,ACTIVE
729,657,295,4,2026-01-03 18:39:02,ACTIVE
730,1245,194,1,2026-01-18 12:39:59,ACTIVE
731,1455,90,1,2026-01-19 20:12:53,ACTIVE
732,963,252,1,2026-01-22 05:38:29,ACTIVE
733,1687,204,4,2026-01-23 16:57:09,ACTIVE
734,375,243,1,2026-01-10 12:26:31,ACTIVE
735,188,137,2,2026-01-30 09:41:30,ACTIVE
736,1395,94,4,2026-01-12 05:31:08,ACTIVE
737,592,165,2,2026-01-24 15:49:43,ACTIVE
738,1145,65,3,2026-01-01 21:18:44,ACTIVE
739,448,101,4,2026-01-01 16:31:43,ACTIVE
740,1540,97,1,2026-01-26 08:24:50,ACTIVE
741,1239,206,4,2026-01-13 04:52:04,ACTIVE
742,491,282,3,2026-01-08 07:38:54,ACTIVE
743,1212,95,2,2026-01-18 10:15:36,ACTIVE
744,907,280,2,2026-01-29 03:14:39,ACTIVE
745,1159,2,4,2026-01-19 03:14:11,ACTIVE
746,933,33,4,2026-01-04 04:19:39,ACTIVE
747,757,215,1,2026-01-19 07:47:47,ACTIVE
748,306,247,4,2026-01-01 11:03:30,ACTIVE
749,1503,201,1,2026-01-23 06:11:15,ACTIVE
750,1027,214,3,2026-01-06 09:29:27,ACTIVE
751,783,204,2,2026-01-19 21:11:52,ACTIVE
752,773,177,4,2026-01-30 05:53:30,ACTIVE
753,1570,167,2,2026-01-27 01:10:40,ACTIVE
754,345,243,4,2026-01-07 19:48:05,ACTIVE
755,436,4,2,2026-01-09 10:17:17,ACTIVE
756,1030,74,2,2026-01-17 19:01:46,ACTIVE
757,308,42,2,2026-01-15 12:20:20,ACTIVE
758,420,65,4,2026-01-27 08:09:02,ACTIVE
759,1482,211,4,2026-01-02 19:35:56,ACTIVE
760,1208,2,4,2026-01-04 20:21:17,ACTIVE
761,1173,148,1,2026-01-20 16:03:14,ACTIVE
762,63,51,1,2026-01-08 07:57:25,ACTIVE
763,1827,5,1,2026-01-26 13:19:42,ACTIVE
764,917,205,1,2026-01-29 03:20:22,ACTIVE
765,711,114,4,2026-01-18 12:50:14,ACTIVE
766,183,195,3,2026-01-12 21:26:21,ACTIVE
767,260,131,2,2026-01-10 22:57:00,ACTIVE
768,1785,241,3,2026-01-27 10:52:58,ACTIVE
769,749,13,1,2026-01-10 23:43:06,ACTIVE
770,118,61,2,2026-01-04 20:35:07,ACTIVE
771,272,73,1,2026-01-08 08:37:37,ACTIVE
772,223,258,4,2026-01-26 16:15:24,ACTIVE
773,283,217,1,2026-01-29 22:29:43,ACTIVE
774,1088,267,4,2026-01-23 23:09:20,ACTIVE
775,772,283,2,2026-01-27 00:15:08,ACTIVE
776,548,209,4,2026-01-02 02:09:12,ACTIVE
777,231,75,1,2026-01-18 12:00:09,ACTIVE
778,1424,32,3,2026-01-09 02:53:22,ACTIVE
779,1454,242,4,2026-01-20 14:53:04,ACTIVE
780,1195,178,3,2026-01-29 18:33:13,ACTIVE
781,212,164,1,2026-01-11 17:41:16,ACTIVE
782,328,145,2,2026-01-28 20:51:01,ACTIVE
783,1791,167,2,2026-01-09 15:00:59,ACTIVE
784,1534,180,2,2026-01-05 04:56:03,ACTIVE
785,962,228,3,2026-01-24 22:37:13,ACTIVE
786,1434,244,2,2026-01-20 20:30:05,ACTIVE
787,1331,177,4,2026-01-25 12:46:51,ACTIVE
788,1379,189,1,2026-01-26 04:47:31,ACTIVE
789,953,46,4,2026-01-09 18:08:12,ACTIVE
790,740,28,3,2026-01-27 11:06:07,ACTIVE
791,263,18,2,2026-01-24 02:58:38,ACTIVE
792,1671,281,3,2026-01-06 05:42:03,ACTIVE
793,615,149,1,2026-01-03 02:11:03,ACTIVE
794,144,37,3,2026-01-02 18:55:30,ACTIVE
795,106,96,4,2026-01-02 17:52:17,ACTIVE
796,681,233,1,2026-01-30 19:09:17,ACTIVE
797,285,235,1,2026-01-07 01:40:17,ACTIVE
798,120,80,4,2026-01-13 16:29:43,ACTIVE
799,866,292,3,2026-01-12 15:39:00,ACTIVE
800,664,8,3,2026-01-25 09:34:20,ACTIVE
801,601,75,4,2026-01-05 18:39:30,ACTIVE
802,647,152,3,2026-01-11 11:33:02,ACTIVE
803,497,57,3,2026-01-25 00:09:52,ACTIVE
804,1351,7,3,2026-01-03 21:53:47,ACTIVE
805,1046,97,1,2026-01-07 15:00:06,ACTIVE
806,1674,288,3,2026-01-28 09:00:12,ACTIVE
807,1191,84,3,2026-01-13 03:19:18,ACTIVE
808,452,1,1,2026-01-01 06:03:47,ACTIVE
809,1167,209,1,2026-01-12 00:51:07,ACTIVE
810,1042,244,1,2026-01-09 22:03:15,ACTIVE
811,1468,67,3,2026-01-18 14:35:58,ACTIVE
812,665,296,1,2026-01-05 22:29:00,ACTIVE
813,577,192,2,2026-01-11 00:11:28,ACTIVE
814,1848,21,1,2026-01-21 01:10:15,ACTIVE
815,550,257,4,2026-01-12 05:35:01,ACTIVE
816,1728,106,4,2026-01-09 16:02:52,ACTIVE
817,1439,90,2,2026-01-22 00:18:56,ACTIVE
818,1676,174,1,2026-01-03 19:55:33,ACTIVE
819,1838,251,4,2026-01-22 11:34:50,ACTIVE
820,807,124,3,2026-01-02 02:00:08,ACTIVE
821,384,248,2,2026-01-19 20:42:39,ACTIVE
822,1692,59,2,2026-01-02 07:58:29,ACTIVE
823,1076,180,2,2026-01-23 03:19:13,ACTIVE
824,700,44,2,2026-01-14 17:48:12,ACTIVE
825,399,127,2,2026-01-10 01:10:28,ACTIVE
826,852,152,3,2026-01-13 19:50:29,ACTIVE
827,1143,132,4,2026-01-17 23:36:56,ACTIVE
828,1831,105,3,2026-01-02 14:14:15,ACTIVE
829,1539,272,2,2026-01-16 11:53:45,ACTIVE
830,1174,9,4,2026-01-06 02:14:01,ACTIVE
831,620,65,1,2026-01-23 01:11:18,ACTIVE
832,518,88,2,2026-01-14 15:21:12,ACTIVE
833,1512,55,1,2026-01-28 07:27:49,ACTIVE
834,549,108,1,2026-01-13 09:33:01,ACTIVE
835,268,218,1,2026-01-08 16:46:48,ACTIVE
836,1680,259,4,2026-01-03 04:27:46,ACTIVE
837,1092,58,2,2026-01-12 23:33:08,ACTIVE
838,214,153,2,2026-01-10 19:26:38,ACTIVE
839,1541,140,2,2026-01-07 04:45:33,ACTIVE
840,1845,297,4,2026-01-23 19:24:48,ACTIVE
841,1369,261,4,2026-01-07 07:16:45,ACTIVE
842,397,45,3,2026-01-24 17:26:20,ACTIVE
843,1659,217,2,2026-01-08 04:27:44,ACTIVE
844,1490,56,4,2026-01-24 01:17:43,ACTIVE
845,836,264,2,2026-01-11 18:31:29,ACTIVE
846,1114,186,2,2026-01-17 01:45:28,ACTIVE
847,20,269,1,2026-01-20 01:24:48,ACTIVE
848,1519,63,1,2026-01-16 06:36:00,ACTIVE
849,486,280,2,2026-01-08 00:05:44,ACTIVE
850,330,16,3,2026-01-03 16:31:37,ACTIVE
851,1419,75,3,2026-01-02 00:38:35,ACTIVE
852,1476,259,3,2026-01-22 06:12:16,ACTIVE
853,1462,144,4,2026-01-05 13:07:14,ACTIVE
854,1069,108,2,2026-01-25 06:34:10,ACTIVE
855,1818,209,3,2026-01-14 00:55:42,ACTIVE
856,137,135,1,2026-01-09 17:26:39,ACTIVE
857,1250,170,4,2026-01-01 05:14:26,ACTIVE
858,957,75,1,2026-01-14 17:12:44,ACTIVE
859,745,141,3,2026-01-07 05:57:36,ACTIVE
860,1162,118,4,2026-01-20 09:46:10,ACTIVE
861,996,279,1,2026-01-03 14:12:49,ACTIVE
862,265,269,1,2026-01-12 17:23:28,ACTIVE
863,405,18,2,2026-01-18 05:28:38,ACTIVE
864,379,34,4,2026-01-13 22:58:21,ACTIVE
865,1105,225,2,2026-01-07 19:02:45,ACTIVE
866,292,253,4,2026-01-16 15:33:09,ACTIVE
867,168,239,4,2026-01-30 01:59:50,ACTIVE
868,1383,72,4,2026-01-06 02:36:01,ACTIVE
869,1546,136,1,2026-01-15 23:30:55,ACTIVE
870,1273,151,3,2026-01-26 04:35:56,ACTIVE
871,1707,6,1,2026-01-09 09:02:26,ACTIVE
872,238,261,1,2026-01-29 07:42:50,ACTIVE
873,1802,73,1,2026-01-08 03:23:03,ACTIVE
874,1496,92,1,2026-01-22 23:02:42,ACTIVE
875,1396,275,2,2026-01-26 12:03:40,ACTIVE
876,883,240,3,2026-01-19 19:21:22,ACTIVE
877,765,57,4,2026-01-28 07:39:39,ACTIVE
878,942,247,4,2026-01-27 23:09:00,ACTIVE
879,1299,92,4,2026-01-10 07:09:21,ACTIVE
880,1093,285,3,2026-01-10 03:52:11,ACTIVE
881,733,164,1,2026-01-30 14:44:00,ACTIVE
882,1502,88,2,2026-01-05 00:26:53,ACTIVE
883,382,171,1,2026-01-18 02:58:17,ACTIVE
884,825,44,3,2026-01-12 17:38:43,ACTIVE
885,335,49,4,2026-01-10 14:30:58,ACTIVE
886,1835,299,3,2026-01-13 13:31:54,ACTIVE
887,838,259,3,2026-01-21 22:46:35,ACTIVE
888,555,199,2,2026-01-09 09:09:15,ACTIVE
889,1073,212,4,2025-12-31 22:57:31,ACTIVE
890,805,249,3,2026-01-22 06:04:06,ACTIVE
891,554,25,2,2026-01-22 20:17:22,ACTIVE
892,1777,84,3,2026-01-03 09:02:52,ACTIVE
893,1388,186,1,2026-01-29 00:29:54,ACTIVE
894,191,67,3,2026-01-08 08:51:06,ACTIVE
895,815,55,3,2026-01-03 00:29:15,ACTIVE
896,833,193,2,2026-01-27 02:15:20,ACTIVE
897,1178,247,4,2026-01-11 18:11:03,ACTIVE
898,295,7,2,2026-01-30 07:57:08,ACTIVE
899,228,285,3,2026-01-22 08:13:04,ACTIVE
900,135,85,3,2026-01-21 20:48:00,ACTIVE
901,1573,47,1,2026-01-19 09:18:55,ACTIVE
902,1047,270,2,2026-01-05 22:21:40,ACTIVE
903,1821,30,4,2026-01-02 03:59:01,ACTIVE
904,1210,296,2,2026-01-05 09:40:53,ACTIVE
905,882,68,2,2026-01-28 06:27:00,ACTIVE
906,834,144,3,2026-01-15 16:11:28,ACTIVE
907,508,13,4,2026-01-06 13:25:33,ACTIVE
908,662,104,1,2026-01-15 13:45:29,ACTIVE
909,1718,278,1,2026-01-03 20:16:31,ACTIVE
910,1222,262,3,2026-01-01 14:18:08,ACTIVE
911,1031,218,1,2026-01-15 16:45:51,ACTIVE
912,471,257,1,2026-01-01 15:07:04,ACTIVE
913,1833,143,1,2026-01-24 21:08:06,ACTIVE
914,1033,197,2,2026-01-21 02:32:49,ACTIVE
915,255,8,3,2026-01-01 16:40:57,ACTIVE
916,1811,32,3,2025-12-31 23:01:13,ACTIVE
917,1125,216,4,2026-01-05 20:38:54,ACTIVE
918,465,79,2,2026-01-23 20:54:58,ACTIVE
919,1304,17,3,2026-01-20 05:31:44,ACTIVE
920,1377,192,4,2026-01-20 08:31:33,ACTIVE
921,66,221,3,2026-01-15 08:25:43,ACTIVE
922,1400,97,1,2026-01-02 18:52:38,ACTIVE
923,479,216,2,2026-01-20 13:36:23,ACTIVE
924,640,256,2,2026-01-24 08:18:42,ACTIVE
925,160,4,4,2026-01-03 04:59:42,ACTIVE
926,89,45,3,2026-01-08 02:54:39,ACTIVE
927,284,25,2,2026-01-13 07:32:40,ACTIVE
928,512,291,4,2026-01-01 00:54:01,ACTIVE
929,1104,42,2,2026-01-09 02:10:01,ACTIVE
930,1556,128,3,2026-01-21 14:27:56,ACTIVE
931,779,144,3,2026-01-02 07:05:20,ACTIVE
932,1085,242,1,2026-01-11 16:16:07,ACTIVE
933,442,21,3,2026-01-18 15:37:39,ACTIVE
934,57,294,1,2026-01-21 18:41:32,ACTIVE
935,1243,266,2,2026-01-15 04:31:10,ACTIVE
936,239,92,3,2026-01-08 05:53:35,ACTIVE
937,288,222,4,2026-01-19 11:10:14,ACTIVE
938,1584,122,2,2026-01-09 07:51:43,ACTIVE
939,738,178,1,2026-01-05 10:19:03,ACTIVE
940,1744,285,2,2026-01-10 10:35:32,ACTIVE
941,1592,189,2,2026-01-11 07:17:01,ACTIVE
942,1375,271,1,2026-01-22 07:36:29,ACTIVE
943,817,267,2,2026-01-27 00:25:02,ACTIVE
944,949,255,1,2026-01-13 07:42:45,ACTIVE
945,1308,234,4,2026-01-15 16:53:48,ACTIVE
946,505,95,2,2026-01-01 16:57:05,ACTIVE
947,1469,266,1,2026-01-14 05:12:12,ACTIVE
948,321,42,4,2026-01-19 06:03:38,ACTIVE
949,324,290,1,2026-01-03 02:24:23,ACTIVE
950,684,58,3,2026-01-21 03:48:25,ACTIVE
951,1337,63,2,2026-01-26 21:34:13,ACTIVE
952,18,289,2,2026-01-01 07:55:54,ACTIVE
953,614,83,4,2026-01-05 17:56:20,ACTIVE
954,139,207,1,2026-01-29 20:32:26,ACTIVE
955,848,218,4,2026-01-30 04:57:21,ACTIVE
956,1207,186,1,2026-01-20 01:02:51,ACTIVE
957,143,105,4,2026-01-14 11:51:47,ACTIVE
958,594,266,1,2026-01-25 22:00:36,ACTIVE
959,424,207,1,2026-01-28 23:09:16,ACTIVE
960,381,174,2,2026-01-19 09:49:06,ACTIVE
961,1437,17,3,2026-01-03 17:00:12,ACTIVE
962,927,133,3,2026-01-15 12:40:05,ACTIVE
963,1656,202,1,2026-01-10 02:23:43,ACTIVE
964,408,19,1,2026-01-20 15:02:22,ACTIVE
965,1771,282,3,2026-01-03 10:03:00,ACTIVE
966,1809,122,3,2026-01-08 15:39:03,ACTIVE
967,1704,58,3,2026-01-12 19:03:25,ACTIVE
968,1479,161,3,2026-01-19 07:32:06,ACTIVE
969,250,83,2,2026-01-10 19:56:35,ACTIVE
970,1225,103,4,2026-01-25 20:10:41,ACTIVE
971,918,118,1,2026-01-30 01:20:00,ACTIVE
972,64,174,2,2026-01-29 03:10:37,ACTIVE
973,1200,172,2,2026-01-30 09:08:21,ACTIVE
974,1109,149,2,2026-01-19 14:12:16,ACTIVE
975,1298,172,3,2026-01-26 18:18:27,ACTIVE
976,777,59,1,2026-01-11 20:22:16,ACTIVE
977,1826,67,1,2026-01-28 04:47:27,ACTIVE
978,898,29,3,2026-01-27 20:41:51,ACTIVE
979,102,100,4,2026-01-05 15:36:36,ACTIVE
980,1784,296,2,2026-01-19 19:25:50,ACTIVE
981,315,41,1,2026-01-02 00:12:17,ACTIVE
982,1014,191,4,2026-01-22 10:43:32,ACTIVE
983,1498,36,3,2026-01-05 22:21:45,ACTIVE
984,796,213,2,2026-01-20 16:53:45,ACTIVE
985,2,226,2,2026-01-16 20:52:56,ACTIVE
986,72,108,3,2026-01-12 18:44:54,ACTIVE
987,177,278,3,2026-01-11 01:30:39,ACTIVE
988,1841,192,2,2026-01-09 16:58:04,ACTIVE
989,1567,16,2,2026-01-01 03:24:31,ACTIVE
990,1598,46,3,2026-01-27 20:54:28,ACTIVE
991,1263,293,1,2026-01-19 08:02:09,ACTIVE
992,1373,284,1,2026-01-01 01:52:29,ACTIVE
993,1509,157,1,2026-01-07 03:45:14,ACTIVE
994,346,110,4,2026-01-02 03:00:26,ACTIVE
995,841,94,3,2026-01-19 15:30:09,ACTIVE
996,1451,114,2,2026-01-03 21:37:46,ACTIVE
997,1394,70,4,2026-01-16 04:50:44,ACTIVE
998,1281,94,2,2026-01-04 21:46:41,ACTIVE
999,1150,179,2,2026-01-28 06:11:41,ACTIVE
1000,1772,132,1,2026-01-13 12:34:45,ACTIVE
1001,696,293,1,2026-01-19 23:54:04,ACTIVE
1002,1782,70,1,2026-01-13 13:06:18,ACTIVE
1003,459,40,4,2026-01-06 22:24:39,ACTIVE
1004,938,158,3,2026-01-18 11:20:13,ACTIVE
1005,1063,224,3,2026-01-14 18:23:34,ACTIVE
1006,627,78,4,2026-01-18 04:56:49,ACTIVE
1007,444,186,1,2026-01-20 22:24:59,ACTIVE
1008,1842,293,4,2026-01-09 04:31:37,ACTIVE
1009,1702,10,2,2026-01-06 19:57:02,ACTIVE
1010,1531,196,1,2026-01-21 04:20:40,ACTIVE
1011,274,71,2,2026-01-10 03:42:16,ACTIVE
1012,1023,43,4,2026-01-19 13:33:59,ACTIVE
1013,1754,124,4,2026-01-04 20:30:46,ACTIVE
1014,320,163,3,2026-01-18 17:06:38,ACTIVE
1015,1840,277,3,2026-01-02 02:46:50,ACTIVE
1016,426,235,3,2026-01-11 04:54:40,ACTIVE
1017,412,245,2,2026-01-24 13:08:17,ACTIVE
1018,1571,70,4,2026-01-02 23:06:03,ACTIVE
1019,1194,111,4,2026-01-08 21:04:17,ACTIVE
1020,741,237,2,2026-01-14 11:55:42,ACTIVE
1021,651,152,4,2026-01-24 18:16:31,ACTIVE
1022,1758,63,1,2026-01-15 14:12:46,ACTIVE
1023,1428,101,4,2026-01-14 09:59:36,ACTIVE
1024,46,13,1,2026-01-19 14:52:31,ACTIVE
1025,851,18,3,2026-01-15 11:26:06,ACTIVE
1026,1681,183,3,2026-01-08 00:44:45,ACTIVE
1027,1219,294,4,2026-01-02 04:07:06,ACTIVE
1028,1246,112,4,2026-01-20 20:14:32,ACTIVE
1029,1386,97,2,2026-01-11 06:40:43,ACTIVE
1030,687,293,1,2026-01-09 00:16:27,ACTIVE
1031,631,28,2,2026-01-21 18:20:40,ACTIVE
1032,355,254,1,2026-01-13 15:20:08,ACTIVE
1033,1407,88,1,2026-01-19 02:32:28,ACTIVE
1034,1748,194,1,2026-01-21 12:32:53,ACTIVE
1035,277,279,4,2026-01-01 05:36:49,ACTIVE
1036,348,108,2,2026-01-08 23:52:49,ACTIVE
1037,984,154,2,2026-01-12 20:00:34,ACTIVE
1038,1064,299,4,2026-01-05 10:57:09,ACTIVE
1039,1215,261,1,2026-01-01 21:43:25,ACTIVE
1040,868,186,4,2026-01-03 04:05:00,ACTIVE
1041,965,12,1,2026-01-10 02:27:32,ACTIVE
1042,332,224,3,2026-01-14 00:34:23,ACTIVE
1043,1712,294,3,2026-01-01 19:33:09,ACTIVE
1044,1500,21,4,2026-01-14 19:50:13,ACTIVE
1045,1232,295,2,2026-01-16 09:17:16,ACTIVE
1046,484,144,1,2026-01-06 15:52:51,ACTIVE
1047,1358,224,3,2026-01-10 01:21:11,ACTIVE
1048,569,188,2,2026-01-04 10:46:09,ACTIVE
1049,507,59,2,2026-01-08 02:24:54,ACTIVE
1050,1673,240,2,2026-01-08 16:59:25,ACTIVE
1051,1276,141,4,2026-01-09 03:35:25,ACTIVE
1052,596,201,2,2026-01-11 05:00:31,ACTIVE
1053,233,42,4,2026-01-02 01:03:20,ACTIVE
1054,1082,260,2,2026-01-24 01:47:29,ACTIVE
1055,500,16,3,2026-01-30 04:48:27,ACTIVE
1056,1152,259,1,2026-01-30 04:41:30,ACTIVE
1057,13,188,1,2026-01-03 09:39:04,ACTIVE
1058,1226,276,4,2026-01-09 19:25:48,ACTIVE
1059,1810,183,1,2026-01-28 06:24:35,ACTIVE
1060,91,255,4,2026-01-06 16:01:45,ACTIVE
1061,642,89,2,2026-01-17 22:35:24,ACTIVE
1062,1359,49,4,2026-01-23 01:55:52,ACTIVE
1063,770,120,2,2026-01-16 09:37:21,ACTIVE
1064,1605,192,4,2026-01-19 17:16:50,ACTIVE
1065,433,53,1,2026-01-26 05:41:42,ACTIVE
1066,540,269,4,2026-01-17 07:52:03,ACTIVE
1067,1828,110,1,2026-01-14 07:03:50,ACTIVE
1068,293,39,3,2026-01-29 00:28:15,ACTIVE
1069,1450,111,3,2026-01-23 22:27:47,ACTIVE
1070,1449,170,2,2026-01-23 04:42:51,ACTIVE
1071,543,15,3,2026-01-03 18:44:30,ACTIVE
1072,869,11,4,2026-01-01 14:51:28,ACTIVE
1073,532,8,4,2026-01-15 15:46:39,ACTIVE
1074,1691,283,4,2026-01-15 11:42:19,ACTIVE
1075,1524,174,1,2026-01-11 22:37:53,ACTIVE
1076,1705,63,2,2026-01-21 09:39:47,ACTIVE
1077,1780,57,3,2026-01-19 23:35:26,ACTIVE
1078,837,223,4,2026-01-09 08:31:16,ACTIVE
1079,1522,218,3,2026-01-28 18:06:26,ACTIVE
1080,897,188,2,2026-01-09 06:40:06,ACTIVE
1081,152,108,4,2026-01-04 22:34:03,ACTIVE
1082,719,276,3,2026-01-22 10:44:20,ACTIVE
1083,536,88,4,2026-01-18 20:47:20,ACTIVE
1084,475,76,3,2026-01-23 06:25:43,ACTIVE
1085,1599,136,3,2026-01-20 20:47:56,ACTIVE
1086,462,11,4,2026-01-08 14:52:05,ACTIVE
1087,461,11,4,2026-01-05 17:54:04,ACTIVE
1088,499,109,3,2026-01-04 05:31:41,ACTIVE
1089,340,23,2,2026-01-18 12:41:46,ACTIVE
1090,593,259,1,2026-01-30 01:30:11,ACTIVE
1091,1007,266,2,2026-01-14 08:46:05,ACTIVE
1092,498,279,3,2026-01-14 12:59:26,ACTIVE
1093,661,188,4,2026-01-01 06:48:17,ACTIVE
1094,1321,225,4,2026-01-21 00:57:34,ACTIVE
1095,1340,120,2,2026-01-29 14:29:42,ACTIVE
1096,392,2,1,2026-01-28 06:35:00,ACTIVE
1097,1417,158,4,2026-01-21 03:45:33,ACTIVE
1098,1766,286,1,2026-01-10 11:03:59,ACTIVE
1099,994,180,1,2026-01-23 17:20:49,ACTIVE
1100,1435,228,2,2026-01-14 21:23:28,ACTIVE
1101,1357,121,4,2026-01-25 20:43:52,ACTIVE
1102,1184,223,1,2026-01-08 16:30:15,ACTIVE
1103,1186,160,2,2026-01-18 06:20:59,ACTIVE
1104,519,126,1,2026-01-26 00:21:05,ACTIVE
1105,846,191,1,2026-01-24 09:27:52,ACTIVE
1106,432,288,1,2026-01-22 20:34:51,ACTIVE
1107,673,271,3,2026-01-07 02:49:20,ACTIVE
1108,931,158,2,2026-01-27 21:05:07,ACTIVE
1109,656,52,3,2026-01-08 23:46:21,ACTIVE
1110,625,249,4,2026-01-07 04:30:00,ACTIVE
1111,254,296,2,2026-01-21 05:44:10,ACTIVE
1112,1292,154,1,2026-01-25 01:46:08,ACTIVE
1113,1203,30,2,2026-01-14 16:36:46,ACTIVE
1114,96,38,3,2026-01-16 05:10:17,ACTIVE
1115,818,140,1,2026-01-25 07:01:33,ACTIVE
1116,396,267,1,2026-01-28 06:26:02,ACTIVE
1117,1613,296,1,2026-01-16 15:36:59,ACTIVE
1118,820,157,4,2026-01-15 06:55:17,ACTIVE
1119,679,172,1,2026-01-07 19:47:25,ACTIVE
1120,935,212,1,2026-01-16 18:14:49,ACTIVE
1121,493,175,2,2026-01-18 00:09:42,ACTIVE
1122,937,47,4,2026-01-15 11:56:27,ACTIVE
1123,1795,7,3,2026-01-07 16:32:46,ACTIVE
1124,1816,111,3,2026-01-11 01:34:56,ACTIVE
1125,1378,110,3,2026-01-01 02:02:41,ACTIVE
1126,654,256,2,2026-01-22 00:49:28,ACTIVE
1127,1536,86,1,2026-01-04 07:05:45,ACTIVE
1128,576,75,2,2026-01-13 06:30:25,ACTIVE
1129,1779,189,1,2026-01-15 15:07:13,ACTIVE
1130,1001,277,2,2026-01-29 17:30:40,ACTIVE
1131,1183,81,1,2026-01-02 07:46:00,ACTIVE
1132,398,280,3,2026-01-23 00:28:46,ACTIVE
1133,19,3,3,2026-01-21 05:09:41,ACTIVE
1134,1799,23,4,2026-01-05 03:25:00,ACTIVE
1135,966,254,2,2026-01-13 22:42:56,ACTIVE
1136,215,31,2,2026-01-22 20:01:58,ACTIVE
1137,1370,219,2,2026-01-17 13:00:32,ACTIVE
1138,1735,225,2,2026-01-03 19:28:57,ACTIVE
1139,635,128,2,2026-01-17 13:38:03,ACTIVE
1140,317,142,2,2026-01-17 23:37:10,ACTIVE
1141,1678,10,4,2026-01-08 15:36:07,ACTIVE
1142,1477,175,4,2026-01-04 15:15:23,ACTIVE
1143,1621,136,1,2026-01-30 00:30:48,ACTIVE
1144,1552,32,1,2026-01-19 06:23:34,ACTIVE
1145,37,126,2,2026-01-12 21:48:39,ACTIVE
1146,1549,190,1,2026-01-03 07:12:51,ACTIVE
1147,1533,260,1,2026-01-24 17:36:55,ACTIVE
1148,1135,16,3,2026-01-26 15:15:07,ACTIVE
1149,421,274,1,2026-01-12 10:50:31,ACTIVE
1150,1817,76,1,2026-01-07 01:51:52,ACTIVE
1151,1653,277,1,2026-01-20 07:34:58,ACTIVE
1152,1062,222,1,2026-01-01 12:18:11,ACTIVE
1153,1626,66,4,2026-01-26 19:37:15,ACTIVE
1154,164,94,4,2026-01-17 10:48:26,ACTIVE
1155,1448,110,1,2026-01-04 02:03:43,ACTIVE
1156,326,210,1,2026-01-02 19:48:55,ACTIVE
1157,704,157,4,2026-01-13 06:41:50,ACTIVE
1158,78,44,3,2026-01-23 11:30:54,ACTIVE
1159,1328,24,2,2026-01-02 02:03:35,ACTIVE
1160,133,62,4,2026-01-07 00:48:16,ACTIVE
1161,1107,2,4,2026-01-26 21:06:33,ACTIVE
1162,100,237,2,2026-01-01 22:05:33,ACTIVE
1163,1739,19,1,2026-01-04 06:14:45,ACTIVE
1164,755,93,2,2026-01-15 15:35:30,ACTIVE
1165,638,233,1,2026-01-11 10:54:26,ACTIVE
1166,492,23,2,2026-01-15 13:59:27,ACTIVE
1167,1220,273,2,2026-01-28 12:35:36,ACTIVE
1168,158,68,3,2026-01-22 07:50:31,ACTIVE
1169,172,220,3,2026-01-24 12:48:35,ACTIVE
1170,403,16,3,2025-12-31 20:19:03,ACTIVE
1171,170,7,2,2026-01-11 08:23:12,ACTIVE
1172,55,149,3,2026-01-30 04:36:39,ACTIVE
1173,244,237,1,2026-01-07 18:06:57,ACTIVE
1174,1657,140,2,2026-01-28 01:14:47,ACTIVE
1175,1361,236,3,2026-01-18 23:20:23,ACTIVE
1176,128,40,4,2026-01-24 15:19:05,ACTIVE
1177,38,266,3,2026-01-08 11:09:00,ACTIVE
1178,1236,149,1,2026-01-08 22:05:23,ACTIVE
1179,353,115,2,2026-01-16 21:43:08,ACTIVE
1180,1622,8,1,2026-01-17 12:17:27,ACTIVE
1181,1663,116,1,2026-01-24 05:42:10,ACTIVE
1182,722,201,4,2026-01-26 00:56:00,ACTIVE
1183,1330,175,3,2026-01-15 01:34:00,ACTIVE
1184,1078,18,2,2026-01-29 20:02:44,ACTIVE
1185,1824,89,1,2026-01-24 22:42:40,ACTIVE
1186,646,119,3,2026-01-24 09:35:14,ACTIVE
1187,1157,105,3,2026-01-14 05:22:08,ACTIVE
1188,725,251,3,2026-01-26 05:56:17,ACTIVE
1189,195,163,4,2026-01-20 23:25:41,ACTIVE
1190,129,7,2,2026-01-10 03:38:55,ACTIVE
1191,1106,3,1,2026-01-08 04:45:18,ACTIVE
1192,744,103,4,2026-01-18 22:58:12,ACTIVE
1193,985,220,4,2026-01-06 03:38:46,ACTIVE
1194,1230,258,3,2026-01-30 06:47:39,ACTIVE
1195,1430,63,3,2026-01-12 03:32:58,ACTIVE
1196,707,170,3,2026-01-18 22:30:43,ACTIVE
1197,1402,178,2,2026-01-02 20:33:02,ACTIVE
1198,971,152,4,2026-01-13 09:53:33,ACTIVE
1199,551,103,4,2026-01-03 10:28:45,ACTIVE
1200,1332,17,2,2026-01-25 21:34:38,ACTIVE
1201,903,11,2,2026-01-30 15:04:47,ACTIVE
1202,179,126,3,2026-01-30 16:06:51,ACTIVE
1203,855,95,1,2026-01-25 09:42:15,ACTIVE
1204,1138,185,3,2026-01-14 23:14:28,ACTIVE
1205,571,194,4,2026-01-22 17:31:37,ACTIVE
1206,1825,47,2,2026-01-01 18:50:41,ACTIVE
1207,1625,24,2,2026-01-26 17:20:30,ACTIVE
1208,693,107,3,2026-01-08 02:52:20,ACTIVE
1209,1368,45,4,2026-01-06 03:06:01,ACTIVE
1210,370,70,1,2026-01-05 07:34:39,ACTIVE
1211,1590,254,3,2026-01-05 18:37:52,ACTIVE
1212,48,285,1,2026-01-21 18:50:36,ACTIVE
1213,967,46,3,2026-01-21 11:34:25,ACTIVE
1214,821,201,1,2026-01-07 19:47:34,ACTIVE
1215,1099,186,3,2026-01-09 16:44:28,ACTIVE
1216,204,74,1,2026-01-10 14:51:05,ACTIVE
1217,356,90,4,2026-01-08 14:09:29,ACTIVE
1218,299,100,3,2026-01-12 22:03:28,ACTIVE
1219,871,119,1,2026-01-04 08:24:29,ACTIVE
1220,623,118,4,2026-01-04 04:08:52,ACTIVE
1221,329,266,1,2026-01-21 21:54:44,ACTIVE
1222,751,61,4,2026-01-10 13:41:15,ACTIVE
1223,1224,117,3,2026-01-11 03:13:09,ACTIVE
1224,828,222,3,2026-01-09 13:07:31,ACTIVE
1225,454,249,2,2026-01-16 05:52:26,ACTIVE
1226,180,192,3,2026-01-12 22:30:32,ACTIVE
1227,127,236,4,2026-01-29 17:31:07,ACTIVE
1228,939,79,4,2026-01-24 06:21:16,ACTIVE
1229,1529,292,3,2026-01-06 18:24:00,ACTIVE
1230,1133,137,3,2026-01-10 17:31:57,ACTIVE
1231,1631,278,2,2026-01-25 16:19:11,ACTIVE
1232,1422,275,4,2026-01-19 12:17:16,ACTIVE
1233,1612,85,4,2026-01-19 20:47:44,ACTIVE
1234,1303,226,3,2026-01-30 02:13:29,ACTIVE
1235,439,208,1,2026-01-23 19:01:19,ACTIVE
1236,1568,66,4,2026-01-14 22:08:55,ACTIVE
1237,669,269,3,2026-01-09 23:34:52,ACTIVE
1238,675,129,2,2026-01-16 18:32:22,ACTIVE
1239,1480,123,1,2026-01-13 12:28:37,ACTIVE
1240,1765,208,4,2026-01-30 03:14:14,ACTIVE
1241,991,81,3,2026-01-19 20:41:13,ACTIVE
1242,117,57,1,2026-01-10 07:00:40,ACTIVE
1243,1338,30,3,2026-01-26 12:18:20,ACTIVE
1244,709,159,3,2026-01-05 09:32:05,ACTIVE
1245,438,154,1,2026-01-16 02:08:28,ACTIVE
1246,1470,124,4,2026-01-05 05:33:14,ACTIVE
1247,1737,286,1,2026-01-26 23:39:40,ACTIVE
1248,1110,219,4,2026-01-12 09:21:02,ACTIVE
1249,1151,242,1,2026-01-15 22:34:30,ACTIVE
1250,309,200,3,2026-01-22 18:40:24,ACTIVE
1251,1651,131,2,2026-01-29 11:46:47,ACTIVE
1252,795,192,4,2026-01-04 06:24:23,ACTIVE
1253,363,47,4,2026-01-11 04:04:36,ACTIVE
1254,341,150,3,2026-01-19 19:02:02,ACTIVE
1255,1096,284,4,2026-01-28 08:42:05,ACTIVE
1256,632,289,4,2026-01-10 14:06:43,ACTIVE
1257,286,288,1,2026-01-08 23:53:35,ACTIVE
1258,409,2,4,2026-01-14 08:20:41,ACTIVE
1259,1154,1,3,2026-01-23 01:02:01,ACTIVE
1260,676,200,4,2026-01-10 13:42:33,ACTIVE
1261,1376,263,3,2026-01-02 12:29:37,ACTIVE
1262,986,189,3,2026-01-16 22:47:22,ACTIVE
1263,950,168,1,2026-01-26 09:17:50,ACTIVE
1264,717,54,2,2026-01-29 04:41:28,ACTIVE
1265,1697,112,3,2026-01-23 19:49:54,ACTIVE
1266,799,14,1,2026-01-16 20:23:33,ACTIVE
1267,691,19,2,2026-01-03 14:47:11,ACTIVE
1268,767,55,3,2026-01-05 07:56:21,ACTIVE
1269,641,255,1,2026-01-27 16:54:18,ACTIVE
1270,702,139,3,2025-12-31 19:51:14,ACTIVE
1271,1844,177,4,2026-01-23 10:02:37,ACTIVE
1272,205,188,2,2026-01-30 19:03:20,ACTIVE
1273,1067,12,4,2026-01-10 00:38:32,ACTIVE
1274,1103,64,3,2026-01-01 00:06:44,ACTIVE
1275,750,263,2,2026-01-25 02:48:23,ACTIVE
1276,447,117,4,2026-01-20 13:49:27,ACTIVE
1277,114,236,1,2026-01-19 10:28:30,ACTIVE
1278,1814,49,3,2026-01-04 21:33:55,ACTIVE
1279,558,126,3,2026-01-08 11:02:35,ACTIVE
1280,1670,48,4,2026-01-26 20:26:48,ACTIVE
1281,1385,189,1,2026-01-23 06:55:52,ACTIVE
1282,951,62,2,2026-01-12 21:49:18,ACTIVE
1283,934,195,4,2026-01-09 21:23:09,ACTIVE
1284,269,107,3,2026-01-28 17:27:04,ACTIVE
1285,249,15,1,2026-01-08 02:13:23,ACTIVE
1286,1446,148,1,2026-01-03 08:31:51,ACTIVE
1287,534,1,2,2026-01-27 16:20:41,ACTIVE
1288,430,115,1,2026-01-04 18:41:04,ACTIVE
1289,964,182,3,2026-01-11 16:24:07,ACTIVE
1290,844,161,2,2026-01-15 20:28:42,ACTIVE
1291,835,62,4,2026-01-07 11:20:37,ACTIVE
1292,688,78,1,2026-01-27 09:53:34,ACTIVE
1293,520,80,4,2026-01-25 09:29:10,ACTIVE
1294,132,230,1,2026-01-11 02:59:37,ACTIVE
1295,1216,103,2,2026-01-01 22:15:14,ACTIVE
1296,721,187,1,2026-01-04 05:28:37,ACTIVE
1297,1072,195,4,2026-01-18 19:12:50,ACTIVE
1298,1362,219,2,2026-01-06 10:29:10,ACTIVE
1299,1550,93,3,2026-01-18 03:47:56,ACTIVE
1300,457,187,4,2026-01-18 06:02:53,ACTIVE
1301,352,160,3,2026-01-19 14:07:39,ACTIVE
1302,395,210,1,2026-01-19 00:52:33,ACTIVE
1303,1796,186,3,2026-01-17 21:04:36,ACTIVE
1304,1786,109,1,2026-01-08 11:13:02,ACTIVE
1305,947,264,2,2026-01-15 04:04:42,ACTIVE
1306,761,59,1,2026-01-15 10:49:56,ACTIVE
1307,703,289,1,2026-01-17 19:36:19,ACTIVE
1308,1066,213,1,2026-01-21 20:24:53,ACTIVE
1309,567,102,3,2026-01-24 10:01:23,ACTIVE
1310,224,8,1,2026-01-23 11:54:25,ACTIVE
1311,735,127,2,2026-01-24 19:39:01,ACTIVE
1312,1763,84,3,2026-01-16 04:03:54,ACTIVE
1313,660,152,1,2026-01-08 15:34:29,ACTIVE
1314,658,104,1,2026-01-23 20:47:01,ACTIVE
1315,1325,101,4,2026-01-01 02:23:46,ACTIVE
1316,1247,60,2,2026-01-30 04:16:15,ACTIVE
1317,50,108,1,2026-01-22 15:49:42,ACTIVE
1318,586,105,1,2026-01-16 19:48:22,ACTIVE
1319,513,58,2,2026-01-01 12:42:06,ACTIVE
1320,51,240,4,2026-01-27 02:44:32,ACTIVE
1321,1132,284,3,2026-01-06 09:16:28,ACTIVE
1322,1655,265,2,2026-01-15 08:24:24,ACTIVE
1323,460,200,4,2026-01-14 02:05:12,ACTIVE
1324,529,264,1,2026-01-03 13:39:06,ACTIVE
1325,203,56,1,2026-01-10 02:47:08,ACTIVE
1326,441,11,3,2026-01-01 15:57:58,ACTIVE
1327,393,70,3,2026-01-08 08:04:35,ACTIVE
1328,81,281,4,2026-01-24 03:19:19,ACTIVE
1329,557,148,1,2026-01-29 15:55:11,ACTIVE
1330,778,227,3,2026-01-17 21:10:17,ACTIVE
1331,870,169,2,2026-01-11 00:29:32,ACTIVE
1332,1596,12,4,2026-01-20 22:28:50,ACTIVE
1333,502,278,2,2026-01-07 23:09:29,ACTIVE
1334,42,292,1,2026-01-05 06:36:53,ACTIVE
1335,1472,148,1,2026-01-16 06:05:56,ACTIVE
1336,1604,26,1,2026-01-14 16:35:37,ACTIVE
1337,1013,245,4,2026-01-27 14:58:48,ACTIVE
1338,1254,183,4,2026-01-01 19:57:53,ACTIVE
1339,1700,246,1,2026-01-20 09:31:01,ACTIVE
1340,621,189,4,2026-01-01 07:22:07,ACTIVE
1341,734,202,3,2026-01-16 10:13:19,ACTIVE
1342,1068,264,2,2026-01-13 18:25:38,ACTIVE
1343,1807,285,1,2026-01-07 07:17:12,ACTIVE
1344,350,155,1,2026-01-26 15:23:47,ACTIVE
1345,116,113,2,2026-01-07 15:27:49,ACTIVE
1346,1677,48,3,2026-01-30 10:40:25,ACTIVE
1347,1574,59,3,2026-01-18 12:35:27,ACTIVE
1348,1287,245,3,2026-01-24 10:52:45,ACTIVE
1349,394,260,2,2026-01-06 02:12:51,ACTIVE
1350,248,201,1,2026-01-26 12:06:22,ACTIVE
1351,862,77,4,2026-01-28 00:08:46,ACTIVE
1352,1637,140,1,2026-01-14 18:31:19,ACTIVE
1353,1507,220,2,2026-01-22 22:49:59,ACTIVE
1354,1481,4,2,2026-01-28 21:24:58,ACTIVE
1355,501,261,4,2026-01-06 19:59:05,ACTIVE
1356,207,296,2,2026-01-14 01:50:47,ACTIVE
1357,1664,299,3,2026-01-17 11:40:03,ACTIVE
1358,1319,226,3,2026-01-06 18:00:32,ACTIVE
1359,1523,12,1,2026-01-24 21:48:40,ACTIVE
1360,1217,83,3,2026-01-07 14:56:54,ACTIVE
1361,418,289,1,2026-01-08 19:53:55,ACTIVE
1362,1514,169,1,2026-01-14 22:45:43,ACTIVE
1363,1354,227,4,2025-12-31 21:54:40,ACTIVE
1364,463,211,2,2026-01-18 10:24:37,ACTIVE
1365,246,84,2,2026-01-15 09:04:13,ACTIVE
1366,1788,28,1,2026-01-03 23:05:00,ACTIVE
1367,354,135,1,2026-01-19 06:16:20,ACTIVE
1368,267,163,1,2026-01-02 07:21:51,ACTIVE
1369,1111,130,4,2026-01-14 07:06:57,ACTIVE
1370,1279,155,1,2026-01-06 11:18:57,ACTIVE
1371,1619,146,4,2026-01-16 14:44:12,ACTIVE
1372,1594,164,4,2026-01-23 20:15:03,ACTIVE
1373,141,120,2,2026-01-26 09:17:45,ACTIVE
1374,539,74,2,2026-01-29 05:45:25,ACTIVE
1375,467,182,3,2026-01-23 15:38:48,ACTIVE
1376,402,211,4,2026-01-16 11:57:45,ACTIVE
1377,648,239,2,2026-01-19 05:51:07,ACTIVE
1378,1095,62,2,2026-01-01 01:40:46,ACTIVE
1379,992,182,4,2025-12-31 20:50:52,ACTIVE
1380,380,246,3,2026-01-18 05:43:04,ACTIVE
1381,1090,169,1,2026-01-25 13:05:50,ACTIVE
1382,347,51,3,2026-01-01 14:52:03,ACTIVE
1383,1769,167,4,2026-01-04 15:53:55,ACTIVE
1384,517,158,4,2026-01-14 16:24:18,ACTIVE
1385,410,226,2,2026-01-17 10:31:25,ACTIVE
1386,242,101,4,2026-01-22 14:29:19,ACTIVE
1387,138,191,4,2026-01-07 17:14:45,ACTIVE
1388,1380,199,1,2026-01-03 01:43:02,ACTIVE
1389,1290,114,1,2026-01-07 03:12:58,ACTIVE
1390,1349,78,4,2026-01-28 03:55:33,ACTIVE
1391,190,1,4,2026-01-08 16:30:59,ACTIVE
1392,16,143,1,2026-01-27 18:24:00,ACTIVE
1393,342,291,3,2026-01-08 18:32:59,ACTIVE
1394,574,146,1,2026-01-22 07:32:56,ACTIVE
1395,854,128,2,2026-01-01 14:46:15,ACTIVE
1396,1028,16,3,2026-01-20 15:35:28,ACTIVE
1397,1526,17,4,2026-01-14 09:25:26,ACTIVE
1398,1775,91,4,2026-01-10 19:34:18,ACTIVE
1399,1808,21,1,2026-01-30 13:03:30,ACTIVE
1400,1442,238,2,2026-01-19 08:45:52,ACTIVE
1401,888,36,3,2026-01-06 05:20:38,ACTIVE
1402,236,9,2,2026-01-18 18:28:35,ACTIVE
1403,148,103,2,2026-01-06 03:25:44,ACTIVE
1404,678,278,1,2026-01-13 06:16:29,ACTIVE
1405,323,47,4,2026-01-16 16:26:18,ACTIVE
1406,1204,132,1,2026-01-04 15:09:29,ACTIVE
1407,1214,53,2,2026-01-13 20:19:32,ACTIVE
1408,1397,198,2,2026-01-09 20:17:01,ACTIVE
1409,368,25,1,2026-01-19 21:45:58,ACTIVE
1410,1038,189,2,2026-01-14 09:07:42,ACTIVE
1411,407,62,4,2026-01-12 03:03:37,ACTIVE
1412,4,46,4,2026-01-05 23:57:59,ACTIVE
1413,1666,170,3,2026-01-20 14:07:00,ACTIVE
1414,257,283,2,2026-01-05 09:46:45,ACTIVE
1415,200,298,2,2026-01-20 19:28:09,ACTIVE
1416,1645,78,2,2026-01-29 01:34:33,ACTIVE
1417,1409,191,1,2026-01-17 19:23:09,ACTIVE
1418,275,164,2,2026-01-14 00:42:43,ACTIVE
1419,948,182,1,2026-01-01 16:21:41,ACTIVE
1420,613,178,2,2026-01-14 20:02:43,ACTIVE
1421,583,87,1,2026-01-03 23:41:50,ACTIVE
1422,990,140,2,2026-01-26 10:14:25,ACTIVE
1423,650,232,3,2026-01-30 02:14:19,ACTIVE
1424,371,234,1,2026-01-06 04:23:53,ACTIVE
1425,936,287,3,2026-01-28 03:34:35,ACTIVE
1426,726,93,4,2026-01-19 16:29:25,ACTIVE
1427,568,142,3,2026-01-10 15:31:45,ACTIVE
1428,1520,297,3,2026-01-06 08:06:21,ACTIVE
1429,1166,168,4,2026-01-09 12:19:33,ACTIVE
1430,1391,20,3,2026-01-23 06:23:38,ACTIVE
1431,998,129,4,2026-01-06 12:59:57,ACTIVE
1432,754,244,2,2026-01-23 03:10:56,ACTIVE
1433,1097,35,1,2026-01-23 01:23:45,ACTIVE
1434,677,201,3,2026-01-16 08:36:52,ACTIVE
1435,58,281,2,2026-01-18 04:20:38,ACTIVE
1436,1,289,2,2026-01-28 07:25:52,ACTIVE
1437,666,160,1,2026-01-01 20:28:37,ACTIVE
1438,1352,126,1,2026-01-06 12:56:51,ACTIVE
1439,1260,10,2,2026-01-21 18:53:58,ACTIVE
1440,1144,145,4,2026-01-22 17:18:17,ACTIVE
1441,1797,49,1,2026-01-12 16:18:45,ACTIVE
1442,682,56,2,2026-01-26 18:22:58,ACTIVE
1443,608,167,3,2026-01-01 12:53:36,ACTIVE
1444,364,18,3,2026-01-27 18:47:43,ACTIVE
1445,372,88,1,2026-01-16 18:41:44,ACTIVE
1446,1822,282,3,2026-01-20 15:26:39,ACTIVE
1447,1803,254,4,2026-01-23 18:20:29,ACTIVE
1448,1580,90,1,2026-01-25 16:05:10,ACTIVE
1449,1363,220,4,2026-01-07 21:34:19,ACTIVE
1450,768,250,1,2026-01-06 22:35:49,ACTIVE
1451,1365,97,1,2026-01-02 08:25:21,ACTIVE
1452,860,94,1,2026-01-05 01:41:07,ACTIVE
1453,572,211,4,2026-01-05 19:05:39,ACTIVE
1454,49,261,4,2026-01-18 07:35:34,ACTIVE
1455,978,74,1,2026-01-07 12:37:33,ACTIVE
1456,1620,122,3,2026-01-09 08:29:40,ACTIVE
1457,1576,24,2,2026-01-06 16:40:25,ACTIVE
1458,912,190,4,2026-01-06 16:06:55,ACTIVE
1459,1058,280,3,2026-01-08 16:01:30,ACTIVE
1460,70,198,4,2026-01-21 12:59:00,ACTIVE
1461,45,149,1,2026-01-28 22:19:57,ACTIVE
1462,760,285,4,2026-01-27 15:42:30,ACTIVE
1463,225,257,4,2026-01-20 13:31:14,ACTIVE
1464,199,175,3,2026-01-25 15:15:46,ACTIVE
1465,829,167,2,2026-01-25 05:21:15,ACTIVE
1466,1061,17,4,2026-01-02 00:04:48,ACTIVE
1467,1750,138,4,2026-01-23 00:33:08,ACTIVE
1468,1410,39,4,2026-01-13 10:00:53,ACTIVE
1469,611,211,4,2026-01-19 05:44:50,ACTIVE
1470,60,45,4,2026-01-15 12:07:11,ACTIVE
1471,671,51,2,2026-01-11 03:31:34,ACTIVE
1472,1638,121,1,2026-01-10 15:53:08,ACTIVE
1473,895,26,1,2026-01-16 05:17:11,ACTIVE
1474,1054,279,2,2026-01-25 20:03:28,ACTIVE
1475,894,196,1,2026-01-15 23:20:42,ACTIVE
1476,1773,242,1,2026-01-14 23:36:04,ACTIVE
1477,422,53,1,2026-01-10 05:02:25,ACTIVE
1478,327,183,1,2026-01-07 23:04:41,ACTIVE
1479,105,123,2,2026-01-10 03:30:14,ACTIVE
1480,909,107,3,2026-01-26 08:53:40,ACTIVE
1481,790,99,1,2026-01-12 13:29:04,ACTIVE
1482,1053,262,2,2026-01-28 01:07:04,ACTIVE
1483,469,131,2,2026-01-12 22:04:59,ACTIVE
1484,1024,291,2,2026-01-06 18:11:21,ACTIVE
1485,1660,283,4,2026-01-02 04:52:52,ACTIVE
1486,905,202,4,2026-01-27 08:01:05,ACTIVE
1487,510,241,4,2026-01-20 10:25:28,ACTIVE
1488,245,262,1,2026-01-09 22:21:54,ACTIVE
1489,982,35,4,2026-01-13 17:08:09,ACTIVE
1490,771,94,3,2026-01-14 01:59:40,ACTIVE
1491,1401,187,1,2026-01-03 00:15:12,ACTIVE
1492,1259,82,2,2026-01-13 19:04:59,ACTIVE
1493,1266,248,1,2026-01-10 06:04:03,ACTIVE
1494,259,293,2,2026-01-08 22:22:51,ACTIVE
1495,1015,196,1,2026-01-07 07:29:41,ACTIVE
1496,573,93,1,2026-01-19 18:05:23,ACTIVE
1497,1710,193,3,2026-01-18 09:57:39,ACTIVE
1498,1371,158,1,2026-01-19 18:31:50,ACTIVE
1499,864,167,4,2026-01-05 06:52:29,ACTIVE
1500,1187,190,4,2026-01-04 13:10:22,ACTIVE
1501,920,229,3,2026-01-22 02:39:56,ACTIVE
1502,522,130,4,2026-01-12 15:50:34,ACTIVE
1503,291,40,3,2026-01-09 16:26:34,ACTIVE
1504,3,18,4,2026-01-26 01:36:56,ACTIVE
1505,61,93,1,2026-01-03 00:47:52,ACTIVE
1506,797,219,3,2026-01-13 13:51:38,ACTIVE
1507,901,213,3,2026-01-03 11:22:28,ACTIVE
1508,14,56,2,2026-01-10 20:50:55,ACTIVE
1509,476,245,2,2026-01-01 10:35:53,ACTIVE
1510,1649,142,2,2026-01-18 17:11:54,ACTIVE
1511,1693,297,1,2026-01-26 03:13:05,ACTIVE
1512,1794,99,4,2026-01-11 14:04:15,ACTIVE
1513,1059,259,1,2026-01-26 02:10:34,ACTIVE
1514,1431,185,1,2026-01-11 14:15:16,ACTIVE
1515,1206,53,2,2026-01-07 04:19:01,ACTIVE
1516,1318,223,3,2026-01-23 04:04:21,ACTIVE
1517,859,26,1,2026-01-12 18:17:45,ACTIVE
1518,1562,292,3,2026-01-05 03:56:27,ACTIVE
1519,659,108,4,2026-01-22 05:28:00,ACTIVE
1520,210,57,4,2026-01-15 00:25:43,ACTIVE
1521,1384,204,2,2026-01-08 01:48:16,ACTIVE
1522,157,255,3,2026-01-15 03:22:29,ACTIVE
1523,584,144,2,2026-01-08 10:59:04,ACTIVE
1524,1127,263,4,2025-12-31 21:06:09,ACTIVE
1525,1329,248,3,2026-01-08 19:11:37,ACTIVE
1526,1316,191,4,2026-01-03 09:58:36,ACTIVE
1527,503,267,3,2026-01-19 12:44:39,ACTIVE
1528,1249,36,4,2026-01-24 16:55:52,ACTIVE
1529,1168,255,2,2026-01-28 15:54:28,ACTIVE
1530,878,207,3,2026-01-24 12:07:28,ACTIVE
1531,867,264,3,2026-01-17 17:34:51,ACTIVE
1532,784,46,2,2026-01-30 12:40:13,ACTIVE
1533,753,128,4,2026-01-03 19:09:09,ACTIVE
1534,1682,7,1,2026-01-06 08:06:48,ACTIVE
1535,1177,173,3,2026-01-09 18:18:59,ACTIVE
1536,1034,213,2,2026-01-08 10:02:42,ACTIVE
1537,1466,213,4,2026-01-19 10:37:50,ACTIVE
1538,1326,183,1,2026-01-13 14:16:39,ACTIVE
1539,972,16,3,2026-01-06 01:05:20,ACTIVE
1540,1411,163,1,2026-01-23 12:18:15,ACTIVE
1541,1228,108,1,2026-01-05 11:38:59,ACTIVE
1542,943,115,2,2026-01-17 21:44:28,ACTIVE
1543,150,46,1,2026-01-14 22:50:45,ACTIVE
1544,1294,165,2,2026-01-06 03:22:41,ACTIVE
1545,926,233,4,2026-01-26 11:51:03,ACTIVE
1546,808,116,1,2026-01-22 07:16:11,ACTIVE
1547,490,92,4,2026-01-15 01:16:55,ACTIVE
1548,798,114,4,2026-01-01 20:25:00,ACTIVE
1549,874,191,4,2026-01-22 18:09:44,ACTIVE
1550,1695,90,4,2026-01-22 16:08:04,ACTIVE
1551,9,39,1,2026-01-09 17:18:36,ACTIVE
1552,1302,297,3,2026-01-09 22:11:53,ACTIVE
1553,445,68,2,2026-01-26 22:02:51,ACTIVE
1554,411,5,4,2026-01-25 11:29:03,ACTIVE
1555,1160,198,4,2026-01-22 20:53:55,ACTIVE
1556,832,185,4,2026-01-24 03:41:30,ACTIVE
1557,908,278,1,2026-01-16 02:36:05,ACTIVE
1558,88,32,3,2026-01-15 22:37:16,ACTIVE
1559,1667,73,2,2026-01-20 04:31:47,ACTIVE
1560,1161,158,3,2026-01-06 00:34:29,ACTIVE
1561,1084,44,1,2026-01-05 06:33:53,ACTIVE
1562,240,186,1,2026-01-20 09:11:48,ACTIVE
1563,1774,76,4,2026-01-07 00:50:24,ACTIVE
1564,1497,294,3,2026-01-13 19:39:15,ACTIVE
1565,1199,286,1,2026-01-10 17:49:18,ACTIVE
1566,538,22,2,2026-01-10 15:53:14,ACTIVE
1567,383,197,1,2026-01-22 22:00:56,ACTIVE
1568,925,170,3,2026-01-16 07:12:29,ACTIVE
1569,1119,270,4,2026-01-08 21:13:18,ACTIVE
1570,1709,128,2,2026-01-29 05:40:29,ACTIVE
1571,1801,31,1,2026-01-24 03:04:30,ACTIVE
1572,616,20,3,2026-01-28 00:59:23,ACTIVE
1573,453,217,3,2026-01-10 18:52:44,ACTIVE
